DocumentName,ReportDT,JurisdictionName,OccurDt,FraudEntity,State_County,PayerName,FraudAmt,SettlementAmt,JailTime,FraudType,FraudTypeAll,CaseStatus,SchemeSummary
2026-national-health-care-fraud-takedown_75fa07f25008.pdf,2026-06-23,"U.S. Attorney's Office, District of Puerto Rico",,Josué Saez Rodríguez (seller/distributor of unauthorized drug products); Chancey Irmaries Olmed Pérez (seller/distributor of unauthorized drug products); Carlos Andrés Rendón Bermúdez (performed dental procedures without a dental license); Jandiel Santos Rodríguez (Rendón Bermúdez's Puerto Rico representative/appointment coordinator),Puerto Rico - Comerío; Puerto Rico - San Lorenzo; Ohio - Franklin County (Columbus),,,,,FakeEncounter,FakeEncounter; other,charged,"Two separate indictments in Puerto Rico: Saez Rodríguez and Olmed Pérez allegedly advertised, sold and distributed drug products they were not authorized to possess or distribute (Semaglutide, Mounjaro, Tirzepatide and steroids), charged with wire fraud conspiracy and drug misbranding; separately, Rendón Bermúdez allegedly performed dental work (braces, whitening, cleanings, veneers, cavity work, tooth grinding, anesthesia, antibiotic prescriptions) without a dental license while Santos Rodríguez advertised the services on social media, booked appointments and falsely represented him as a licensed dentist."
3-85-million-settlement-of-case-against-labor-unions-for-improper-receipt-of-paycheck-protection-program-ppp-l_9d67a410c1ce.pdf,2026-07-27,"U.S. Attorney's Office, Southern District of New York",2020-04 to 2020-04,"International Union of Journeymen and Allied Trades (IUJAT) (labor union); United Service Workers Union, IUJAT National Union (USWU) (labor union); Home Healthcare Workers of America, IUJAT (HHWA) (labor union); Service Professionals Union Local 726 IUJAT (LOCAL 726) (labor union); United Welfare Fund - Welfare Division (UWF) (employee benefit plan)",New York - New York County (Manhattan),U.S. Small Business Administration (Paycheck Protection Program),3316966.0,3850000.0,,Falsify certificate,Falsify certificate; Ineligible borrower/program enrollment,civil settlement,"Between April 16 and April 20, 2020, four labor unions and an affiliated employee welfare benefit plan each submitted PPP loan applications falsely certifying eligibility under SBA rules, though as 501(c)(5) non-profits they were ineligible; they received $3,316,966 in total and obtained full loan forgiveness, despite prior warnings from an SBA regional employee and the AFL-CIO that unions were not eligible. The defendants collectively agreed to pay $3,850,000 to resolve False Claims Act allegations arising from a sealed qui tam suit joined by the government."
8-arrested-in-health-care-fraud-takedown-including-owners-of-hospices-that-billed-taxpayers-millions-of-dollar_bcae7a7bcc80.pdf,2026-04-02,"U.S. Attorney's Office, Central District of California",2010-01 to 2025-09,"Lolita Beronilla Minerd, a.k.a. Lolita Beronilla Rice (licensed vocational nurse, owner/operator of Topanga Hospice Care Inc.); Gladwin Gill (purported psychologist, co-owner of 626 Hospice Inc. dba St. Francis Palliative Care); Amelou Gill (registered nurse, co-owner of 626 Hospice Inc.); Nita Almuete Paddit Palma (excluded de facto owner of One Up Hospice Care Inc., Rosewood Hospice and Palliative Care Inc., Advance Hospice and Palliative Care Inc.); Adolfo Cezar Catbagan (nominal owner/CEO of the three hospices); Evelyn Tindimubona (licensed vocational nurse, operator of Comfort Choice Hospice Inc.); Ivan Verne Lauritzen (CEO/CFO of Valley Pacific Hospice Inc.); Tolu Aulava-Moala (director of Ohana Wellness Center, Ohana Management Corp., R3New Wellness, One Life Acupuncture APC); John Nicola (licensed chiropractor); Crysta Richter (owner of medical billing company); John Keohuloa; Gregory Cartmell (licensed chiropractor); Vincent Surace (co-conspirator chiropractor whose billing ID was used); Sonia Griffen (owner of Bee Well Holistic Wellness Center); Young Joo Ko","California - Los Angeles County (Los Angeles, Artesia, Glendale, Tarzana, Chatsworth, Covina, Carson, Torrance, El Segundo, Long Beach, Lakewood); California - Orange County (Anaheim, Huntington Beach); California - Ventura County (Simi Valley); Idaho - Coeur d'Alene",Medicare; International Longshore and Warehouse Union Pacific Maritime Association (ILWU-PMA) health plan; other private health insurers,50000000.0,,,FakeEncounter,FakeEncounter; Phantom Claims; kickback_Bribery For Referral; Falsify certificate; Ineligible provider enrollment; Money laundering of proceeds,charged,"Coordinated takedown of eight defendants across several related schemes totaling more than $50 million in intended losses: hospice operators (Minerd, $9.17M billed/$8.51M paid; the Gills, $5.2M billed/$4M paid; Palma and Catbagan, $4.8M billed/$4.2M paid; Tindimubona, $3.8M billed/$3.4M paid; Lauritzen, $580K billed/$526K paid) enrolled Medicare beneficiaries who were not terminally ill, paid cash kickbacks to beneficiaries and marketers for referrals, billed for services never provided or not medically necessary, used a nominee owner to hide an excluded operator, and forged a physician signature on Medicare enrollment forms; separately, chiropractic/physical-therapy defendants billed the ILWU-PMA union health plan and other private insurers for unneeded or non-existent services using fake chart notes and other providers' names and IDs to evade terminations (Aulava-Moala group $19M; Cartmell/Surace $9.14M billed/$6.43M paid; Griffen $4.9M billed/$2.5M paid), plus a defendant who fabricated immigration medical exam forms posing as a nurse or doctor."
addiction-recovery-care-and-affiliates-agree-to-pay-16-2-million-civil-judgment-to-resolve-medicaid-fraud-alle_eb4abafca949.pdf,2026-07-27,"U.S. Attorney's Office, Eastern District of Kentucky",2018-01 to 2024-12,"Addiction Recovery Care, LLC (drug rehabilitation provider); Pioneer Health Group, LLC (affiliate); Science Hill Family Care, LLC (affiliate)",Kentucky - statewide (headquartered in Louisa),Kentucky Medicaid,,16205774.0,,Upcoding,Upcoding; Falsify certificate; Unbundling,civil settlement,"ARC and affiliates allegedly billed Kentucky Medicaid for behavioral health services (psychotherapy, psychiatric evaluations, mental health assessments) delivered by lower-level workers but coded as if furnished by higher-licensed clinicians, and billed group therapy as higher-paying individual therapy; affiliates also billed duplicate office visits, visits already covered by an inclusive per diem rate, and care management services by uncredentialed staff. Resolved by a $16,205,774.05 civil judgment following a 2023 qui tam suit by employees."
adult-day-care-owner-pleads-guilty-to-500-000-medicare-fraud-scheme_903a3e60e0ce.pdf,2026-07-27,"U.S. Department of Justice, Criminal Division, Fraud Section",,Yolanda Matthews (owner of adult day care center),Michigan - Oakland County (Farmington Hills),Medicare,539000.0,,,Phantom Claims,Phantom Claims; Falsify certificate,pleaded guilty,"Owner of an adult day care center billed Medicare over $539,000 for psychotherapy services never provided, including claims for beneficiaries who were hospitalized elsewhere or already deceased, and forged claims in the names of social workers no longer employed there."
adult-day-care-provider-accused-of-1-47-million-missouri-medicaid-fraud_8655e38a91b2.pdf,2026-07-30,"U.S. Attorney's Office, Eastern District of Missouri",2021-02 to 2026-03,Tony King (operator of Agape Love Adult Day Care LLC); Agape Love Adult Day Care LLC,Missouri - St. Louis County,Missouri Medicaid (Adult Day Care Waiver program),1470000.0,,,Phantom Claims,Phantom Claims; Upcoding,charged,"King allegedly billed Missouri Medicaid's Adult Day Care Waiver program for 10 hours of daily care when Agape Love Adult Day Care provided only about half that, and submitted claims for day care services for patients who were absent or hospitalized, totaling $1.47 million in false claims."
advanced-urology-and-jitesh-patel-will-pay-14-million-to-settle-false-claims-act-case-involving-allegations-of_c77373e0fcc8.pdf,2026-04-02,"U.S. Attorney's Office, Northern District of Georgia",,"Jitesh Patel, M.D. (physician/owner); Advanced Urology, Inc. and affiliated companies",Georgia,Medicare; Georgia Medicaid; TRICARE; Department of Veterans Affairs,,14000000.0,,FakeEncounter,FakeEncounter; Phantom Claims; Upcoding,civil settlement,"Whistleblowers alleged the urology practice maximized revenue by performing and billing federal health care programs for medically unnecessary procedures - permanent sacral nerve stimulator implants without trial testing, cystoscopy/retrograde pyelograms, electromyography on nearly every new patient, and thousands of ultrasounds - and by billing for Direct Visual Internal Urethrotomy procedures that were never performed when only a simpler urethral dilation was done. Settled for $14 million, of which relators receive $2,940,000."
aetna-agrees-to-pay-117-7-million-to-resolve-allegations-that-it-violated-the-false-claims-act-by-submitting-o_cd3e75ee062f.pdf,2026-03-10,"U.S. Attorney's Office, Eastern District of Pennsylvania",2015 to 2023,Aetna Inc. (Medicare Advantage Organization / national insurer),Pennsylvania - Philadelphia,Medicare (Medicare Advantage / Part C),,117700000.0,,Upcoding,Upcoding; Falsify certificate,civil settlement,"Aetna allegedly used a one-sided 'chart review' program for payment year 2015 to add unsupported risk-adjustment diagnosis codes to CMS for Medicare Advantage enrollees while declining to delete codes its own reviews failed to substantiate ($106.2M), and for payment years 2018-2023 submitted or failed to delete morbid-obesity diagnosis codes for beneficiaries whose recorded BMI did not support that diagnosis ($11.5M), inflating capitated risk-adjusted payments; resolved via a $117.7M FCA settlement including a $2,012,500 whistleblower share."
aetna-agrees-to-pay-117-7-million-to-resolve-false-claims-act-allegations_8b5b9585d934.pdf,2026-03-11,"U.S. Department of Justice — Civil Division; U.S. Attorney's Office, Eastern District of Pennsylvania",2015 to 2023,Aetna Inc. (Medicare Advantage Organization / national insurer),Pennsylvania,"Medicare (Medicare Advantage / Part C, CMS)",,117700000.0,,Upcoding,Upcoding; Falsify certificate,civil settlement,"Aetna allegedly submitted and failed to withdraw inaccurate, unsupported diagnosis codes for Medicare Advantage enrollees to inflate CMS risk-adjustment capitation payments: for payment year 2015 it used chart-review results only to add revenue-generating codes while ignoring chart reviews that failed to substantiate previously submitted codes (which would have required repayment), and for payment years 2018-2023 it submitted or retained morbid-obesity diagnosis codes for beneficiaries whose recorded BMI did not support the diagnosis, while falsely certifying the data's accuracy. Resolved via $117.7 million settlement, including a qui tam suit whose relator receives $2,012,500."
ahold-delhaize-usa-inc-to-pay-40m-for-allegedly-reporting-inflated-drug-prices-on-claims-to-federal-healthcare_1aa12107a07c.pdf,2026-06-10,"U.S. Department of Justice, Civil Division and U.S. Attorney's Office for the Western District of Pennsylvania",,"Ahold Delhaize USA Inc. (supermarket chain operator of in-store retail pharmacies, including Giant, Hannaford, Stop & Shop, and Food Lion)",Massachusetts - Quincy (headquarters); Pennsylvania (Western District),Medicare Part D; Medicaid (federal and participating state programs); TRICARE,,40000000.0,,Inflated usual and customary price reporting,Inflated usual and customary price reporting,civil settlement,"Ahold Delhaize's in-store pharmacies ran prescription savings programs giving enrolled members discounted drug prices, but allegedly did not report those discounted prices as their 'usual and customary' prices on claims to Medicare Part D, Medicaid and TRICARE; because U&C prices act as ceiling prices in the payment formulas, the programs paid inflated amounts. Resolved for $40 million ($32.9 million federal share) following a pharmacist's qui tam suit, with the relator receiving $6,083,587."
alabama-doctor-sentenced-to-over-one-year-in-prison-for-2-7-million-telemedicine-health-care-fraud-scheme_5640247d9adc.pdf,2026-03-23,"U.S. Attorney's Office, District of Massachusetts",2018-12 to 2021-03,Tommie Robinson (Alabama-based doctor),Alabama; Massachusetts - Suffolk County (Boston),Medicare,2700000.0,2784733.0,16,Falsify certificate,Falsify certificate; FakeEncounter,sentenced,"Robinson signed pre-populated doctors' orders generated from telemarketing calls to Medicare beneficiaries, without contacting them or establishing a provider-patient relationship; DME suppliers and genetic testing laboratories then used those signed orders to submit over $2.7 million in medically unnecessary claims to Medicare."
american-health-companies-dba-american-health-partners-agrees-to-pay-over-two-million-dollars-to-resolve-false_bf7bce23e890.pdf,2026-03-30,"U.S. Attorney's Office, Middle District of Tennessee",2019 to 2024,"American Health Companies, LLC, dba American Health Partners (nursing home owner/operator); Lewis County Nursing and Rehabilitation, LLC, dba AHC Lewis County (131-bed nursing facility subsidiary)",Tennessee - Lewis County (Hohenwald),Medicare; Medicaid (TennCare),,2090309.0,,other,other; FakeEncounter,civil settlement,"AHC Lewis County allegedly billed Medicare and TennCare for nursing home services that were grossly substandard or worthless - failing to provide proper wound care, infection control, fall protection, and prevention of weight loss and loss of range of motion, and overprescribing antipsychotics - while collecting full payment; AHP agreed to pay $2,090,309 ($1,196,074 federal, $894,235 to Tennessee)."
amerisourcebergen-subsidiary-agrees-to-pay-1-million-for-allegedly-paying-kickbacks-to-health-care-providers-a_e608cd6a424d.pdf,2026-03-06,"U.S. Attorney's Office, District of Massachusetts",2012-01 to 2022-09,"ASD Specialty Healthcare, LLC d/b/a Oncology Supply Company (specialty pharmaceutical distributor, subsidiary of Cencora, Inc., f/k/a AmerisourceBergen Corporation); International Oncology Network (ION) (Cencora subsidiary)",Massachusetts - Suffolk County (Boston),Medicare; Medicaid,,1000000.0,,kickback_Bribery For Referral,kickback_Bribery For Referral,civil settlement,"ASD/Oncology Supply and affiliate ION provided health care providers and medical practice executives with meals and alcohol at high-end restaurants, golf rounds, and outings at bars and nightclubs (sometimes covering spouses' expenses), at Large Practice Program conferences and outside them, to induce purchases of specialty pharmaceutical products; the government alleged this caused physicians to submit kickback-tainted claims to Medicare and Medicaid. Resolved for $1 million under the False Claims Act following a qui tam suit, with the relator receiving 17.5%."
amtrak-employees-admit-participating-in-11-million-health-care-fraud-scheme_1fd11489df55.pdf,2026-01-22,"U.S. Attorney's Office, District of New Jersey",2019-01 to 2022-06,Timothy Bogen (Amtrak employee); Quinton Johnson (Amtrak employee); Gregory Richardson (Amtrak employee); Dion Jacob (Amtrak employee); Kevin Frink (Amtrak employee); Michael Toal (Amtrak employee); David McBrien (Amtrak employee); Damany Walker (Amtrak employee); David Lonergan (Amtrak employee); Rodolfo Rivera (Amtrak employee); Punson Figueroa (acupuncturist); Michael DeNicola (podiatrist),New Jersey,Amtrak employee health care plan,11000000.0,,34,kickback_Bribery For Referral,kickback_Bribery For Referral; Phantom Claims; FakeEncounter,pleaded guilty,"Ten Amtrak employees accepted thousands of dollars in cash kickbacks from health care providers (including an acupuncturist and a podiatrist) in exchange for allowing their Amtrak employee health insurance plan to be billed for services that were never rendered and were not medically necessary; the plan paid over $11 million in fraudulent claims tied to the providers. Figures span multiple defendants; four employees received two years' probation, and provider Punson Figueroa was sentenced to 34 months in prison, with other sentencings pending."
anchorage-doctor-sentenced-to-prison-for-multi-million-dollar-health-care-fraud-and-tax-evasion_99681d2665d6.pdf,2026-03-18,"U.S. Department of Justice, Criminal Division and U.S. Attorney's Office, District of Alaska",2009 to 2024,"Dr. Claribel Tan (rheumatologist, clinic owner); Daniel Tan (office manager, husband)",Alaska - Anchorage,More than 10 health insurance plans (not individually named),12500000.0,18500000.0,78,Phantom Claims,Phantom Claims; Upcoding; Tax evasion,sentenced,"Over 15 years the Tans billed insurance plans for 4,829 units of injectable rheumatology medications while purchasing only 369 units, secretly injecting patients with free samples, expired drugs or substitute medications, and also billed for office visits of exaggerated length and services never provided; they then overstated clinic expenses on 2014, 2015 and 2017 tax returns and failed to file returns for 2018-2021, costing the IRS over $4.2 million. Claribel Tan received 78 months; Daniel Tan received 3 years' probation with 2 years home confinement, and figures (including $10.4M forfeited, $6.3M paid toward restitution and $1.8M FCA civil settlement) span both defendants."
anchorage-doctor-sentenced-to-prison-in-multi-million-dollar-health-care-tax-fraud-schemes_259e75dc37e0.pdf,2026-03-17,"U.S. Attorney's Office, District of Alaska",2009 to 2024,"Dr. Claribel Tan (rheumatologist, clinic owner); Daniel Tan (husband, clinic office/management worker)",Alaska - Anchorage,TRICARE; more than 10 other health insurance plans,12500000.0,18500000.0,78,Phantom Claims,Phantom Claims; Upcoding; Tax evasion,sentenced,"At their Anchorage rheumatology clinic the Tans billed TRICARE and more than 10 insurance plans for 4,829 units of injectable biologic medications while purchasing only 369 units, secretly underdosing patients, substituting free samples, expired drugs, or medication bought for other patients; they also billed for longer office visits and services never provided, and overstated clinic drug expenses on 2014, 2015 and 2017 tax returns while failing to file 2018-2021 returns, causing a $4.2 million IRS loss. Figures cover both defendants: Dr. Tan received 78 months in prison, Daniel Tan three years' probation, and together they forfeited $10.4 million in seized proceeds, paid $6.3 million toward restitution and $1.8 million to settle False Claims Act civil claims."
another-member-of-notorious-philadelphia-10th-and-o-crew-sentenced-to-60-months-for-opioid-drug-conspiracy_628da07b8d8d.pdf,2026-05-12,"U.S. Department of Justice, Criminal Division (National Fraud Enforcement Division/Fraud Section); U.S. District Court for the District of New Jersey",2019-07 to 2024-07,Michael Emma (member of the '10th and O Crew'); Michael Procopio (crew leader); Frank Procopio (crew leader),Pennsylvania - Philadelphia County (South Philadelphia),,,,72,Prescription drug diversion,Prescription drug diversion,sentenced,"Emma obtained prescription oxycodone pills from area doctors' offices and, with co-conspirators of South Philadelphia's '10th and O Crew,' sold them in shifts out of a 24-hour restaurant; law enforcement made a controlled buy from a co-conspirator who was then observed counting the proceeds with Emma. Emma received 60 months; co-conspirator leaders Michael and Frank Procopio received 72 months and 57 months respectively."
appleton-clinic-to-pay-over-380-000-to-resolve-false-claims-act-allegations-relating-to-the-marketing-and-use-_6f2edf7cafc1.pdf,2026-04-17,"U.S. Attorney's Office, Eastern District of Wisconsin",,"Apple Medical Clinic; Dr. Michael Johnson (principal, and national distributor of the RST Sanexas device)",Wisconsin - Outagamie County (Appleton),Medicare,,382362.0,,FakeEncounter,FakeEncounter; other,civil settlement,"Clinic and its physician billed Medicare for electrical muscle stimulation using the RST Sanexas neoGEN device combined with vitamin blend injections and ancillary services such as epidermal nerve fiber density testing that were not medically reasonable or necessary and excluded from Medicare coverage under NCD 160.7.1; the doctor also marketed the device for indications outside its FDA clearance and advertised the treatments as Medicare-billable. Settlement of $382,362.95 (based on ability to pay) comprises a $175,000 payment plus CMS retention of $207,362.95."
aprn-charged-with-defrauding-connecticuts-medicaid-program_774a21dd15ec.pdf,2026-05-22,"U.S. Attorney's Office, District of Connecticut",2022-01 to 2025-08,"Marisol Rodriguez, also known as Marisol Colon (Advanced Practice Registered Nurse)",Connecticut - Hartford County (Newington),Medicaid (Connecticut Medical Assistance Program / HUSKY),1350000.0,,,Phantom Claims,Phantom Claims; FakeEncounter,charged,"An APRN allegedly submitted more than 15,000 Connecticut Medicaid claims totaling over $1.35 million for medication management services never provided - including for patients who had stopped seeing her months or years earlier, patients who were hospitalized, incarcerated or deceased, and for periods when she was working full-time elsewhere or collecting unemployment; her billings ranked first among a peer group of 116 APRNs."
arizona-cardiology-group-to-pay-4-75m-to-resolve-allegations-of-unnecessary-vein-ablations_cc5a227918f4.pdf,2026-03-12,"U.S. Department of Justice, Civil Division, Commercial Litigation Branch, Fraud Section; U.S. Attorney's Office, District of Arizona",2017-01 to 2022-04,"Tri-City Cardiology, P.C. (physician group); Dr. Jaskamal Kahlon (physician); Dr. Joshua D. Cohen (physician); Dr. M. Joshua Berkowitz (physician)",Arizona - Phoenix metro area (Maricopa County),Medicare,,4750000.0,,FakeEncounter,FakeEncounter; Falsify certificate,civil settlement,"The cardiology group and three physicians allegedly billed federal health programs for medically unnecessary ablations of perforator veins that did not meet accepted treatment criteria, and knowingly mismeasured or misdocumented reflux duration, vein diameter, patient symptoms and conservative therapy in medical records to make the procedures appear justified; resolved for $4.75 million across all defendants."
arizona-surgical-hospital-agrees-to-pay-5-6m-to-resolve-alleged-false-claims-act-violations_d0a66d8b239f.pdf,2026-02-24,"U.S. Department of Justice, Civil Division, Commercial Litigation Branch, Fraud Section",2011 to 2018,Southwest Orthopedic and Spine Hospital LLC d/b/a OASIS Hospital (surgical hospital); United Surgical Partners International Inc. (USPI); Dignity/USP Phoenix Surgery Centers LLC,Arizona - Maricopa County (Phoenix),Medicare,,5600000.0,,kickback_Bribery For Referral,kickback_Bribery For Referral,civil settlement,"OASIS Hospital allegedly made improper financial contributions - in the form of interest payments on convertible bonds issued to Southwest Orthopedic and Spine Hospital Physicians Group - to a physician group that referred patients to the hospital, and then billed federal health care programs for the referred services in violation of the Anti-Kickback Statute and Stark Law. USPI disclosed the arrangements after a 2019 internal compliance review; the $5.6 million settlement covers all three entities."
arkansas-pathology-laboratory-and-its-owners-pay-30m-to-settle-allegations-of-kickbacks-and-unnecessary-medica_07614d6737be.pdf,2026-06-17,"U.S. Department of Justice, Civil Division, and U.S. Attorney's Office, Eastern District of Arkansas (U.S. District Court for the Eastern District of Arkansas); U.S. Attorney's Office, Western District of Pennsylvania",2015-01 to 2022-07,Advanced Pathology Solutions PLLC (formerly Advanced Pathology Solutions LLC) (anatomic pathology laboratory); APS MSO LLC (management services organization); Kevin Hannah (owner/CEO); Donell Burkett (current or former owner); Daniel Hunter Pledger (current or former owner),Arkansas - North Little Rock (Pulaski County),Medicare; Medicaid,,30000000.0,,kickback_Bribery For Referral,kickback_Bribery For Referral; FakeEncounter,civil settlement,"APS set up and managed 'lean labs' inside gastroenterology practices nationwide, letting the practices bill for preparing and staining biopsy slides in exchange for exclusively referring slides to APS's North Little Rock lab for pathologist interpretation - alleged kickbacks under the AKS/FCA; APS also directed lean lab staff to automatically order 'special stains' before a pathologist reviewed the routine H&E stain, plus additional 'confirmatory' immunohistochemical tests, generating medically unnecessary claims to Medicare and Medicaid. The settlement also resolves allegations that APS and CEO Kevin Hannah paid Richard Sorgnard 4% volume-based commissions (Nov. 2018-Nov. 2020) to induce referrals for epidermal nerve fiber density testing. The $30 million is a total across APS entities and the three owners."
arkansas-woman-indicted-for-identity-theft-and-impersonating-a-registered-nurse-in-tennessee-as-part-of-the-na_13590c0f79ec.pdf,2026-06-23,"U.S. Attorney's Office, Western District of Tennessee",2020-09 to 2023-10,Heather May Wilbanks Greene (unlicensed individual posing as a registered nurse),"Tennessee; Arkansas (defendant of Lepanto, Arkansas)",,200000.0,,,Falsify certificate,Falsify certificate; FakeEncounter; other,charged,"Greene allegedly used the stolen license numbers of two licensed Tennessee registered nurses and submitted false resumes misrepresenting her education, experience and licensure to obtain nursing jobs at more than 30 health care facilities, including nursing homes and correctional institutions, despite never attending nursing school or passing the NCLEX-RN; she performed licensed-nurse duties such as administering medications and evaluating patients and collected $200,000 in wages to which she was not entitled."
armenian-man-extradited-to-u-s-faces-charges-for-role-in-infostealing-malware-scheme_5dc8c68dd114.pdf,2026-03-25,"U.S. Attorney's Office, Western District of Texas",2021-11 to 2024-10,"Hambardzum Minasyan (developer/administrator of RedLine infostealer infrastructure); Maxim Rudometov (alleged co-conspirator, developer/administrator)",Texas - Travis County (Austin),,,,,other,other; Money laundering of proceeds,charged,"Non-healthcare cybercrime case: defendant allegedly helped develop and administer the RedLine infostealer malware, registering virtual private servers, internet domains and file-sharing repositories to host and distribute the malware to paying affiliates, collecting affiliate payments via a cryptocurrency account registered in November 2021, and laundering cybercrime proceeds through cryptocurrency exchanges; the malware stole victims' data including access devices and financial information."
arthritis-amp-rheumatology-center-p-c-and-jatin-patel-settle-false-claims-act-case-for-2-18-million_154d381e2382.pdf,2026-01-29,"U.S. Attorney's Office, Northern District of Georgia",,"Arthritis & Rheumatology Center, P.C. (medical practice); Jatin Patel, M.D. (owner)",Georgia,Medicare,,2180000.0,,FakeEncounter,FakeEncounter,civil settlement,"ARC allegedly used unlicensed medical assistants to administer chemotherapy infusions to patients in violation of Georgia law, then billed Medicare for those infusion services, which Medicare does not pay for when rendered in violation of state law; resolved via a $2.18 million FCA settlement from a qui tam suit, with the relator receiving $414,200."
behavioral-health-companies-and-physician-owner-agree-to-pay-1-4-million-for-allegedly-billing-for-psychothera_c5c449456580.pdf,2026-05-18,"U.S. Attorney's Office, District of Massachusetts",2017-01 to 2023-05,"Nova Psychiatric Services, P.C. (behavioral health clinic); Patriot Eldercare, Inc. (behavioral health clinic); Alexandra Accardi, M.D. (psychiatrist, founder/owner, president and director); Miguel Saravia (Chief Operating Officer of Nova)",Massachusetts - Quincy and Weymouth (Norfolk County),Medicare; Massachusetts Medicaid; Massachusetts Group Insurance Commission (GIC),,1961141.0,4,Phantom Claims,Phantom Claims,civil settlement,"Nova and Patriot billed Medicare, Medicaid and the Massachusetts GIC for psychotherapy and medication management services that their behavioral health clinicians never performed; the COO directed untrained independent contractors outside the billing department to alter claims before submission by adding extra psychotherapy and medication management billing codes, despite employee complaints. The companies and owner Accardi paid $1.4 million to resolve False Claims Act allegations (qui tam, relator gets 17.5%), while COO Saravia pleaded guilty to six healthcare fraud counts and was sentenced to 3.5 months in prison with $561,141 restitution."
behavioral-therapist-pleads-guilty-to-health-care-fraud-for-submitting-inflated-insurance-reimbursement-claims_73f7c0afb164.pdf,2026-04-14,"U.S. Attorney's Office, Southern District of Georgia",2020-06 to 2023-05,"Mira Stallings (licensed behavioral therapist, owner of ABAscape LLC); ABAscape LLC",Georgia - McDuffie County (Thomson),TRICARE,652000.0,,,Phantom Claims,Phantom Claims; Upcoding; other,pleaded guilty,"Owner of a behavioral therapy agency billed TRICARE more than $652,000 for individual and group therapy services for developmentally disabled patients that were never provided or not provided as billed, receiving over $572,000; she also obtained nearly $1 million in CARES Act EIDL funds certified for working capital and spent them on personal debts, family salary payments and a dog-breeding compound."
biotech-ceo-sentenced-in-securities-fraud-scheme_d1800350908e.pdf,2026-01-26,"U.S. Department of Justice, Criminal Division (Fraud Section) and U.S. Attorney's Office for the District of Maryland",2018 to 2021,Nader Pourhassan (Chief Executive Officer of CytoDyn); CytoDyn (publicly traded biotech company),Washington - Vancouver (CytoDyn headquarters); Oregon - Lake Oswego (defendant's residence),,4400000.0,9700000.0,30,other,Securities fraud / insider trading,sentenced,"The CEO of CytoDyn made false public announcements to investors about the prospects of FDA approval for an investigational HIV/COVID-19 drug, artificially inflating the company's stock price, then sold his 4.8 million personal shares at the inflated prices for $4.4 million. Convicted at trial in December 2024 of securities fraud, wire fraud and insider trading; sentenced to 30 months and ordered to pay over $5.3 million restitution plus over $4.4 million forfeiture."
blood-test-lab-owner-sentenced-to-more-than-4-years-in-federal-prison-for-using-shill-to-collect-medicare-paym_57a211a4d299.pdf,2026-05-28,"U.S. Attorney's Office, Central District of California",2015 to 2023,Armen Muradyan (owner/operator of Genex Laboratories Inc.); Genex Laboratories Inc. (Burbank blood-testing laboratory),California - Los Angeles County (Burbank),Medicare; U.S. Small Business Administration (COVID-19 EIDL program),11236356.0,15158033.0,51,Ineligible provider enrollment,Ineligible provider enrollment; Falsify certificate; other,sentenced,"Muradyan, barred by Medicare from submitting claims, paid a long-time friend ('L.S.') $2,000 per month to pose as owner of his Burbank blood-testing lab Genex Laboratories, submit the Medicare enrollment paperwork, and hold bank accounts that Muradyan controlled, so that millions in Medicare blood-test reimbursements were wired to nominee accounts and spent on his mortgage, gambling and personal expenses; he further had the nominee report Genex's income on the nominee's personal returns, evading about $11.2 million in taxes on $23.9 million of unreported income, and obtained a $99,900 SBA EIDL loan by falsely claiming an entity called GenMed had employees and $800,000 in 2019 income."
bloomfield-man-sentenced-to-federal-prison-for-health-care-fraud_7dffcd6c262e.pdf,2026-02-10,"U.S. Attorney's Office, District of Connecticut",2019-11 to 2023-04,"Shawn Tyson (Licensed Alcohol and Drug Abuse Counselor); Thelma ""Wendy"" Epps (suspended Medicaid provider); Dennis Tomczak (licensed counselor)",Connecticut - Hartford (Hartford County); Bloomfield,Connecticut Medicaid,,670960.0,12,Phantom Claims,Phantom Claims; Falsify certificate; Ineligible provider enrollment,sentenced,"Tyson, a licensed drug and alcohol counselor, billed Connecticut Medicaid for psychotherapy counseling sessions that were never provided, and also billed under his own provider number for services purportedly rendered by Epps, who had been suspended from Medicaid, falsely representing that he personally performed them; he submitted fraudulent patient records during a Medicaid audit to conceal the scheme. Restitution of $670,960.72 is owed in part jointly and severally with Epps and counselor Dennis Tomczak."
brentwood-woman-pleads-guilty-to-defrauding-taxpayers-out-of-6-9-million_8aead34eacce.pdf,2026-05-07,"U.S. Attorney's Office, Middle District of Tennessee",2020-03 to 2024-10,"Helen Boerman (optometric physician, owner of Brentwood Eye Care); Brentwood Eye Care",Tennessee - Williamson County (Brentwood),"Medicare; Medicaid (TennCare, Tennessee); Federal Employees Health Benefits Program",11000000.0,,,Phantom Claims,Phantom Claims; Falsify certificate,pleaded guilty,"Optometric physician billed Medicare through her practice for new single-use wound care products she had not purchased or used, splitting single-use products across patients, and billed for wound care product placements on dates when patients had no appointments; she directed staff to create false records to support the fabricated service dates. She admitted submitting roughly $11 million in false Medicare claims and receiving about $6.9 million, and also submitted false claims to TennCare and FEHB."
brooklyn-banker-pleads-guilty-to-laundering-proceeds-of-medicare-fraud-for-transnational-criminal-organization_253e6639d243.pdf,2026-02-03,"U.S. Department of Justice, Criminal Division, Fraud Section (Health Care Fraud Unit)",,"Renat Abramov (former bank relationship manager, Sheepshead Bay branch); transnational criminal organization (unnamed co-conspirators posing as owners of fake medical equipment companies)",New York - Kings County (Brooklyn),Medicare; commercial insurance companies (unnamed),10000000000.0,,,Money laundering of proceeds,Money laundering of proceeds; Phantom Claims; Ineligible provider enrollment,pleaded guilty,"A transnational criminal organization allegedly submitted more than $10 billion in fraudulent Medicare claims through sham durable medical equipment companies using identities stolen from over one million Americans; Abramov, a bank relationship manager, opened accounts for straw owners using fake corporate registration documents so the Medicare and insurer checks could be deposited and then moved offshore and into cryptocurrency, laundering more than $8 million."
business-owner-convicted-of-1-9m-medicare-medicaid-and-private-insurer-fraud-scheme_d84d2beec005.pdf,2026-04-07,"U.S. Attorney's Office, Eastern District of Michigan",,Rabih Hamdan (business owner/pharmacy owner),Michigan - Wayne County (Dearborn Heights),Medicare; Medicaid; Blue Cross Blue Shield of Michigan,1900000.0,,,Phantom Claims,Phantom Claims; FakeEncounter,pleaded guilty,"Pharmacy owner submitted false claims to Medicare, Medicaid and Blue Cross Blue Shield of Michigan for prescription drugs that were medically unnecessary or never dispensed; in many cases the pharmacy lacked inventory to dispense the billed drugs and no physician had ordered the medications. Total false claims of at least $1.9 million over five years, with proceeds used for personal benefit."
caldwell-woman-charged-in-the-district-of-idaho-as-part-of-the-national-health-care-fraud-takedown_37d918d27c36.pdf,2026-06-24,"U.S. Attorney's Office, District of Idaho",,Niki Rashel Cook (purported registered nurse/licensed practical nurse),Idaho - Caldwell (Canyon County); Boise area healthcare facilities,,22000.0,,,Falsify certificate,Falsify certificate; other,charged,"Cook was indicted for wire fraud and aggravated identity theft for using other people's names and nursing licenses to falsely present herself as a registered nurse and licensed practical nurse, obtaining nursing jobs at a behavioral health hospital, a rehabilitation hospital, a skilled nursing facility, and hospice businesses, and earning over $22,000 in wages she was not qualified to receive."
california-doctor-convicted-of-45m-botox-fraud-scheme-targeting-medicare_2f6942152032.pdf,2026-05-19,"U.S. Department of Justice, Criminal Division Fraud Section; U.S. District Court for the Central District of California",,"Violetta Mailyan (doctor, owner/operator of Healthy Way Medical Center)",California - Los Angeles County (Glendale),Medicare,45000000.0,14906797.0,,Phantom Claims,Phantom Claims; FakeEncounter; Falsify certificate; other,convicted at trial,"Mailyan, through her cosmetic clinic, billed Medicare roughly $45 million for thousands of Botox injections purportedly treating chronic migraines that were never provided (including on days her clinic was closed, while she was on vacation abroad, and for a beneficiary who was incarcerated) or were purely cosmetic/without referral; she backdated claims and fabricated patient records and consent forms, then altered records given to federal agents in response to a grand jury subpoena. Jury found a Tesla Model X, Cybertruck, $251,124 in bank funds, $7,312,037 in brokerage accounts and four properties with $7,343,636 equity forfeitable as proceeds."
california-man-found-guilty-of-defrauding-his-former-employer-optum-inc_851b09877d33.pdf,2026-02-18,"U.S. Attorney's Office, District of Minnesota",2015 to 2019-11,"Karan Gupta (senior director of data analytics, Optum, Inc.)",Minnesota - Hennepin County (Minneapolis); California; New Jersey,"Optum, Inc. (UnitedHealth Group subsidiary - employer, not a claims payer)",1200000.0,,,Ghost employee payroll fraud,Ghost employee payroll fraud; kickback_Bribery For Referral; Falsify certificate; Money laundering of proceeds,convicted at trial,"Gupta, a senior director at Optum, gave a lifelong friend a false resume and hired him into a managerial data engineering job he was unqualified for; for nearly four years the friend performed no work while drawing a salary above $100,000 with raises and bonuses, and kicked back more than half of it to Gupta, who concealed the payments through cash deposits at a New Jersey bank branch and later by using a debit card tied to the friend's direct-deposit account to withdraw funds from California ATMs. Gupta's frauds against Optum totaled more than $1.2 million."
california-man-pleads-guilty-to-orchestrating-270m-medication-reimbursement-fraud-scheme_3959cdc72811.pdf,2026-04-07,"U.S. Department of Justice, Criminal Division Fraud Section; U.S. Attorney's Office, Central District of California",2022-05 to 2023-04,Paul Randall (scheme organizer/marketer); Kyrollos Mekail (pharmacist and owner of Monte Vista Pharmacy); Patricia Anderson (nurse practitioner); Monte Vista Pharmacy,California - Orange County (Orange); California - Riverside County (Moreno Valley); California - Los Angeles County (West Hills),Medicaid (California Medi-Cal),269120829.0,126500000.0,,FakeEncounter,FakeEncounter; kickback_Bribery For Referral; Falsify certificate; Phantom Claims; Money laundering of proceeds,pleaded guilty,"Exploiting Medi-Cal's temporary suspension of prior-authorization at the start of 2022, Randall used Mekail's Monte Vista Pharmacy to bill tens of millions per month for high-reimbursement generic drugs (e.g., pain creams, Folite tablets, meloxicam billed at ~$13,424 per prescription) compounded in unique dosages/package quantities that fell outside Medi-Cal maximum price caps; Randall paid kickbacks to marketers for beneficiary information and to nurse practitioner Anderson to sign pre-filled prescriptions without ever seeing patients, and drugs were often never dispensed. Randall took roughly 40% of the pharmacy's profit and laundered proceeds through a third party to pay Anderson. $269,120,829 billed and about $178,746,556 paid; co-defendants Mekail and Anderson also pleaded guilty and await sentencing."
cape-may-county-psychiatrist-admits-to-17-felony-counts-for-unlawful-controlled-substance-prescriptions-linked_932c69e64aa6.pdf,2026-06-24,"U.S. Attorney's Office, District of New Jersey",,"Louis Morelli (psychiatrist, owner of psychiatry practice in Smithville, New Jersey)",New Jersey - Cape May County; New Jersey - Smithville (Atlantic County),,,,,other,other; FakeEncounter; kickback_Bribery For Referral,pleaded guilty,"Psychiatrist issued invalid prescriptions for Adderall, Vyvanse, and Xanax to 17 patients outside the usual course of professional practice and without legitimate medical purpose, sometimes in exchange for sexual activity, images or videos, and to known addicts and suspected diverters; the prescriptions were intended to defraud and mislead dispensing pharmacies and the insurers, government benefit programs, and other third parties that paid for the drugs."
carls-cab-operators-charged-in-4-2-million-medicaid-fraud-and-kickback-scheme_353674edddb3.pdf,2026-06-23,"U.S. Attorney's Office, Northern District of New York",2020-01 to 2025-03,Joseph Carl (operator of Carl's Cab); Randolph Ekstrom a/k/a 'Randy' (operator/associate of Carl's Cab); Carl's Cab (Medicaid-enrolled transportation provider),New York - Saratoga County; New York - Rensselaer County,Medicaid (New York State Department of Health),4296374.0,,,Phantom Claims,Phantom Claims; kickback_Bribery For Referral; Upcoding; FakeEncounter,charged,"Operators of Carl's Cab, a Medicaid-enrolled non-emergency medical transportation provider, allegedly billed New York Medicaid for 'ghost rides' and trips where recipients were never transported or never seen by a provider, and inflated reimbursement by billing group transports as multiple individual trips; they also allegedly paid cash and controlled substances to Medicaid recipients to induce them to use Carl's Cab, receiving at least $4,296,374.02 in Medicaid funds."
celina-pharmacy-owner-sentenced-for-opioid-distribution-health-care-fraud_f9fbc80a0d85.pdf,2026-06-24,"U.S. Attorney's Office, Middle District of Tennessee",2014 to 2019,"Thomas K. Weir (majority owner, Oakley Pharmacy dba Dale Hollow Pharmacy and Clay County Xpress Pharmacy); William L. Donaldson (former owner and pharmacist, Dale Hollow Pharmacy); Pamela Spivey (co-owner, Xpress Pharmacy); Charles Robert 'Bobby' Oakley (minority owner, Dale Hollow Pharmacy); John Polston (pharmacist-in-charge); Michael Griffith (pharmacist-in-charge); Oakley Pharmacy dba Dale Hollow Pharmacy and Clay County Xpress Pharmacy",Tennessee - Clay County (Celina),Medicare (Part D); Medicaid (TennCare),,1419974.0,24,kickback_Bribery For Referral,kickback_Bribery For Referral; FakeEncounter; Unlawful controlled substance distribution,sentenced,"Owners and pharmacists of two Celina, TN pharmacies dispensed controlled substances despite red flags of abuse and diversion (patients traveling long distances in groups, prescriptions without legitimate medical purpose) and billed Medicare Part D and TennCare for those drugs, including medically unnecessary combinations of highly abused drugs; to boost prescription volume they paid patient co-pays, gave patients cash, and issued fictitious 'Monkey Bucks' currency redeemable for cash. Weir received 24 months, $1,419,974 restitution, forfeiture of the pharmacy building/warehouse and a money judgment exceeding $700,000; co-defendant Donaldson got 24 months, while Oakley and Spivey received probation with restitution."
ceo-and-va-employee-plead-guilty-to-paying-and-receiving-illegal-health-care-kickbacks-and-bribes_79758e9b9955.pdf,2026-07-30,"U.S. Department of Justice, Criminal Division, Fraud Section / National Fraud Enforcement Division",,"Heriberto Rivera (CEO of Family Integrative Medicine of Orlando, LLC); Laurent Cassagnol (Advanced Medical Support Assistant, VA Community Care Program); Family Integrative Medicine of Orlando, LLC (FIMO)",Florida - Orange County (Orlando),U.S. Department of Veterans Affairs - VA Community Care Program,14000000.0,,,kickback_Bribery For Referral,kickback_Bribery For Referral,pleaded guilty,"FIMO's CEO paid kickbacks and bribes to a VA Community Care Program medical support assistant to steer VA patients to FIMO for acupuncture, chiropractic and other holistic services; over $14 million in resulting claims were billed to the VA/VACCP, of which more than $11 million was paid."
ceo-of-bay-area-home-health-agency-convicted-of-health-care-fraud-conspiracy-targeting-medicare_a0258572f2c4.pdf,2026-07-23,"U.S. Attorney's Office, Northern District of California",2018-10 to 2020-11,Simon Katz; Veronica Katz (former CEO of HealthNow Home Healthcare); Vennesa Herrera (former employee); Pharadja Andrews (former employee); HealthNow Home Healthcare (home health agency),California - Alameda County (Hayward),Medicare,3000000.0,593634.0,24,Phantom Claims,Phantom Claims; FakeEncounter; Falsify certificate; other,convicted at trial,"HealthNow Home Healthcare billed Medicare for home health services never provided and for care delivered by unqualified medical professionals acting outside their authorized scope of practice, while altering medical records and forging physician signatures and submitting false documents to California Department of Public Health inspectors to keep its Medicare billing privileges; the agency collected over $3 million and Simon Katz received $300,000, and he instructed a former employee to lie to the FBI. Co-defendant Veronica Katz was sentenced to 24 months with $543,634.34 restitution and a $50,000 fine; Simon Katz was convicted at trial and awaits sentencing."
ceo-of-skincare-company-pleads-guilty-to-fdca-charges-and-mail-fraud_73cc1f8965e3.pdf,2026-07-31,"U.S. Department of Justice, Criminal Division (Health and Safety Unit) and U.S. Attorney's Office, Western District of Virginia",2018-03 to 2020-12,"Bryce Cleveland (President and CEO of Scalpa, Inc.); Scalpa, Inc.",Arizona - Scottsdale,,,800000.0,,other,other; Unapproved/misbranded medical product sales,pleaded guilty,"Cleveland marketed and sold to consumers unapproved and misbranded injectable devices and drugs (ScalpaJECT Hyaluronic Acid, Hyaluron Pen, and the botulinum toxin product 'Scalpatox') through his company Scalpa, Inc., falsely representing that the devices were not subject to FDA regulation; he pleaded guilty to mail fraud, introducing an adulterated device into interstate commerce, and introducing an unapproved new drug into interstate commerce, agreeing to a 4-8 year prison term, restitution, and $800,000 forfeiture."
cfo-of-boston-area-spinal-device-company-pleads-guilty-to-kickback-scheme_5d7e2abb09f6.pdf,2026-05-12,"U.S. Attorney's Office, District of Massachusetts",,"Aditya Humad (Chief Financial Officer, SpineFrontier, Inc.); SpineFrontier, Inc. (spinal implant company); Dr. Kingsley R. Chin (Founder, President and CEO); Jason Montone, D.O. (surgeon); John Balzer (medical device distributor)",Massachusetts - Middlesex County (Malden),Medicare; Medicaid; Veterans Health Administration,540000.0,1054500.0,,kickback_Bribery For Referral,kickback_Bribery For Referral; other,pleaded guilty,"SpineFrontier's CFO and CEO paid surgeons over $540,000 in sham 'consulting' fees ($250-$1,000 per hour) under contracts purportedly for gathering technical product feedback, when in fact the payments induced the surgeons to implant SpineFrontier spinal devices in surgeries reimbursed by Medicare, Medicaid and the Veterans Health Administration, generating millions in company revenue. Settlement figures combine Humad's $150,000+ civil settlement and Chin's $9,500 fine, $40,000 personal and $855,000 company civil settlement payments."
cfo-of-boston-area-spinal-device-company-sentenced-to-four-months-in-prison-for-kickback-scheme_a5ca7d45470d.pdf,2026-08-10,"U.S. Attorney's Office, District of Massachusetts",,"Aditya Humad (Chief Financial Officer, SpineFrontier, Inc.); Dr. Kingsley R. Chin (Founder, President and CEO, SpineFrontier, Inc.); SpineFrontier, Inc. (spinal implant company); Jason Montone, D.O. (surgeon); John Balzer (medical device distributor); Dr. F. Paul DeGenova; Dr. Michael Murray; Dr. Joseph Shehadi; Dr. Agha Khan; Dr. John Atwater; Dr. John Carlson",Massachusetts - Middlesex County (Malden),Medicare; Medicaid; Veterans Health Administration,540000.0,4371064.0,4,kickback_Bribery For Referral,kickback_Bribery For Referral; other,sentenced,"SpineFrontier's CFO conspired with the company to enter sham consulting contracts with spine surgeons, paying them $250-$1,000 per hour (over $540,000 total) purportedly for product feedback but in reality to induce them to implant SpineFrontier devices in surgeries billed to Medicare, Medicaid and the VA; surgeons did little or no actual consulting work. Figures span multiple defendants: Humad received four months in prison plus a $9,500 fine and a civil settlement of over $150,000; CEO Chin received home confinement, a $9,500 fine, $40,000 personally and $855,000 from his company; six surgeons paid civil FCA settlements totaling roughly $3.3 million."
charleston-county-school-board-member-indicted-for-bribery-and-covid-fraud_f078d9f9ffcc.pdf,2026-03-17,"U.S. Attorney's Office, District of South Carolina",2020 to 2021,Kevin Dion Hollinshead (Charleston County School District Trustee / board member),South Carolina - Charleston County (Charleston/North Charleston),,,,,COVID relief loan fraud,COVID relief loan fraud; kickback_Bribery For Referral,charged,"Indictment alleges a school board trustee accepted a kickback from a consultant's fee, paid by a construction company he steered to hire the consultant, in exchange for using his official position to influence a failed-bid appeal; separately he allegedly submitted two SBA pandemic relief loan applications in 2020-2021 with false revenue and employee figures and spent proceeds on personal expenses including a medical procedure at a clinic in Mexico. No health care payer was involved."
charlotte-man-charged-with-defrauding-the-north-carolina-medicaid-program-out-of-hundreds-of-thousands-of-doll_7116c4406ad2.pdf,2026-06-23,"U.S. Attorney's Office, Western District of North Carolina",,"Ronnie Lorenzo Robinson, Jr. (beneficial owner of The Fisher of Men Project, LLC); The Fisher of Men Project, LLC",North Carolina - Mecklenburg County (Charlotte),Medicaid (North Carolina Medicaid),735000.0,,,Phantom Claims,Phantom Claims; other; Falsify certificate,charged,"Robinson allegedly obtained personal identifying information of medical professionals and Medicaid recipients and used it to submit approximately $735,000 in claims to North Carolina Medicaid for psychotherapy services that were never provided, receiving about $440,000 in payments; he also allegedly concealed his ownership of the billing company because he had previously been excluded from Medicaid, holding out another person as owner."
cheshire-nurse-admits-illegally-distributing-controlled-substances_dc89a79bc9a2.pdf,2026-01-23,"U.S. Attorney's Office, District of Connecticut",2024-01 to 2025-06,Michele Rene Muzyka (Advanced Practice Registered Nurse),Connecticut - New Haven County (Cheshire),Medicaid (Connecticut),287.0,,,FakeEncounter,FakeEncounter; other,pleaded guilty,"An APRN prescribed Schedule II and IV amphetamines and benzodiazepines to patients with no legitimate medical need, skipping medical examinations and charging $200 cash per office visit, including to an undercover agent posing as a Medicaid beneficiary; Medicaid paid $287.58 for the unlawful prescriptions written for the undercover agent."
cheshire-nurse-who-illegally-distributed-controlled-substances-is-sentenced_0244f89d2192.pdf,2026-04-30,"U.S. Attorney's Office, District of Connecticut",2024-01 to 2025-06,"Michele Rene Muzyka (Advanced Practice Registered Nurse, APRN)",Connecticut - New Haven County (Cheshire); Connecticut - Hartford County (New Britain); Connecticut - Middlesex County (Middletown),Medicaid (Connecticut),288.0,25000.0,0,Illegal prescribing of controlled substances,Illegal prescribing of controlled substances; FakeEncounter,sentenced,"An APRN enrolled as a Medicare/Medicaid provider prescribed high-dose amphetamines (Adderall) and benzodiazepines (Xanax/alprazolam) to patients with no legitimate medical need, conducting no medical examinations and charging $200 cash per office visit, including to an undercover agent posing as a Medicaid beneficiary; Medicaid paid $287.58 for the unlawful prescriptions written for that agent. Five of her patients died of overdoses between February 2020 and June 2023."
chief-regulatory-officer-for-exthera-medical-charged-with-concealing-adverse-events-including-deaths-from-fda-_6477fd05883f.pdf,2026-03-05,"U.S. Attorney's Office, District of Massachusetts",,Sanja Ilic (Chief Regulatory Officer of ExThera Medical Corporation); ExThera Medical Corporation (medical device manufacturer),"California (ExThera, Northern California; Ilic of Carlsbad); treatments at a clinic in Antigua",,,6444750.0,,Concealment of adverse events from FDA,Concealment of adverse events from FDA,charged,"Ilic, ExThera's Chief Regulatory Officer, intentionally failed to file required adverse event reports with the FDA - including the deaths of two patients treated with ExThera's blood filtration device at an Antigua clinic used by U.S. cancer patients - to avoid regulatory scrutiny and preserve clinical trial partnerships and financial prospects; ExThera admitted acting through Ilic and entered a three-year deferred prosecution agreement with a $750,000 criminal penalty plus a $5,694,750 forfeiture order, while Ilic agreed to plead guilty and awaits sentencing."
chinese-manufacturing-subsidiary-settles-paycheck-protection-program-loan-fraud-allegations-for-over-5-million_22430b11d915.pdf,2026-08-04,"U.S. Attorney's Office, District of New Jersey",2020-07 to 2021-06,China Jushi USA Corp. (South Carolina corporation; subsidiary of China Jushi Corp.),South Carolina - Richland County (Columbia),U.S. Small Business Administration (Paycheck Protection Program),3590007.0,5075823.0,,Falsify certificate,Falsify certificate; PPP loan fraud,civil settlement,"China Jushi USA falsely certified in its first-draw PPP loan application that it was eligible for the program when, counting affiliates' employees, it exceeded the applicable SBA size standards; it obtained and had forgiven a PPP loan totaling $3,590,007 (with interest) and caused the government to pay $35,581 in lender processing fees. The company paid $5,075,823 to resolve False Claims Act allegations in a qui tam suit, with the relator receiving $507,582."
chipley-based-physical-therapy-practice-pays-over-750-000-to-resolve-false-claims-act-litigation_c2ce33f8cba7.pdf,2026-01-22,"U.S. Attorney's Office, Northern District of Florida",2019-07 to 2024-03,"Absolute Physical & Aquatic Therapy, LLC; Chipley Physical Therapy, LLC; Ruben Laurel (owner/operator); Lorrie Laurel (owner/operator, physical therapist)",Florida - Washington County (Chipley); Florida - Jackson County (Marianna); Florida - Holmes County (Bonifay),Federal health care programs (United States),,754722.0,,Phantom Claims,Phantom Claims,civil settlement,"Defendants submitted 503 claims to federal health care programs for outpatient physical therapy services purportedly rendered by physical therapist Lorrie Laurel on dates when she was actually out of the country on cruises to Mexico, Jamaica, Aruba and the Bahamas; the FCA settlement of $754,722.88 (including $19,988.34 restitution) resolved a qui tam action by a former employee who receives $150,944.58."
chiropractor-sentenced-to-43-months-in-prison-for-14-9-million-health-care-fraud-and-kickback-scheme-related-t_fd671d7161aa.pdf,2026-03-09,"U.S. Attorney's Office, District of New Jersey",,Teflyon Cameron (chiropractor; owner/operator with financial interest in DME and CGx companies),Georgia - Powder Springs (Cobb County); New Jersey,Medicare,14900000.0,,43,kickback_Bribery For Referral,kickback_Bribery For Referral; FakeEncounter; other,sentenced,"Cameron and conspirators owned DME and cancer genetic testing (CGx) companies, used marketing call centers and telemedicine companies to obtain doctors' orders for orthotic braces regardless of medical necessity, and billed Medicare; she also sold beneficiary leads to a clinical laboratory on a per-lead basis disguised by a sham agreement, causing over $14.9 million in Medicare losses and personally netting more than $1.3 million."
civil-complaint-filed-over-false-laboratory-claims_b5bb7f6ac8a4.pdf,2026-06-30,"U.S. Attorney's Office, District of Delaware",,"Alpha Care Medical, LLC; Nihar Gala (owner); Bo Wang (laboratory director)",Delaware - Sussex County (Lewes); Pennsylvania - Delaware County (Glen Mills),Medicare; Medicaid; TRICARE; Federal Employees Health Benefits Program,,,,FakeEncounter,FakeEncounter; Phantom Claims,charged,"The United States filed a False Claims Act civil complaint alleging that a medical practice, its owner, and its laboratory director submitted thousands of claims to Medicare, Medicaid, TRICARE and FEHBP for laboratory diagnostic tests that had no valid medical purpose for diagnosis or treatment, were performed in violation of clinical laboratory reliability standards, and in numerous instances were never performed at all."
civil-settlements-reached-as-part-of-department-of-justice-national-health-care-fraud-takedown_8a19d8823b35.pdf,2026-06-23,"U.S. Attorney's Office, Western District of Kentucky",,Access Adult Health Day Care Center LLC (Access); Encore AHDC LLC (Encore); Tatyanas Case Management LLC (TCM); Serge Adamov (owner of Access); Inna Frimerman (owner of Encore); Tatyana Kolesnikova (owner of TCM),Kentucky - Jefferson County (Louisville),Kentucky Medicaid (Home and Community Based Waiver Program),,23816218.0,,kickback_Bribery For Referral,kickback_Bribery For Referral; Phantom Claims,civil settlement,"Three commonly-owned Kentucky Medicaid HCB Waiver providers and their owners allegedly used shared financial interests to steer waiver beneficiaries from the case-management company (required to be conflict-free) to their own attendant-care agencies, which then billed Kentucky Medicaid for in-home attendant care hours that were partly or entirely not provided; the six defendants collectively agreed to pay $23,816,217.60 under the False Claims Act to resolve a qui tam suit, with a Corporate Integrity Agreement for Kolesnikova and TCM."
clayton-chiropractor-sentenced-to-100-months-in-prison_083afbe3eabd.pdf,2026-04-15,"U.S. Attorney's Office, Eastern District of Missouri",,"Jerry Dale Leech (chiropractor, owner of Midwest Marketing); Dr. Stanley L. Librach (physician); Dr. Asim Muhammad Ali (physician, operator of Central Diagnostic Laboratory); Denis J. Mikhlin (co-defendant, business owner); Central Diagnostic Laboratory","Missouri - St. Louis County (Clayton, Chesterfield, Creve Coeur); Missouri - St. Louis",Medicare; Medicaid (Missouri); TRICARE,861600.0,9551265.0,108,FakeEncounter,FakeEncounter; kickback_Bribery For Referral; other,sentenced,"Chiropractor Leech directed a scheme in which physicians Ali and Librach wrote oxycodone and other controlled-substance prescriptions (at least 94,971 pills) without examining patients or reviewing charts and with no legitimate medical purpose, knowing pharmacies would bill Medicare and Medicaid; Leech also traded fraudulent prescriptions for cash. Separately, urine samples were steered to Dr. Ali's Central Diagnostic Laboratory, which billed Medicare and Medicaid at least $861,600 for testing and paid at least $150,795 in kickbacks to Leech's Midwest Marketing and entities of co-defendant Mikhlin. Restitution figures span four defendants (Leech $4.7M, Librach $2.87M, Ali $1.8M, Mikhlin $181,265); longest sentence was Mikhlin's nine years."
cleveland-income-tax-preparer-charged-with-filing-false-returns_bbe4af97363f.pdf,2026-04-14,"U.S. Attorney's Office, Northern District of Ohio",,"Sherita Booker (tax return preparer, owner of tax preparation business)",Ohio - Cuyahoga County (Cleveland),,,,,Tax return fraud,Tax return fraud; Falsify certificate,charged,"Booker, who ran her own tax preparation business, allegedly prepared and filed false federal income tax returns for clients by attaching fabricated Schedule C business profit/loss forms to their Form 1040s even though the clients owned no businesses, along with other schemes to reduce tax owed to the IRS. No health care payer is involved."
clinic-manager-convicted-of-8-million-medicare-fraud-scheme_34b9f0bf9051.pdf,2026-05-28,"U.S. Attorney's Office, Eastern District of New York",2018 to 2020,Olga Popovych (office manager of several physical therapy clinics),New York - Kings County (Brooklyn),Medicare,8000000.0,,,kickback_Bribery For Referral,kickback_Bribery For Referral; Falsify certificate; FakeEncounter,convicted at trial,"Popovych managed Brooklyn physical therapy clinics that paid cash kickbacks to ambulette drivers to recruit and transport Medicare patients to the clinics, and she falsified medical records to show that physical therapists who were not present had treated the patients; Medicare paid the clinics over $8 million between 2018 and 2020."
clinic-manager-convicted-of-8m-medicare-fraud-scheme_2614f5070a72.pdf,2026-05-28,"U.S. District Court for the Eastern District of New York; U.S. Attorney's Office, Eastern District of New York; DOJ Criminal Division Fraud Section / National Fraud Enforcement Division",2018 to 2020,Olga Popovych (office manager of several physical therapy clinics),New York - New York County (New York City),Medicare,8000000.0,,,kickback_Bribery For Referral,kickback_Bribery For Referral; Falsify certificate; Phantom Claims,convicted at trial,"Popovych, office manager of physical therapy clinics, paid cash kickbacks to ambulette drivers who recruited Medicare beneficiaries to the clinics, and falsified medical records to show that physical therapists who were not present had treated the patients; Medicare paid the clinics over $8 million between 2018 and 2020."
clinic-owner-convicted-for-52m-health-care-fraud-illegal-narcotics-distribution-and-kickback-scheme_a8dd925852aa.pdf,2026-05-22,"U.S. District Court for the Eastern District of New York; Justice Department National Fraud Enforcement Division / U.S. Attorney's Office, Eastern District of New York",,"Tony Brown-Arkah (owner, American Medical Centers); American Medical Centers (AMC)",New York - Kings County (Brooklyn),Medicare; Medicaid,52000000.0,,,Phantom Claims,Phantom Claims; kickback_Bribery For Referral; FakeEncounter; other,convicted at trial,"Brown-Arkah owned a Brooklyn clinic purporting to provide substance abuse treatment; he lured patients with Suboxone prescriptions signed by a Florida-based nurse practitioner who never saw the patients, required medically unnecessary invasive testing, and billed Medicare and Medicaid over $52 million for services never provided, including office visits where he, a non-provider, was the only staff to see the patient. He paid cash kickbacks to patients for referrals and received monthly kickbacks from a laboratory for referring medically unnecessary tests, concealing them via a shell company and sham contract, while allowing diversion/sale of Suboxone prescriptions at the clinic."
coeur-dalene-physician-sentenced-to-40-months-imprisonment-and-1-25-million-in-restitution-for-involvement-in-_71625ed0de3b.pdf,2026-07-22,"U.S. Attorney's Office, Eastern District of Washington",2018-02 to 2019-09,"Dr. David Antonio Becerril (physician); Real Time Physicians, LLC (telemedicine/telemarketing company)",Idaho - Kootenai County (Coeur d'Alene); Washington (Eastern District),Medicare,1250667.0,1288007.0,40,Falsify certificate,Falsify certificate; kickback_Bribery For Referral; FakeEncounter; Phantom Claims,sentenced,"While contracting with telemarketing/telemedicine company Real Time Physicians, Becerril signed false orders and medical-necessity attestations for genetic tests and DME braces (back, knee, shoulder, ankle) for elderly Medicare beneficiaries he never contacted - including deceased patients and amputees - reviewing each prescription for about 26 seconds and receiving $20 per signed prescription, which were used to bill Medicare roughly $1.25 million."
colorado-man-charged-in-medicaid-fraud-scheme-connected-to-arapahoe-county-adult-daycare_14df5764780c.pdf,2026-06-23,"U.S. Attorney's Office, District of Colorado",,"Mohamed Elias Omer (operator of Nadina Adult Daycare Center, LLC); Nadina Adult Daycare Center, LLC",Colorado - Arapahoe County,Medicaid (Colorado Department of Health Care Policy and Financing),11500.0,,,kickback_Bribery For Referral,kickback_Bribery For Referral,charged,"Omer was indicted on twelve counts of illegal remuneration for allegedly paying kickbacks - three $500 payments plus about $10,000 disguised as 'marketing expenses' or 'office supply' - to induce referrals of Medicaid beneficiaries to attend his Arapahoe County adult daycare center, whose services were billed to Colorado Medicaid."
columbia-missouri-doctor-arrested-accused-of-health-care-fraud-illegally-prescribing-drugs_e4ed0076c857.pdf,2026-04-22,"U.S. Attorney's Office, Eastern District of Missouri",2019-05 to 2025-04,"Dr. Jonathan Wayne Morris (medical doctor, owner of Columbia Urgent Care)",Missouri - Boone County (Columbia),Medicare; Missouri Medicaid,,,,FakeEncounter,FakeEncounter; Phantom Claims; other,charged,"Indictment alleges the clinic owner billed Medicare and Missouri Medicaid for services as if he personally provided them when they were actually rendered by unsupervised, untrained assistant physicians, and also submitted claims for controlled substance prescriptions issued outside the usual course of professional practice to friends, people with substance use disorders, and sexual partners, sometimes for cash."
connecticut-lab-and-its-owner-pay-over-145k-to-settle-allegations-of-medicaid-enrollment-fraud_1c1096b3b4ff.pdf,2026-06-23,"U.S. Attorney's Office, District of Connecticut",2024-03 to 2024-06,"Coastal Diagnostics, LLC (reference laboratory); Tricia Conroy (owner)",Connecticut - Branford (New Haven County),Medicaid (Connecticut Medicaid program),,145720.0,,Ineligible provider enrollment,Ineligible provider enrollment; Falsify certificate,civil settlement,"Conroy falsely answered 'No' on Coastal Diagnostics' Connecticut Medicaid Provider Enrollment Application when asked whether any owner was related by family or business relationship to another enrolled provider, concealing ties to Genco Lab (owned by her husband, at the same address, then under payment suspension and fraud investigation); Medicaid would not have enrolled Coastal had the truth been disclosed, making the lab's subsequent claims for laboratory services false. Coastal and Conroy paid $145,720 covering March 6 to June 3, 2024."
consent-judgment-entered-against-bucks-county-company-resolving-allegations-of-false-claims-for-billing-group-_a75f786e988a.pdf,2026-03-18,"U.S. Attorney's Office, Eastern District of Pennsylvania; U.S. District Court for the Eastern District of Pennsylvania",,"Segal Arts, LLC; Irina Segal (sole owner and manager)",Pennsylvania - Bucks County; New Jersey,Medicare,,200000.0,,Phantom Claims,Phantom Claims; FakeEncounter; Upcoding,civil settlement,"Segal Arts and its owner allegedly billed Medicare under a CPT code for one-on-one skilled therapeutic exercise/occupational therapy while actually providing only group arts-and-crafts sessions to beneficiaries at assisted living and adult day facilities in Pennsylvania and New Jersey, and failed to repay Medicare for the non-covered group sessions even after HHS-OIG agents educated the owner on the code's individual skilled-therapy requirements; a consent judgment requires repayment of $200,000 based on ability to pay."
contractor-agrees-to-pay-2-4-million-to-settle-false-claims-act-allegations_47a13d355dd3.pdf,2026-02-06,"U.S. Attorney's Office, District of New Jersey",2020-08 to 2025-08,"Phillips-Glenwood Construction, Inc. (Vernon, New Jersey contractor)",New Jersey (Vernon); Pennsylvania; Delaware,United States Postal Service (federal government),,2400000.0,,Falsify certificate,Falsify certificate; other,civil settlement,"Under contracts for construction and facilities maintenance of USPS facilities in New Jersey, Pennsylvania and Delaware, the company allegedly submitted false and altered documentation that inflated its labor hours and materials purchases in requests for payment, obtaining overpayments from the Postal Service; resolved by a $2.4 million False Claims Act settlement."
contractor-who-committed-1-7-million-in-pandemic-fraud-sentenced-to-3-years-in-prison_a377556b97a3.pdf,2026-02-24,"U.S. Attorney's Office, Eastern District of Missouri",2020 to 2021,"Coretta ""Cory"" Elliott (owner/operator of CMT LLC, d/b/a CMT Roofing LLC); CMT LLC",Missouri - St. Louis,,1700000.0,1700000.0,36,other,other; Falsify certificate,sentenced,"Elliott obtained a $875,000 first-draw and $833,333 second-draw Paycheck Protection Program loan for her construction company by inflating reported monthly payroll and falsely certifying the funds would be used for business purposes, then obtained loan forgiveness with false claims about payroll spending; she diverted $200,000 to a personal investment account, $559,455 to company union dues, and other funds to personal uses."
couple-charged-in-covid-19-fraud-scheme_6f0dad03deda.pdf,2026-01-26,"U.S. Attorney's Office, District of New Jersey",2020-05 to 2020-07,Sabrina Mitlo (purported business owner); Joseph Mitlo (purported business owner),New Jersey - Middlesex County (Piscataway),,715000.0,,,PPP loan fraud,PPP loan fraud; Falsify certificate,charged,"The married couple allegedly submitted fraudulent Paycheck Protection Program loan applications for two New Jersey businesses they purportedly owned that had no employees or payroll, supporting the applications with falsified tax documents showing prior wage payments; after over $715,000 in loans were deposited, they used a payroll service to issue checks to purported employees who did not work for the businesses, and Sabrina Mitlo cashed those checks at a check cashing facility and kept the proceeds."
crestwood-man-sentenced-to-over-6-years-in-federal-prison-for-narcotics-related-offenses_45337a909712.pdf,2026-07-21,"U.S. Attorney's Office, Western District of Kentucky",2023-12 to 2024-03,Matthew Ryan Elkins (contract certified registered nurse anesthetist at a Louisville pain treatment center),Kentucky - Jefferson County (Louisville); Kentucky - Oldham County (Crestwood),,,15000.0,77,Drug diversion and product tampering,Drug diversion and product tampering,sentenced,"A contract nurse anesthetist burglarized the pain clinic where he worked, twice weekly for at least three months, emptying patient-specific pre-filled syringes of intrathecal pain medication into a separate vial for his own use and refilling the syringes with sodium chloride before returning them to the office safe, so patients with implanted pain pumps received diluted, adulterated medication and suffered pain and withdrawal. He was sentenced to 77 months, fined $15,000, and forfeited his Kentucky nursing licenses."
criminal-divisions-fraud-section-announces-historic-year-of-accomplishments_d3f4010e530c.pdf,2026-01-22,"U.S. Department of Justice, Criminal Division, Fraud Section",,,,,14600000000.0,,,other,other,other,"Not a single-defendant case: this is the Fraud Section's 2025 Year in Review announcement, reporting the largest health care fraud takedown in DOJ history with defendants charged with more than $14.6 billion in intended loss, over 260 defendants charged for economic crimes overall, 25 trials, and 15 corporate enforcement actions (four health care related) totaling over $1 billion in global monetary resolutions."
cuban-national-convicted-of-unlawfully-obtaining-us-citizenship-after-concealing-healthcare-fraud-scheme_c56db951a700.pdf,2026-08-12,"U.S. Attorney's Office, Southern District of Florida",2017 to 2018,Tania Rosa Rodriguez (participant in healthcare fraud conspiracy; naturalization applicant),Florida - Miami-Dade County (Miami),,4600000.0,,,other,other,convicted at trial,"Rodriguez participated in a seven-year healthcare fraud conspiracy that generated roughly $4.6 million in fraudulent healthcare claims (for which she was separately convicted), and concealed that criminal conduct on her 2017 naturalization application by stating she had never committed a crime for which she had not been arrested, obtaining U.S. citizenship in 2018; the jury convicted her of unlawful procurement of citizenship or naturalization."
d-c-dentist-and-hygienist-found-guilty-in-scheme-to-defraud-d-c-medicaid-of-4-million_361d95716ed8.pdf,2026-03-04,"U.S. Attorney's Office, District of Columbia",2017-01 to 2022-03,"Steven A. Price (dentist, operator of Washington Smile Center); Keidi C. Moore (dental hygienist)","District of Columbia (Washington, Northwest Washington)",D.C. Medicaid,4000000.0,,,Phantom Claims,Phantom Claims,convicted at trial,"A dentist and his hygienist submitted repeated D.C. Medicaid reimbursement claims for clinical crown lengthening procedures and space maintainers that were never performed, in some cases billing more than 30 crown lengthenings and more than 20 space maintainers for a single patient over a few years, causing over $4 million in payouts."
dallas-laboratory-owners-and-investors-pay-24m-to-resolve-covid-19-testing-fraud-allegations_b8b2b759aaba.pdf,2026-07-23,"U.S. Department of Justice - Civil Division; U.S. Attorney's Office, Northern District of Texas",2020-04 to 2021-09,Magnolia Diagnostics (clinical laboratory); John Bains (owner); Kelly Bains (owner); Magnolia Diagnostics investors,Texas - Dallas County (Dallas),Medicare,,24000000.0,,FakeEncounter,FakeEncounter; Falsify certificate,civil settlement,"Lab required senior living communities seeking COVID-19 testing to also receive expensive respiratory pathogen panels, using prepopulated requisition forms with preselected RPP tests and diagnosis codes treated as blanket standing orders (two allegedly altered to cover additional facilities), and ran RPPs on frozen specimens weeks or months later, billing Medicare for thousands of medically unnecessary panels; owners and lab pay $19.2M and investors an additional $4.8M."
delafield-man-sentenced-to-18-months-imprisonment-for-conspiracy-to-pay-healthcare-kickbacks_767e75b119db.pdf,2026-02-03,"U.S. Attorney's Office, Eastern District of Wisconsin",2018 to 2020,"Bruce Johnson (co-owner, Kestrel Medical LLC); Michael Comino (50% owner, Kestrel Medical LLC); Kestrel Medical LLC (DME supplier)",Wisconsin - Oconomowoc (Delafield),Medicare,2000000.0,2000000.0,22,kickback_Bribery For Referral,kickback_Bribery For Referral; other,sentenced,"Owners of a durable medical equipment company paid kickbacks to purported marketing companies in exchange for signed doctors' orders/prescriptions for orthotic braces, which Kestrel then billed to Medicare, collecting over $2 million; Johnson also transferred $150,000 to a company of his co-defendant to divest Kestrel of assets before bankruptcy. Johnson received 18 months and over $2 million restitution; co-defendant Comino received 22 months plus restitution."
dish-wireless-llc-to-pay-more-than-17m-to-resolve-false-claims-act-and-administrative-allegations-related-to-f_1db11dc78062.pdf,2026-05-06,"U.S. Department of Justice, Civil Division (Commercial Litigation Branch, Fraud Section) and U.S. Attorney's Office for the District of Columbia",2021-05 to 2022-02,"DISH Wireless LLC (wholly owned subsidiary of EchoStar Corporation, operating Boost Mobile)","Colorado - Englewood (company headquarters); internal sales employees in Texas, Florida, New York and West Virginia",Federal Communications Commission - Emergency Broadband Benefit Program (EBBP) and Affordable Connectivity Program (ACP),,17280240.0,,Ineligible beneficiary enrollment,Ineligible beneficiary enrollment; Falsify certificate; Phantom Claims,civil settlement,"DISH enrolled more than 130,000 subscribers into the FCC's EBBP and ACP broadband subsidy programs based on purported attendance at Community Eligibility Provision schools, collecting up to $50 per subscriber per month (EBBP) and $30 per month (ACP); internal sales staff trained third-party agents to submit applications with incorrect school information, resulting in over 16,000 households enrolled on the basis of schools more than 25 miles away with no verified attendance, 130 households using dependents over age 21, more than 66,000 subscribers with no school-aged student identified, and over 2,400 duplicate beneficiaries, with executives failing to correct the problem from September 2021 through April 2022."
district-of-arizona-announces-charges-involving-over-1-2-billion-in-false-or-fraudulent-claims-as-part-of-nati_6c78fb8d1258.pdf,2026-06-23,"U.S. Attorney's Office, District of Arizona",2021-12 to 2024-06,"Susie Kamien (medical biller); Jimmy Muyumbu (owner/operator, Motherland Counseling LLC); Sandra Peters (sales representative); Brian Rowan (Vice President of Sales, amniotic wound allograft company)","Arizona - Maricopa County (Phoenix, Glendale)",Medicare; Arizona Medicaid (Arizona Health Care Cost Containment System - AHCCCS); TRICARE; CHAMPVA; commercial insurers,1200000000.0,104463.0,,kickback_Bribery For Referral,kickback_Bribery For Referral; FakeEncounter; Phantom Claims; Money laundering of proceeds,charged,"Four defendants charged in the District of Arizona in schemes totaling over $1.2 billion: Rowan, a VP of Sales for an amniotic wound allograft company, allegedly paid hundreds of millions in kickbacks, bribes and rebates to sales reps and providers, concealed via sham inflated invoices and shell-company pass-through accounts, causing medically unnecessary allografts to be applied to elderly and hospice patients and $1.2 billion in claims to Medicare, TRICARE, CHAMPVA and commercial insurers (about $614 million paid, Rowan personally netting over $24 million); biller Kamien submitted over $918 million and sales rep Peters over $10 million in allograft claims that were medically unnecessary and kickback-tainted; Muyumbu billed AHCCCS approximately $44.9 million (about $36.7 million paid) through a Phoenix substance-abuse clinic for services not provided or so substandard as to have no treatment value, targeting Native American members of the American Indian Health Program, and laundered proceeds into Phoenix-area real estate."
doctor-convicted-at-trial-for-defrauding-irs-and-health-care-insurers_f01bc137f6a0.pdf,2026-01-29,"U.S. Department of Justice, Criminal Division and U.S. Attorney's Office, District of Massachusetts",2009 to 2019,"Dr. Pankaj Merchia (sleep medicine physician, controlled several sleep medicine companies)",Massachusetts - Norfolk County (Brookline); Massachusetts - Suffolk County (Boston); Florida - Palm Beach County (Boca Raton),Private health insurance companies (unnamed commercial insurers),390000.0,,,Phantom Claims,Phantom Claims; other; Money laundering of proceeds,convicted at trial,"From 2017 to 2019 Merchia billed commercial insurers millions of dollars — up to hundreds of thousands per patient — for sleep apnea machines that his former patients had not used for years and in some cases had returned to him, using proceeds to buy a $2.1 million Brookline home; he separately billed over $390,000 (the only quantified insurance figure) for treating his own brother, and after being told he could not bill for a family member, created a new medical business in a nominee's name to keep the payments flowing. He also failed to report over $6.5 million in income from 2009 to 2019 by falsely claiming a co-conspirator owned the businesses via a sham 2008 sale."
doj-and-seattle-based-fidalab-llc-settle-allegations-it-inflated-bills-to-government-health-care-programs_0ef248f451fd.pdf,2026-01-12,"U.S. Attorney's Office, Western District of Washington",,"FidaLab, LLC (Seattle medical testing laboratory)",Washington - King County (Seattle),Medicare,,2000000.0,,Unbundling,Unbundling,civil settlement,"FidaLab sought permission to bill a series of urinary tract infection tests as a single panel; after that request was denied, it billed the same tests under multiple separate billing codes instead of one code, inflating charges to Medicare. The lab paid $2 million to resolve the False Claims Act allegations without admitting fault and agreed not to bill patients for the unallowed costs."
dominican-national-pleads-guilty-to-federal-fraud-charges_ad0deedfa03d.pdf,2026-03-23,"U.S. Attorney's Office, District of Rhode Island",,William Jose Alejandro Arias Amador,Rhode Island - Providence,Medicaid,,,,other,other; Falsify certificate,pleaded guilty,"Defendant, a Dominican national residing in Providence, used a U.S. citizen's identity and Social Security number to apply for and obtain Medicaid and SNAP benefits for which he was ineligible; he pleaded guilty to false representation of a Social Security number, health care fraud and wire fraud."
dominican-national-pleads-guilty-to-illegal-reentry-misuse-of-social-security-number-and-benefits-fraud_1ff1e8f9d0f5.pdf,2026-04-02,"U.S. Attorney's Office, District of Rhode Island",,Jesus Matos Perez (beneficiary; Dominican national residing illegally in the U.S.),Rhode Island - Providence,Medicaid,75000.0,,,Beneficiary eligibility fraud (stolen identity),Beneficiary eligibility fraud (stolen identity); other,pleaded guilty,"For roughly ten years the defendant used the stolen identities, dates of birth and Social Security numbers of two U.S. citizens to enroll in and collect approximately $75,000 in combined Medicaid, SNAP and unemployment benefits for which he was not eligible; he pleaded guilty to illegal entry, false representation of a Social Security number, health care fraud and wire fraud."
dominican-national-sentenced-for-fraudulently-obtaining-social-security-benefits-and-medicare-coverage-using-s_74c310a91704.pdf,2026-06-22,"U.S. Attorney's Office, Southern District of Florida",2021-02 to 2025-08,"Juan Francisco De La Cruz Mejia (Dominican national, beneficiary)",Florida - Miami-Dade County (Miami Springs),Medicare; Social Security Administration (Title II disability benefits),3400000.0,,52,other,other; Phantom Claims,sentenced,"Defendant used a stolen U.S. citizen's name and Social Security number to collect $105,057.90 in Social Security Title II disability benefits and to enroll in Medicare in April 2021; under that stolen identity he obtained medical services, prescription drugs and DME, causing providers to bill Medicare Parts A, B and D approximately $3.4 million, of which Medicare paid about $108,057.63."
dominican-nationals-sentenced-in-federal-benefits-fraud-cases_ad9ec9cbac53.pdf,2026-07-13,"U.S. Attorney's Office, District of Rhode Island",,"Jesus Matos Perez (Dominican national, benefits recipient using stolen identities); William Jose Alejandro Arias Amador (Dominican national, benefits recipient using stolen identity)",Rhode Island,Medicaid,75000.0,,18,Identity theft benefits fraud,Identity theft benefits fraud; other,sentenced,"Two Dominican nationals used stolen Social Security numbers and identities of U.S. citizens to enroll in and receive Medicaid, SNAP and unemployment benefits they were ineligible for; Matos Perez obtained roughly $75,000 in benefits over about ten years using two stolen identities and received 18 months, while Arias Amador used a stolen identity to obtain Medicaid and SNAP benefits and received 12 months and one day."
dozens-charged-with-health-care-fraud-in-federal-and-state-cases-involving-5-76-million-in-billings-to-pennsyl_1f16e6dd9499.pdf,2026-08-04,"U.S. Attorney's Office, Eastern District of Pennsylvania",2023-07 to 2026-05,"Joseph Pizzo (Medicaid recipient); Tiziana Taormina (personal care aide); Donna Romsteadt (Medicaid recipient); Alyssa Cuculino (home care aide); Louise Israel (home care aide); Elexis Cuculino (Medicaid recipient); Albert Coccia Jr. (Medicaid recipient); Santino Coccia (home care aide); Sean Murray (home care worker); Charles Bowie (home care worker); Khaleelah Williams (owner, Benevolent Home Health LLC); Saleemah Davis (owner, Benevolent Home Health LLC); Benevolent Home Health LLC (home care agency)",Pennsylvania - Philadelphia County (Philadelphia); Pennsylvania - Bucks County,Medicaid (Pennsylvania Medicaid),5760000.0,,,Phantom Claims,Phantom Claims; Falsify certificate; kickback_Bribery For Referral,charged,"Across three federal cases (plus related state charges), home care aides and Medicaid recipients allegedly submitted false clock-ins and billed Pennsylvania Medicaid for personal home care services never rendered - claiming hours while aides were incarcerated, hospitalized, working other jobs (construction, rideshare/food delivery), vacationing overseas (Saudi Arabia, Jamaica, Colombia), trafficking drugs, or even deceased. Amounts span multiple defendants: approx. $160,000 (Pizzo/Taormina), $445,000 (Romsteadt et al.), $211,000 (Coccias), $400,000 (Murray, who also paid kickbacks to clients to participate), $600,000 (Bowie), and $224,000 (Williams/Davis/Benevolent Home Health), with the overall announced total of $5.76 million in Medicaid billings including state cases."
eastern-district-of-louisiana-u-s-attorneys-office-collects-over-900-000-000-in-civil-and-criminal-actions-in-_1aacd0a5d593.pdf,2026-01-28,"U.S. Attorney's Office, Eastern District of Louisiana",,Shiva Akula (owner of healthcare agencies),Louisiana,Medicare,,4700000.0,,other,other,convicted at trial,"Annual collections announcement; the only health care matter described is defendant Shiva Akula, who was found guilty at trial of health care fraud (18 U.S.C. § 1347), with approximately $4.7 million in restitution to Medicare collected between October 2024 and April 2025 through Writs of Execution and the sale of his healthcare agencies. The document does not describe the billing mechanics of the underlying scheme."
eastern-iowa-occupational-therapist-convicted-in-drug-tampering-scheme_b1e6549703e6.pdf,2026-05-13,"U.S. Attorney's Office, Northern District of Iowa",2024-11 to 2025-03,Eric Leo Newsom (licensed occupational therapist; owner/operator of occupational therapy company),Iowa - Linn County (Cedar Rapids),,,,,Drug diversion/tampering,Drug diversion/tampering,pleaded guilty,"A licensed occupational therapist diverted narcotics from current and former patients: he picked up an elderly hospice patient's hydrocodone prescription from a pharmacy and substituted score-marked zinc tablets in the container, leaving her without pain medication for two days before her death; he also burglarized assisted-living apartments to steal narcotics from other residents."
edmond-doctor-pays-110-000-to-settle-civil-penalty-claims-stemming-from-allegations-of-controlled-substance-re_852ea460011d.pdf,2026-05-11,"U.S. Attorney's Office, Western District of Oklahoma",2024-01 to 2025-07,"Edward Shadid, MD (board-certified spinal surgeon; operator of Spine & Pain Care of Oklahoma clinics in Edmond and Lawton)",Oklahoma - Edmond; Oklahoma - Lawton,,,110000.0,,Controlled substance recordkeeping violation,Controlled substance recordkeeping violation,civil settlement,"The United States alleged that Dr. Shadid transferred Schedule II controlled substances between his Edmond and Lawton clinics without using DEA Form 222s, failed to keep accurate records of Schedule IV transfers, did not obtain a separate DEA registration for the Lawton clinic, and failed to maintain a biennial inventory; he paid $110,000 in civil penalties without admitting liability."
el-paso-doctor-enters-200-000-settlement-following-state-and-federal-fraud-allegations_654b07ced668.pdf,2026-01-22,"U.S. Attorney's Office, Western District of Texas",2017-12 to 2021-05,Dr. Brian August (physician),Texas - El Paso County (El Paso),Medicare Part D; Texas Medicaid,,200000.0,,FakeEncounter,FakeEncounter; other,civil settlement,"Dr. August allegedly issued 255 controlled substance prescriptions (Schedule II and IV opioids, benzodiazepines and other drugs) to 15 patients without a legitimate medical purpose, documented medical necessity, or compliance with Texas pain-treatment requirements; because the patients were Medicare Part D and/or Texas Medicaid beneficiaries, the resulting pharmacy claims were not reimbursable. He paid $200,000, including $44,380.55 restitution to Medicare Part D and $994.22 to Texas Medicaid, and surrendered his DEA registration and medical license."
eye-practice-and-physician-owner-agree-to-pay-415-000-to-resolve-allegations-of-false-claims-to-medicare_17789be6ef6a.pdf,2026-04-22,"U.S. Attorney's Office, District of Massachusetts",2018-09 to 2020-03,The Mitchell Eye Center (Florida ophthalmology practice); Dr. Alan Mitchell (ophthalmologist and former owner),Florida,Medicare; Veterans Health Administration,,415000.0,,kickback_Bribery For Referral,kickback_Bribery For Referral; FakeEncounter; Falsify certificate,civil settlement,"Mitchell Eye Center received per-referral payments from diagnostics company Eyecuity, PLLC (disguised as fair-market-value rent and administrative service payments) for referring patients for transcranial doppler (TCD) tests, and its physicians signed Eyecuity-supplied order forms falsely documenting a rare Vertebrobasilar Insufficiency diagnosis to establish medical necessity so Eyecuity could bill Medicare and the VA for the unnecessary tests."
eyepoint-pharmaceuticals-to-pay-4-6-million-to-resolve-false-claims-act-allegations_1697ff41092f.pdf,2026-07-17,"U.S. Department of Justice, Civil Division (Commercial Litigation Branch, Fraud Section) and U.S. Attorney's Office, District of Massachusetts; U.S. District Court for the District of Massachusetts",2019-01 to 2023-03,"EyePoint Pharmaceuticals, Inc. (pharmaceutical manufacturer, headquartered in Massachusetts)",Massachusetts,Medicare; Medicaid,,4678982.0,,kickback_Bribery For Referral,kickback_Bribery For Referral,civil settlement,"After launching DEXYCU, an injectable drug for ocular inflammation after cataract surgery, EyePoint allegedly induced Ambulatory Surgery Centers to purchase and dispense the drug by running an 'Assurance Program' that reimbursed or compensated ASCs when insurers denied claims or paid below the ASCs' acquisition cost, and by giving excessive free samples, resulting in tainted claims to federal health care programs; resolved by a $4,657,463.18 federal payment plus $21,518.68 to participating states and a five-year Corporate Integrity Agreement, with the qui tam relator AFCE LLC receiving $791,768.74."
false-claims-act-settlements-and-judgments-exceed-6-8b-in-fiscal-year-2025_cebb971256d3.pdf,2026-01-16,"U.S. Department of Justice, Civil Division, Office of Public Affairs",,,,Medicare; Medicaid; TRICARE,,6800000000.0,,other,other,other,"Annual Justice Department statistical report, not an individual case: False Claims Act settlements and judgments exceeded $6.8 billion in fiscal year 2025, of which over $5.7 billion involved the health care industry (federal losses to Medicare, Medicaid and TRICARE), with emphasis on managed care, prescription drug, and medically unnecessary care matters; 1,297 qui tam suits were filed and qui tam-related recoveries exceeded $5.3 billion."
fayetteville-resident-charged-in-nearly-1-million-pandemic-relief-scam_192898100b84.pdf,2026-08-03,"U.S. Attorney's Office, Eastern District of North Carolina",,"Ronald Ray Brock II (applicant/owner); MedCom Medical Messaging, Inc.; Physicians Answering Group Exchange, Inc.; Answer Pronto, Inc.",North Carolina - Cumberland County (Fayetteville),U.S. Small Business Administration (Paycheck Protection Program),996668.5,,,Pandemic relief loan fraud,Pandemic relief loan fraud; Falsify certificate; Phantom Claims,charged,"Brock allegedly obtained $996,668.50 in PPP loans in the names of three shell companies (medical answering/messaging businesses) by falsely claiming they had 14-57 employees and monthly payroll of $32,000-$121,000, when the companies had no operations, employees or payroll; he supported the applications with fabricated tax returns and other falsified documents, obtained duplicate loans for one company through two lenders, and made further false statements to obtain SBA loan forgiveness."
federal-charges-announced-in-multi-million-dollar-medicaid-fraud-scheme-and-prescription-drug-diversion-conspi_268d961ec0f4.pdf,2026-06-25,"U.S. Attorney's Office, Eastern District of Wisconsin",2019 to 2025-09,Jasmine Cooper (operator of a prenatal care coordination agency); Jerry Jones III (physician/DEA-registered prescriber),Wisconsin - Milwaukee County (Brown Deer); Wisconsin - Ozaukee County (Mequon),Wisconsin Medicaid,5800000.0,294851.0,,Phantom Claims,Phantom Claims; Upcoding; Prescription drug diversion,charged,"Cooper, authorized to operate a prenatal care coordination agency serving at-risk pregnant women, submitted thousands of false claims to Wisconsin Medicaid for services beneficiaries never received and misstated the duration, frequency, date and nature of services, billing over $5.8 million and being paid over $5.4 million, and used another person's means of identification without authority. Separately charged in the same announcement, Dr. Jerry Jones III conspired to distribute Adderall, Ritalin and other controlled substances outside the usual course of professional practice, agreeing to forfeit $294,850.72 in proceeds; the office noted four similar prenatal care coordination schemes costing Wisconsin Medicaid over $15.5 million in total."
federal-charges-filed-in-two-separate-cases-involving-non-emergent-medical-transportation-fraud_932339a35daf.pdf,2026-02-10,"U.S. Attorney's Office, District of Colorado (with the Colorado Attorney General's Office / Medicaid Fraud, Abuse & Neglect Unit)",2022-03 to 2023-10,"Ashley Marie Stevens (owner, Armistead Twin Rides, LLC); Wesam Yassin (owner, Sama Limo)",Colorado - Mesa County; Colorado - Douglas County,Colorado Medicaid,4300000.0,,,Phantom Claims,Phantom Claims; Upcoding; Money laundering of proceeds,charged,"Two separately indicted non-emergent medical transportation (NEMT) providers billed Colorado Medicaid for rides that never occurred or had no related medical appointment: Stevens billed over $1 million through Armistead Twin Rides, including more than $400,000 for rides for herself and family, over $150,000 for rides that did not occur or went to non-medical destinations, and more than $450,000 for purported 400+ mile trips; Yassin billed about $3.3 million through Sama Limo, including roughly $283,000 for 64 rides for one beneficiary of which about $165,000 was for rides billed after the beneficiary's death. Proceeds were allegedly spent on a luxury vehicle, a home, jewelry, travel and cosmetic surgery (figures span both defendants)."
federal-grand-jury-returns-indictments-in-significant-tax-fraud-cases_e28f6941df5c.pdf,2026-04-07,"U.S. Attorney's Office, Western District of Tennessee",2019-02 to 2023-01,"Yoshi Dawn Matthews (tax preparer); Ricky Darnell Matthews (operator of DYM Financial Services); DYM Financial Services; Julie Robinson Wade (business owner, granite fabrication company)",Tennessee - Shelby County (Memphis),,1438000.0,,,Tax fraud,Tax fraud; Falsify certificate,charged,"Two separate indictments announced together: Yoshi Dawn Matthews prepared and filed federal income tax returns for clients between February 2019 and January 2023 falsely claiming the fuel tax credit (asserting taxpayers used hundreds of thousands of gallons of fuel), filed through DYM Financial Services operated by her son Ricky Darnell Matthews, causing an approximate $1,438,000 tax loss; separately, Julie Robinson Wade allegedly failed to file quarterly employment tax returns and failed to pay over approximately $147,676 in income, Medicare and Social Security taxes withheld from her granite company's employees (2019-2022). No health care payer was involved."
federal-health-care-fraud-takedown-targets-455-defendants-and-6-5-billion-in-false-claims_e570b3d8e9ce.pdf,2026-06-23,"U.S. Attorney's Office, Western District of Missouri",2023-12 to 2024-07,Darcee Jo Heath (purported graduate practical nurse); Romond E. Holt (personal care services provider); Carolyn S. McGinnis (Medicaid recipient); Kevin E. Oliver (personal care services provider),"Missouri - Camden County (Linn Creek); Missouri - Jackson County (Kansas City, Independence); Missouri - Ray County (Richmond)",Medicaid (Missouri Medicaid),13938.0,,,Phantom Claims,Phantom Claims; Falsify certificate,charged,"Three defendants allegedly submitted false Missouri Medicaid claims for personal care services never rendered because the recipients were hospitalized or in long-term rehabilitation facilities: Holt filed 32 claims ($4,743.61), McGinnis filed 35 claims for an attendant who was not providing care while she was not living at home ($3,022.94), and Oliver filed 82 claims ($6,171.40). A fourth defendant, Heath, allegedly forged college records and a nursing diploma to obtain hospital employment as a graduate practical nurse. Figures span multiple defendants; announced as part of the 2026 National Health Care Fraud Takedown charging 455 defendants nationwide with over $6.5 billion in false claims."
federal-jury-convicts-three-women-for-conspiracy-to-commit-wire-fraud-related-to-rocky-hill-pharmacy_c8f5aa74b456.pdf,2026-03-13,"U.S. Attorney's Office, Eastern District of Tennessee",,Tiffany Haney; Anne Warren; Tina Roper; Rocky Hill Pharmacy,Tennessee - Knox County (Knoxville),Medicare; Medicaid (TennCare),,,,Falsify certificate,Falsify certificate; Phantom Claims; other,convicted at trial,"Three women associated with Rocky Hill Pharmacy altered healthcare providers' prescriptions without authorization to add medications, and submitted claims to Medicare, TennCare and other payors for the added drugs; some prescriptions were fabricated entirely using providers' names/identities without authorization."
federal-jury-finds-memphis-physician-guilty-of-adulterated-and-misbranded-medical-devices-and-health-care-frau_cb6901037dd4.pdf,2026-01-08,"U.S. Attorney's Office, Western District of Tennessee",2019-09 to 2024-04,"Sanjeev Kumar (physician/gynecologic oncologist, operator of Poplar Avenue Clinic)",Tennessee - Shelby County (Memphis),Medicare; Medicaid,41000000.0,,240,FakeEncounter,FakeEncounter; other,convicted at trial,"Kumar and the advanced practitioners he supervised performed over 15,000 in-office hysteroscopy-with-biopsy procedures on 5,559 Medicare and Medicaid patients between September 2019 and April 2024, billing more than $41 million (netting over $4.8 million from Medicare and Medicaid) for procedures that were not medically necessary and were performed with adulterated, improperly reprocessed or reused single-use hysteroscopes and graspers. A related release notes he was later sentenced to 20 years in prison."
federal-jury-finds-mother-and-daughter-guilty-of-medicare-fraud-scheme-and-payment-of-illegal-kickbacks_a16e1e957dd7.pdf,2026-03-26,"U.S. Attorney's Office, Southern District of California",,"Cindy Justice (owner and president of PureScience Rx); Ashleigh Davis (operations manager, licensed pharmacy technician); PureScience Rx (pharmacy)",California - San Diego County (Poway),Medicare,4900000.0,,,kickback_Bribery For Referral,kickback_Bribery For Referral; FakeEncounter; Falsify certificate; other,convicted at trial,"Owners of a Poway pharmacy paid marketers commissions based on Medicare reimbursements for prescriptions generated by telemarketing call centers and sham telehealth encounters with no legitimate examination, concealing the kickbacks with sham contracts and fabricated hourly invoices; many prescriptions were issued using stolen nurse practitioner identities, and expensive medically unnecessary drugs (including non-FDA-approved 'footbath' drugs) were billed to Medicare, which paid over $4.9 million."
felon-indicted-in-multimillion-dollar-healthcare-kickback-and-false-documents-conspiracy_143c0a761476.pdf,2026-06-24,"U.S. Attorney's Office, Eastern District of North Carolina",,"Murad ""Mike"" Ayyad (owner/controller of laboratories and other entities)",North Carolina,Medicare; Health Resources Services Administration (HRSA); TRICARE; other payers,,,,kickback_Bribery For Referral,kickback_Bribery For Referral; Falsify certificate; FakeEncounter,charged,"Ayyad allegedly solicited and received kickbacks from clinical laboratories (including two in which he had de facto ownership) in exchange for generating referrals for laboratory testing billed to Medicare, HRSA and TRICARE, and paid kickbacks (meals, cash and in-kind payments) to independent contractor sales reps and providers to induce referrals; dozens of sham invoices and contracts were created to conceal the payments, at least one of which was given to federal investigators."
first-assistant-united-states-attorney-sarcone-announces-ten-capital-region-actions-five-arrests-and-civil-set_6ade711bea2e.pdf,2026-06-23,"U.S. Attorney's Office, Northern District of New York",2020-01 to 2025-03,"Joseph Carl (owner/manager, Carl's Cab); Randolph Ekstrom (manager, Carl's Cab); Muhammad Zishan (manager, Latham Taxi Inc.); Madiha Javed (manager, Latham Taxi Inc.); Ghazali Shaikh (manager, Latham Taxi Inc.); Douglas C. Cline, M.D. P.C. d/b/a Chronic Pain Management; Douglas C. Cline, M.D. (owner); Laurie McKenna (nurse practitioner); Aptihealth Inc. and Aptihealth Medical, PLLC (telehealth behavioral health provider)","New York - Saratoga County (Clifton Park, Saratoga Springs); New York - Montgomery County (Canajoharie); New York - Warren County (Glens Falls, Queensbury, Bolton Landing); New York - Albany County (Latham)",Medicaid (New York State); Medicare,4962655.0,800000.0,,kickback_Bribery For Referral,kickback_Bribery For Referral; Phantom Claims; Upcoding; FakeEncounter; other,charged,"Two Medicaid non-emergency transportation companies (Carl's Cab and Latham Taxi Inc.) allegedly paid Medicaid recipients cash, controlled substances and other things of value to induce them to use their rides to medical appointments including methadone clinics, and the Latham Taxi defendants also allegedly falsified trip data to overbill and bill for trips never provided, obtaining $4,296,374.02 and $666,281.42 in Medicaid reimbursements respectively; separately, a pain clinic and its owner/nurse practitioner paid $500,000 to resolve allegations of prescribing high-dose opioids tied to recurring cash payments without adequate oversight, and a telehealth behavioral health provider paid $300,000 over billing Medicare/Medicaid for services not rendered or undocumented, billing administrative tasks as medical services, and giving gift cards to induce recipients to receive services."
five-ophthalmology-practices-agree-to-pay-nearly-6m-to-resolve-allegations-of-fraudulent-claims-to-medicare-an_cf7146fee55c.pdf,2026-01-15,"U.S. Department of Justice, Civil Division and U.S. Attorney's Office, Middle District of Florida",2018-01 to 2022-06,Clay Eye Holdings LLC (ophthalmology practice); Retina Macula Specialist of Miami LLC (ophthalmology practice); Florida Eye Institute P.A. (ophthalmology practice); Miami Eye LLC (ophthalmology practice); Kendall Eye Institute Inc. (ophthalmology practice),Florida,Medicare; Medicaid (Florida Medicaid),,5975000.0,,kickback_Bribery For Referral,kickback_Bribery For Referral; FakeEncounter; Falsify certificate,civil settlement,"Five Florida ophthalmology practices performed trans-cranial doppler ultrasounds (TCDs) on thousands of patients and billed Medicare and Medicaid hundreds of dollars per test, attributing to patients a serious qualifying diagnosis that nearly none of them actually had and that appeared neither in their medical history nor in the TCD results; the practices paid a third-party testing company based on the volume or value of tests ordered and referred patients to that company's preferred radiology group for the professional component, in alleged violation of the Anti-Kickback Statute and Stark Law. Settlement figures total $5,975,000 across the five practices, of which $333,500 goes to Florida's Medicaid share and $1,135,250 to the qui tam whistleblower."
florida-doctor-pleads-guilty-to-making-false-statements-in-connection-with-multi-million-dollar-health-care-fr_6082285e3dd7.pdf,2026-03-23,"U.S. Attorney's Office, District of Massachusetts",2020-02 to 2020-06,Simon Grinshteyn (Florida-based doctor),,Medicare,3100000.0,,,Falsify certificate,Falsify certificate; FakeEncounter,pleaded guilty,"Grinshteyn worked with a purported telemedicine company and signed pre-populated medical records and doctors' orders for medically unnecessary genetic testing and DME for Medicare beneficiaries he never contacted or examined; DME suppliers and laboratories then used the signed orders to bill Medicare, which paid over $3.1 million."
florida-laboratory-agrees-to-pay-9-8m-to-resolve-false-claims-act-liability-relating-to-self-disclosure-of-com_7cee312e2e3c.pdf,2026-07-20,"U.S. Department of Justice, Civil Division, Commercial Litigation Branch, Fraud Section",,NeoGenomics Laboratories Inc. (clinical laboratory),Florida,Medicare,,9813260.0,,kickback_Bribery For Referral,kickback_Bribery For Referral,civil settlement,"The government alleged NeoGenomics, through its Laboratory Clinical Initiative, gave 28 health care providers laboratory consulting services (to set up in-house flow cytometry and FISH capabilities) at below fair market value to induce referrals of clinical laboratory tests, and paid independent consultants compensation varying with the volume or value of referrals for identifying provider customers, violating the Anti-Kickback Statute and Stark Law; NeoGenomics self-disclosed and paid $9,813,260."
florida-laboratory-owner-pleads-guilty-to-52m-medicare-fraud-scheme-involving-genetic-tests_44aef75826ba.pdf,2026-01-29,"U.S. Attorney's Office, Southern District of Florida",,"Sean Alterman (owner/operator of Live Beyond Medical MGMT, LLC and Dynix Diagnostics LLC); Live Beyond Medical MGMT, LLC; Dynix Diagnostics LLC; Shivv LLC (shell company); Shank LLC (shell company)",Florida - Palm Beach County (Lake Worth),Medicare,52000000.0,,,kickback_Bribery For Referral,kickback_Bribery For Referral; FakeEncounter; Falsify certificate; Money laundering of proceeds,pleaded guilty,"Alterman's two labs bought doctors' orders for expensive genetic tests from patient recruiters who used deceptive telemarketing and 'doctor chasing' faxes falsely claiming a mutual patient relationship to get physicians to sign prescriptions for medically unnecessary tests; the labs billed Medicare about $52 million and were paid about $36 million, with roughly $5.5 million flowing to Alterman through shell companies Shivv LLC and Shank LLC. He agreed to forfeit his Lake Worth estate and a 2022 Rolls Royce Ghost."
florida-laboratory-owner-pleads-guilty-to-52m-medicare-fraud-scheme-involving-genetic-tests_5cc27f3c42a3.pdf,2026-01-26,"U.S. Department of Justice, Criminal Division, Fraud Section; USAO - Southern District of Florida",,"Sean Alterman (owner/operator of laboratories); Live Beyond Medical MGMT, LLC; Dynix Diagnostics LLC; Shivv LLC; Shank LLC",Florida - Palm Beach County (Lake Worth),Medicare,52000000.0,,,kickback_Bribery For Referral,kickback_Bribery For Referral; FakeEncounter; Falsify certificate,pleaded guilty,"Alterman's two labs purchased doctors' orders for expensive genetic tests from patient recruiters who used deceptive telemarketing and 'doctor chasing' faxes falsely claiming a mutual patient to trick physicians into signing prescriptions for medically unnecessary tests; the labs billed Medicare about $52 million and were paid about $36 million, with roughly $5.5 million routed to Alterman through shell companies, and he agreed to forfeit his estate and a 2022 Rolls Royce Ghost."
florida-man-pleads-guilty-in-health-care-fraud-and-kickback-scheme-involving-foot-baths_ad1ed0ba3175.pdf,2026-04-03,"U.S. Attorney's Office, Middle District of Pennsylvania",2019 to 2020,"Frank Suess (a.k.a. Franz P. Suess) (financier/controller of pharmacies, Medivalue Florida LLC); Luis Salgado (MedX Marketing Solutions); Melissa Driscoll (Sterling Pharmacy purchaser); Victor Velazco; Dave Singh; Warren Pizik; Diana Castro",Pennsylvania - Lackawanna County (Jermyn); Pennsylvania - Monroe County (East Stroudsburg); Florida - Palm Beach County (Wellington); New York,Medicare; Medicare-sponsored prescription drug plans; private health insurance fund,700000.0,4000000.0,,FakeEncounter,FakeEncounter; kickback_Bribery For Referral; Falsify certificate; other,pleaded guilty,"Suess secretly financed and controlled pharmacies (Sterling in PA, DCE in TX, Motto in FL) and steered high-cost mail-order prescription 'foot bath' drug combinations (vancomycin, tobramycin, moxifloxacin drops, etc.) to them, billing private insurance, Medicare and Medicare Part D for medically unnecessary drugs ordered via prechecked, templated forms collected at New York 'health fairs' with no patient evaluation; kickbacks were paid for signed order forms and disguised as an hourly 'marketing services agreement' with codefendant Salgado's MedX Marketing Solutions, and a false compliance document was created to obstruct the investigation. The $700,000 profit figure relates to the conspiracy's fraudulent foot bath orders from one private insurance fund; Suess forfeits a Florida property valued at about $4 million.
"
florida-man-pleads-guilty-to-conspiracy-to-violate-the-anti-kickback-statute_1f93fb3d8181.pdf,2026-01-30,"U.S. Attorney's Office, District of Massachusetts",2020-03 to 2022-04,Deane Gilmore (owner and manager of Jupiter Medical Associates Inc. and Granite Medical Associates Inc.); Jupiter Medical Associates Inc.; Granite Medical Associates Inc.,Florida - Hillsborough County (Brandon),Medicare,6500000.0,,,kickback_Bribery For Referral,kickback_Bribery For Referral; Falsify certificate; FakeEncounter,pleaded guilty,"Gilmore, through two durable medical equipment companies he owned, paid telemarketers/call centers on a per-order basis for DME orders (back, knee, wrist, ankle braces) generated from Medicare beneficiaries' medical information, with documentation making it appear practitioners had legitimately prescribed the braces though the orders were often medically unnecessary and based on false documentation; approximately $6.5 million in kickback-tainted claims were submitted to Medicare, which paid about $2.3 million."
florida-man-sentenced-to-36-months-in-prison_876ad8c4e760.pdf,2026-06-18,"U.S. Attorney's Office, Northern District of Indiana",,Justyn Arch (vice president of a dental practice),Indiana - Porter County (Chesterton); Indiana - Lake County (Crown Point),Indiana Medicaid,,520897.0,36,Phantom Claims,Phantom Claims; other,sentenced,"As vice president of a dental practice with locations in Chesterton and Crown Point, Indiana, Arch submitted claims to Indiana Medicaid for hundreds of dental surgeries that were never performed, using patients' personal identifiers without authorization to support the fraudulent claims, and evaded taxes on the resulting income; restitution of $520,897 covers the Medicaid and IRS losses combined."
florida-man-sentenced-to-five-years-for-orchestrating-multimillion-dollar-medicare-billing-fraud-scheme_3edbc6d00fb7.pdf,2026-03-18,"U.S. Attorney's Office, Southern District of New York",2016 to 2021-04,"Ted Albin (operator of Grapevine Professional Services, medical billing company); Grapevine Professional Services; Erin Foley (co-owner of DME supply companies)",Florida - Stuart (Martin County); New York,Medicare,38000000.0,,60,kickback_Bribery For Referral,kickback_Bribery For Referral; Falsify certificate; FakeEncounter,sentenced,"Albin ran a medical billing company that submitted thousands of Medicare reimbursement claims for durable medical equipment (back, knee, wrist and shoulder braces) on behalf of DME supply companies, including ones he and his sister owned, based on prescriptions illegally purchased with kickbacks and often bearing forged doctor signatures and no medical necessity; the DME companies billed Medicare over $38 million and were paid over $12 million."
florida-nursing-assistant-convicted-in-11-4m-health-care-fraud-scheme-targeting-medicare-beneficiaries_eb77882ea78b.pdf,2026-01-22,"U.S. Department of Justice, Criminal Division Fraud Section; U.S. Attorney's Office, Southern District of Florida",,"Christian ""Chris"" Cruz (nursing assistant; owner/operator of a Florida durable medical equipment supplier); unnamed co-conspirator (co-owner, convicted felon, charged and at large)",Florida - Broward County (Pompano Beach/Fort Lauderdale),Medicare,11400000.0,,,FakeEncounter,FakeEncounter; kickback_Bribery For Referral; Ineligible provider enrollment; other,convicted at trial,"Cruz owned a Florida DME supplier and, with a co-conspirator, paid kickbacks and bribes to obtain signed doctors' orders that were used to ship thousands of orthotic braces to hundreds of Medicare beneficiaries nationwide who neither requested nor needed them, then billed Medicare $11.4 million; he also falsely told Medicare he was the sole owner to hide his convicted-felon partner, and withdrew proceeds in cash amounts just under the $10,000 bank reporting threshold (structuring)."
florida-nursing-assistant-sentenced-to-nine-years-in-prison-for-11-4m-health-care-fraud-scheme-targeting-medic_d67f1e3bec18.pdf,2026-04-14,"U.S. Department of Justice, Criminal Division Fraud Section; U.S. Attorney's Office for the Southern District of Florida",,"Christian ""Chris"" Cruz (nursing assistant; owner/operator of a Florida durable medical equipment supplier); unnamed co-conspirator (co-owner, convicted felon, charged and at large)",Florida - Broward County (Pompano Beach),Medicare,11400000.0,4437217.0,108,FakeEncounter,FakeEncounter; kickback_Bribery For Referral; Falsify certificate; Ineligible provider enrollment; other,sentenced,"Cruz owned a Florida DME supplier and, with a co-conspirator, paid kickbacks and bribes to obtain signed doctors' orders, then shipped orthotic braces to hundreds of Medicare beneficiaries nationwide who neither requested nor needed them and billed Medicare $11.4 million. He also concealed his felon co-owner from Medicare during enrollment and structured cash withdrawals of proceeds just under $10,000 at multiple South Florida bank branches."
foreign-national-charged-with-orchestrating-health-care-fraud-scheme-targeting-medicare-advantage-programs_9eebafb20aa2.pdf,2026-03-20,"U.S. Attorney's Office, Northern District of California",2024-10 to 2025-06,Anar Rustamov (creator/operator of Dublin Helping Hand); Dublin Helping Hand,California - Alameda County (Dublin); California - Santa Clara County (Sunnyvale),Medicare Advantage Organizations (Medicare Part C),90000000.0,,,Phantom Claims,Phantom Claims; Falsify certificate; FakeEncounter,charged,"Rustamov allegedly created an entity, Dublin Helping Hand, and submitted thousands of claims to Medicare Advantage Organizations for durable medical equipment such as blood glucose monitors and orthotic braces that was never provided, was not medically necessary, and was not ordered by the referring provider listed on the claims; beneficiaries were unaware their information was used."
foreign-national-indicted-in-multimillion-dollar-healthcare-fraud-conspiracy_c64ce385d9ff.pdf,2026-06-23,"U.S. Attorney's Office, Eastern District of North Carolina",,"James Thomas Foley (owner/affiliate of DME supply companies); Randal Fenton Wood (co-defendant, pleaded guilty)",North Carolina - Franklin County (Youngsville),Medicare; CHAMPVA; TRICARE,14000000.0,,,FakeEncounter,FakeEncounter; kickback_Bribery For Referral; Falsify certificate,charged,"Foley and others allegedly bought Medicare beneficiary information and prefilled DME orders from marketing entities that solicited beneficiaries with waived copays/deductibles, then used a 'doctor chase' model to pressure physicians into signing or altering orders for medically unnecessary braces and pneumatic compression devices; DME companies owned by or affiliated with Foley received over $14 million from Medicare alone, with additional billing to CHAMPVA and TRICARE. Co-defendant Randal Fenton Wood previously pleaded guilty in the same conspiracy."
former-albuquerque-dentist-ordered-to-pay-320-000-for-violating-controlled-substances-and-false-claims-acts_0e45acf60a49.pdf,2026-07-02,"U.S. Attorney's Office, District of New Mexico",2020-07 to 2021-02,"William C. Gardner, DDS (former Albuquerque dentist)",New Mexico - Bernalillo County (Albuquerque),,,320000.0,,Unlicensed prescribing,Unlicensed prescribing; other,civil settlement,"After his New Mexico dental license was revoked and his state controlled-substances registration expired, the dentist continued to use his DEA registration number and his office's electronic medical records system to issue 94 prescriptions (mostly Schedule II narcotics); the court found him liable for 80 unlawful prescriptions and imposed a $4,000 civil penalty per violation under the Controlled Substances Act, totaling a $320,000 judgment."
former-anesthesiology-resident-sentenced-for-stealing-and-using-narcotic-pain-medicine-while-on-duty_7ad1f7c94743.pdf,2026-02-02,"U.S. Attorney's Office, Western District of Washington",2024-01 to 2024-12,"Andrew Voegel-Podadera (anesthesiology resident, UW Medicine system)",Washington - King County (Seattle),,,,,Drug diversion by provider,Drug diversion by provider; other,sentenced,"A resident anesthesiologist rotating at Seattle Children's Hospital, Harborview and UW Medical Centers secretly took fentanyl, hydromorphone and other narcotics intended for his patients, refilling the vials with saline and returning them to the pharmacy as 'wastage,' and used the drugs while on duty treating patients; he obtained the controlled substances by fraud and was sentenced to one year of supervised release with 200 hours of community service."
former-board-chairman-and-executive-director-of-healthcare-non-profit-indicted-for-embezzlement-bribery-and-ki_78ade68e85ec.pdf,2026-03-31,"U.S. Attorney's Office, Eastern District of New York",2020-08 to 2024-01,Jean Ronald Tirelus (former chairman of the nonprofit's board of directors); Roberto Samedy (executive director); Edouardo St. Fort (vendor company owner); Miguel Jorge (vendor company owner),New York - Kings County (Brooklyn),Medicaid (New York); New York City (homeless shelter contracts),1300000.0,,,other,Embezzlement of program funds; kickback_Bribery For Referral; Money laundering of proceeds,charged,"Tirelus and Samedy, leaders of a Brooklyn nonprofit that provided Medicaid-funded home care and operated NYC homeless shelters, allegedly embezzled more than $1.3 million, including inducing the board in May 2023 to approve an $800,000 'affordable housing joint venture' investment that was wired to a shell company controlled by Tirelus; separately they steered millions in shelter security, maintenance and furniture contracts to vendor companies controlled by St. Fort and Jorge in exchange for bribes and kickbacks."
former-brookline-doctor-convicted-of-health-care-fraud-and-tax-fraud_f47e7a66d99f.pdf,2026-01-29,"U.S. Attorney's Office, District of Massachusetts",2009 to 2019,"Dr. Pankaj Merchia (physician); Dr. Shona Pendse (alleged co-conspirator, charged)",Massachusetts - Norfolk County (Brookline); Florida - Palm Beach County (Boca Raton),Private/commercial insurance companies (unnamed),390000.0,,,Phantom Claims,Phantom Claims; other; Money laundering of proceeds,convicted at trial,"Physician billed former patients' insurance companies from 2017 to 2019 for monthly CPAP/BiPAP machine rentals although he had not treated those patients since at least 2011 and some had returned the devices; separately he billed over $390,000 to another insurer for a CPAP machine supplied to his own brother, and after being told the insurer would not pay for treatment of a family member he created a new medical business and resubmitted the claims. Proceeds funded a Brookline home, a $250,000 wire transfer and at least $140,000 in securities; he also concealed over $6.5 million in medical business income from the IRS through a sham 2008 sale of the businesses to a co-conspirator."
former-brookline-doctor-sentenced-to-more-than-four-years-in-prison-for-health-care-fraud-and-tax-fraud_351fa39b04c1.pdf,2026-06-08,"U.S. Attorney's Office, District of Massachusetts",2009 to 2019,"Dr. Pankaj Merchia (physician); Dr. Shona Pendse (alleged co-conspirator, charged)",Massachusetts - Norfolk County (Brookline); Florida - Palm Beach County (Boca Raton),Private health insurance companies (unnamed),390000.0,1847931.0,58,Phantom Claims,Phantom Claims; Money laundering of proceeds; other,sentenced,"Merchia billed former patients' insurers for monthly CPAP/BiPAP machine rentals from 2017-2019 although he had not treated those patients since at least 2011 and some had returned the devices; he separately billed another insurer over $390,000 for a CPAP machine supplied to his brother, creating a new medical business to resubmit claims after being told family-member treatment was not payable. He also concealed over $6.5 million in medical business income from the IRS via a sham 2008 sale of the businesses to a co-conspirator, and used fraud proceeds to buy a Brookline home, wire $250,000 and buy at least $140,000 in securities."
former-brooklyn-bank-manager-sentenced-to-prison-for-laundering-proceeds-of-medicare-fraud-for-transnational-c_b496ff326a83.pdf,2026-08-12,"U.S. Department of Justice, Criminal Division, Fraud Section / National Fraud Enforcement Division",,"Renat Abramov (former bank relationship manager, Brooklyn branch)",New York - Kings County (Brooklyn),Medicare; private health insurance companies,8000000.0,,18,Money laundering of proceeds,Money laundering of proceeds; Phantom Claims; other,sentenced,"A Russia-based transnational criminal organization submitted fraudulent durable medical equipment claims to Medicare and private insurers through dozens of companies held by nominee owners; Abramov, a bank relationship manager, opened accounts for those nominee owners and facilitated wires, allowing more than $8 million in fraud proceeds to be deposited and moved offshore."
former-delaware-physician-to-pay-180-000-to-resolve-allegations-of-genetic-testing-fraud_03ae166bb7b4.pdf,2026-04-29,"U.S. Attorney's Office, District of Delaware",2019-04 to 2019-11,Dr. Shayasta S. Mufti (physician),Delaware - New Castle County (Newark),Medicare,,180000.0,,FakeEncounter,FakeEncounter; Phantom Claims,civil settlement,"Physician allegedly ordered medically unnecessary genetic tests costing Medicare thousands of dollars per patient for more than 100 beneficiaries with whom she had no physician-patient relationship, based on brief telemedicine consultations or none at all, and never reviewed or used the results in treatment."
former-department-of-justice-prosecutor-and-dallas-defense-attorney-sentenced-for-unauthorized-disposal-of-gov_40e128d34a93.pdf,2026-02-20,"U.S. Attorney's Office, Eastern District of Louisiana (prosecuting); U.S. District Court for the Northern District of Texas (sentencing)",2023-04 to 2023-05,Carlos A. Lopez (former DOJ Trial Attorney / lead prosecutor); Barrett R. Howell (Dallas criminal defense attorney),Texas - Dallas County (Dallas),,,7550.0,,other,other,sentenced,"During a federal health care fraud investigation in Dallas, the lead DOJ prosecutor (Lopez) and a defense attorney (Howell) each deleted text messages between them from their cell phones after a court ordered production of all their communications; Lopez produced only an incomplete set of screenshots. Both pleaded guilty to misdemeanor unauthorized disposal of government records and were sentenced to probation (1 year for Lopez, 6 months for Howell) with fines totaling $7,500 plus $25 special assessments each."
former-doctor-sentenced-for-stealing-identity-to-apply-for-medical-jobs_4b39938c702a.pdf,2026-01-05,"U.S. Attorney's Office, Eastern District of Missouri",2023-04,"Angela K. Boston, indicted as Angela Williams (former doctor)",Oklahoma; Missouri - St. Louis,,,,10,Falsify certificate,Falsify certificate; Ineligible provider enrollment; other,sentenced,"Boston applied for a position on the medical staff of the Choctaw Nation Health Services Authority in Oklahoma using the stolen identity of a St. Louis physician, submitting forged diplomas in the victim doctor's name and a forged State of Missouri medical license; she had previously used the same doctor's identity to fraudulently obtain controlled substances, writing prescriptions in others' names and using another doctor's prescription pad and DEA number."
former-exthera-medical-corporation-executive-admits-to-concealing-patient-deaths-from-fda-and-company-enters-d_eb1c3eafa9fe.pdf,2026-03-05,"U.S. Department of Justice, Criminal Division Fraud Section and U.S. Attorney's Office, District of Massachusetts",2024-03 to 2024-04,"Sanja Ilic (former Chief Regulatory Officer, ExThera Medical Corporation); ExThera Medical Corporation (medical device manufacturer)",California - Carlsbad (defendant); Northern California (company); treatments performed at a clinic in Antigua,,,6444750.0,,other,other,charged,"Ilic, ExThera's chief regulatory officer, concealed from the FDA reportable adverse events - including the deaths of at least two cancer patients treated with the company's blood filtration device at a clinic in Antigua - to avoid regulatory scrutiny, loss of clinical trial partners and financial harm after ExThera had secured $10 million and was launching its first U.S. clinical study. Ilic was charged and agreed to plead guilty; ExThera entered a three-year deferred prosecution agreement, agreeing to a $750,000 criminal penalty (placed in escrow) and consenting to a $5,694,750 forfeiture order."
former-greenville-ceo-employees-indicted-in-multi-million-dollar-health-care-fraud-scheme_869b1cde5617.pdf,2026-03-11,"U.S. Attorney's Office, District of South Carolina",,Kevin S. Murdock (owner/CEO of Premier Medical Laboratory Services); Thomas C. Lee (high-level employee); Vidhya V. Narayanan (high-level employee); Premier Medical Laboratory Services,South Carolina - Greenville,"Medicare; Medicaid (South Carolina, Georgia, Colorado)",,27544460.0,,other,other; Phantom Claims; Falsify certificate,charged,"Defendants at a Greenville diagnostic lab allegedly billed federal health care programs for individual COVID-19 tests when the specimens had actually been pooled together for faster combined processing, and manipulated test processing software, so that the billed tests were virtually worthless and ineligible for reimbursement. Murdock separately agreed to a $27,544,460 consent judgment in a related False Claims Act civil action brought by the U.S. and Colorado, Georgia and South Carolina."
former-medicaid-provider-sentenced-to-federal-prison-for-health-care-fraud-and-aggravated-identity-theft_dfefe1defce4.pdf,2026-04-02,"U.S. Attorney's Office, Middle District of Alabama",2018-10 to 2023-11,"Hasan Jermel Pulliam (child and family therapist, enrolled Alabama Medicaid provider)",Alabama - Anniston (Calhoun County),Medicaid (Alabama Medicaid Agency),718967.0,718967.0,54,Phantom Claims,Phantom Claims; other,sentenced,"Pulliam, a child and family therapist enrolled with Alabama Medicaid in October 2018, used beneficiary identifying information (names, DOBs, Medicaid Recipient ID numbers) obtained through provider referrals, without patient or family consent, to submit claims for counseling sessions that were never provided, receiving $718,967.20 in Medicaid payments through November 2023."
former-mercer-county-pharmacist-sentenced-to-120-months-imprisonment-after-convictions-for-illegally-distribut_347034e7acc9.pdf,2026-06-04,"U.S. Attorney's Office, District of New Jersey",2014 to 2017,"Florence Ndubizu (co-owner and pharmacist-in-charge, Healthcare Pharmacy); Healthcare Pharmacy",New Jersey - Mercer County (Trenton),,,350000.0,120,Controlled substance diversion,Controlled substance diversion; Falsify certificate,sentenced,"As co-owner and pharmacist-in-charge of a single-location Trenton pharmacy, Ndubizu and employees filled fraudulent oxycodone prescriptions outside the usual course of professional practice, dispensing millions of dosage units (over 800,000 pills in 2014, 900,000 in 2015, 800,000 in 2016, 200,000 in 2017) that were diverted to street-level dealers, and she manipulated pharmacy records to evade state and federal reporting; a DEA audit found more than 64,000 oxycodone pills diverted between April 2015 and August 2017."
former-n-charleston-councilmen-co-conspirators-sentenced-in-public-corruption-scheme_1f33f8705c3a.pdf,2026-06-30,"U.S. Attorney's Office, District of South Carolina",,"Jerome Sydney Heyward (former North Charleston City Councilmember); Mike A. Brown (former North Charleston City Council Member); Michelle Stent-Hilton (non-profit applicant); Donavan Laval Moten (founder, Core4Success Foundation); Aaron Charles-Lee Hicks (bribe payer); Hason Fields; Rose Lorenzo (money laundering co-conspirator)",South Carolina - Charleston County (North Charleston),,,200000.0,72,other,other; kickback_Bribery For Referral,sentenced,"Public corruption, not health care fraud: North Charleston Councilman Heyward extorted a businessman for payments tied to official action, took bribes with Councilman Brown from Aaron Hicks to support a rezoning of the Baker Hospital site, and accepted $20,000 kickbacks each from Moten and Stent-Hilton in exchange for supporting their non-profits' applications for city violence-reduction grant funds, then laundered the proceeds with Rose Lorenzo. Heyward received 72 months and $200,000 restitution; Brown 24 months; Stent-Hilton and Moten 18 months each; Hicks previously 15 months."
former-new-york-national-sales-director-sentenced-to-three-years-in-prison-for-kickback-scheme_08dc3c6cd6e6.pdf,2026-02-27,"U.S. Attorney's Office, District of Massachusetts",2013-06 to 2020-09,David Fuhrmann (former Northeast regional national sales director for a mobile medical diagnostics company),New York; Massachusetts,Medicare,70600000.0,28358160.0,36,kickback_Bribery For Referral,kickback_Bribery For Referral; FakeEncounter; Falsify certificate,sentenced,"Fuhrmann and co-conspirators at a mobile diagnostics company paid doctors cash and checks per transcranial doppler (TCD) brain ultrasound ordered, disguising the per-test payments as fair-market-value space rental and administrative services agreements; the medically unnecessary scans generated about $70.6 million in Medicare billings, of which Medicare paid roughly $27.2 million."
former-nfl-player-and-laboratory-owner-convicted-in-328m-genetic-testing-fraud-scheme_d9f8b8c2526e.pdf,2026-02-20,"U.S. Department of Justice, Criminal Division, Fraud Section (federal jury in Dallas)",,Keith J. Gray (owner and operator of Axis Professional Labs LLC and Kingdom Health Laboratory LLC); Axis Professional Labs LLC; Kingdom Health Laboratory LLC,Texas - Dallas; Texas - Collin County (McKinney),Medicare,328000000.0,,,kickback_Bribery For Referral,kickback_Bribery For Referral; FakeEncounter; Money laundering of proceeds,convicted at trial,"Gray's two clinical labs billed Medicare approximately $328 million (about $54 million paid) for medically unnecessary cardiovascular genetic tests obtained by paying per-sample kickbacks to marketers who used telemarketing and 'doctor chase' tactics to secure beneficiary DNA samples, Medicare numbers and signed physician test orders; kickbacks were disguised as 'marketing' hours, 'software' payments and fictitious loans, and proceeds were laundered through luxury vehicle purchases."
former-nfl-player-convicted-for-197m-medicare-fraud_0bec9edc169a.pdf,2026-02-03,"U.S. Department of Justice, Criminal Division, Fraud Section; U.S. District Court for the Middle District of Florida",,Joel Rufus French (owner of a marketing company and of eight durable medical equipment supply companies; former NFL player),Florida - Orange County (Orlando); Mississippi - Monroe County (Amory),Medicare; CHAMPVA (Civilian Health and Medical Program of the Department of Veterans Affairs),197000000.0,,,Falsify certificate,Falsify certificate; FakeEncounter; Phantom Claims; kickback_Bribery For Referral; Money laundering of proceeds,convicted at trial,"French used overseas call centers to pressure elderly Medicare beneficiaries (including Alzheimer's and dementia patients, with some call recordings altered to fake consent) into accepting medically unnecessary orthotic braces, then paid sham telemedicine companies for doctor and nurse practitioner orders signed without any examination; he sold those orders to marketers and DME suppliers and also billed Medicare and CHAMPVA directly through eight DME companies he concealed his ownership of with false documents, including claims for braces for amputees' missing limbs and for deceased beneficiaries, and paid cash (about $225,000 withdrawn, over $10,000 hand-delivered to Orlando) for beneficiary information."
former-nfl-player-sentenced-to-over-16-years-in-prison-for-197m-medicare-fraud_56992c42852b.pdf,2026-05-08,"U.S. Department of Justice, Criminal Division, Fraud Section (Office of Public Affairs); National Fraud Enforcement Division",,Joel Rufus French (owner of a marketing company and beneficial owner of eight durable medical equipment companies),Mississippi - Armory (Monroe County); Florida - Orange County (Orlando),Medicare; CHAMPVA (Civilian Health and Medical Program of the Department of Veterans Affairs),197000000.0,127753619.0,196,kickback_Bribery For Referral,kickback_Bribery For Referral; Falsify certificate; FakeEncounter; other,sentenced,"French used overseas telemarketing call centers to pressure elderly Medicare beneficiaries and CHAMPVA families into accepting medically unnecessary orthotic braces (sometimes altering call recordings to fake consent), paid kickbacks to sham telemedicine companies for doctors' orders signed by clinicians who never examined the patients, sold those orders to marketers/DME suppliers, and also billed Medicare and CHAMPVA directly through eight DME companies he concealed behind straw owners and false documents; he laundered roughly $225,000 in cash, including over $10,000 driven to Orlando to pay accomplices selling beneficiary data."
former-nurse-sentenced-for-drug-diversion-from-boston-area-hospital_42bfd2385775.pdf,2026-01-15,"U.S. Attorney's Office, District of Massachusetts",2022-07-16,Ariana Foley (nurse),Massachusetts - Boston area,,,,,Drug diversion,Drug diversion,sentenced,"While working an overnight ICU shift at a Boston-area hospital, the nurse checked out a bag of Versed (a benzodiazepine) and three bags of fentanyl assigned to an intubated, immobile patient, none of which were scanned into the patient's medical record; she was found slumped in the patient's room with three syringes in her pocket. She pleaded guilty to unlawfully obtaining controlled substances by fraud, deception and subterfuge and received three years' probation and 100 hours of community service."
former-pharmacy-president-sentenced-to-24-months-in-prison-for-health-care-fraud-and-kickback-scheme-involving_1deb8d8cb8fa.pdf,2026-04-20,"U.S. Attorney's Office, District of New Jersey",2014 to 2016,"Adam Brosius (director of business development, later president of Main Avenue Pharmacy); Main Avenue Pharmacy",New Jersey - Passaic County (Clifton),Medicare; TRICARE; commercial insurers,33000000.0,60000000.0,24,kickback_Bribery For Referral,kickback_Bribery For Referral; FakeEncounter,sentenced,"Main Avenue Pharmacy, a mail-order pharmacy, identified compounded drug formulas (scar creams, pain creams, migraine medication, vitamins) with high reimbursement, printed pre-formulated prescription pads and distributed them through marketers to telemedicine companies and doctors; after billing Medicare, TRICARE and commercial payers roughly $33 million for these medically unnecessary compounds, it paid the marketers kickbacks based on referral volume and reimbursement received. Brosius was ordered to pay $33 million restitution and $27 million forfeiture."
former-primary-health-network-facilities-manager-sentenced-to-2-5-years-in-prison-for-role-in-defrauding-non-p_f5299c0c0b40.pdf,2026-05-08,"U.S. Attorney's Office, Western District of Pennsylvania",,"Mark Marriott (former facilities manager, Primary Health Network); Drew Pierce (former CEO, Primary Health Network); Jack Laeng (former CEO, Primary Health Network); TopCoat (shell vendor company)",Pennsylvania - Mercer County (Sharon/Sharpsville),,500000.0,,40,Embezzlement from provider organization,Embezzlement from provider organization; other; Money laundering of proceeds,sentenced,"Executives and a facilities manager of non-profit Primary Health Network inserted a sham company, TopCoat, made up of PHN insiders, between PHN and its legitimate vendors; PHN paid TopCoat inflated amounts while TopCoat did no work and paid the real vendors less, causing over $500,000 in loss. Marriott also directed a PHN vendor to submit inflated invoices to fund kickbacks to himself, Pierce and their jointly owned company, used PHN funds for personal expenses, and failed to report the proceeds on his tax returns. Sentences span three defendants: Pierce 40 months, Marriott 30 months, Laeng 24 months."
former-sober-home-owner-and-operator-sentenced-for-kickback-conspiracy-and-health-care-fraud_d360d4832b94.pdf,2026-04-24,"U.S. Attorney's Office, Eastern District of Kentucky",2019 to 2022-03,"Delores Jordan (owner of Serenity Keeper's, LLC); Ernest Williams (operator of sober homes); Serenity Keeper's, LLC (sober home company); Jerome Davis (co-defendant, owner of X-Tremly for Christ, LLC); Dashawn Dawkins (co-defendant); Lily Bell (paid the kickbacks)",Kentucky - Fayette County (Lexington),Medicare; Medicaid (Kentucky),2569946.0,,60,kickback_Bribery For Referral,kickback_Bribery For Referral; FakeEncounter; Phantom Claims; Falsify certificate,sentenced,"Jordan, owner of the Serenity Keepers sober home company, solicited and received kickbacks (checks, cash, ACH/'consulting' payments of up to $5,000 routed through co-defendant Davis's company) in exchange for referring residents' urine drug testing to three labs, causing Medicare and Medicaid to pay those labs about $2,569,946 for tests that were not ordered or reviewed by a medical provider and were done for non-medical reasons; Serenity Keepers also billed Medicaid for six hours per day of peer support services that were not actually provided and were not delivered by licensed peer support specialists, with Williams receiving $365,374.72 as a percentage of the billings. Jordan received 60 months, Williams five years' probation, and co-defendant Davis 12 months and a day."
former-st-louis-area-pediatrician-sentenced-to-20-years-in-prison-for-exchanging-prescriptions-for-sex-acts_4d9605f55023.pdf,2026-03-24,"U.S. Attorney's Office, Eastern District of Missouri",2014 to 2023-05,Craig A. Spiegel (pediatrician); April Bingham (co-defendant/patient),Missouri - St. Louis County,Medicare; Missouri Medicaid; Illinois Medicaid,114480.0,114480.0,240,other,other; FakeEncounter; Falsify certificate,sentenced,"A pediatrician prescribed controlled substances to at least 19 patients in exchange for cash, sex acts or nude photos, including writing prescriptions for his co-defendant under the names of her friends and relatives to exploit their insurance benefits; the medically unnecessary prescriptions caused $114,480 in losses to Medicare, Missouri Medicaid and Illinois Medicaid. Spiegel received 20 years and was ordered to repay $114,480; co-defendant Bingham received 21 months."
former-teacher-pleads-guilty-in-51-million-medicare-fraud-scheme-in-national-fraud-enforcement-division-prosec_34fdc8f48021.pdf,2026-04-16,"U.S. Attorney's Office, Southern District of California",,"Jeanett Valenzuela Ayub (owner/operator of durable medical equipment companies); Fernando Valenzuela Ayub (co-conspirator, brother); multiple DME companies; sham marketing companies",California - San Diego County (Chula Vista/San Diego),Medicare,51000000.0,,,Falsify certificate,Falsify certificate; kickback_Bribery For Referral; FakeEncounter; Money laundering of proceeds; Ineligible provider enrollment,pleaded guilty,"Defendant and co-conspirators owned durable medical equipment companies that billed Medicare nearly $51 million (about $20 million paid) for orthotic braces supported by bogus prescriptions purchased through $3.7 million in kickbacks to sham marketing companies; the prescribing physicians never examined or spoke with the beneficiaries, many of whom never opened the delivered braces. When companies were suspended from Medicare billing, new DME companies were placed in nominee owners' names while the conspirators retained control, and at least $14 million of Medicare proceeds was laundered. Figures cover the conspiracy involving Jeanett Valenzuela Ayub and her brother Fernando, who pleaded guilty earlier and awaits sentencing."
former-western-new-york-man-sentenced-for-lying-while-testifying-during-his-fraud-trial_cb2e07ae59e1.pdf,2026-03-13,"U.S. Attorney's Office, Western District of New York",2014-06 to 2022-02,Michael W. Luehrsen,New York - Erie County (Buffalo),,,4000000.0,,Falsify certificate,Falsify certificate; Perjury/obstruction,sentenced,"Luehrsen, previously tried for conspiring to commit health care fraud involving an altered compound prescription form faxed from his father's Western New York home in June/July 2014, falsely testified under oath in February 2022 that he was out of town on the dates the prescriptions were faxed; cell phone photos, phone and financial records showed he was in Buffalo. He was convicted of perjury and sentenced to three years' probation, roughly $2,000,000 restitution and roughly $2,000,000 forfeiture."
former-zynex-inc-executives-charged-with-health-care-and-securities-fraud-and-related-offenses_5aa18f5dfdf2.pdf,2026-01-21,"U.S. Attorney's Office, District of Rhode Island",2017 to 2025,"Thomas Sandgaard (former CEO, Zynex, Inc.); Anna Lucsok (former COO, Zynex, Inc.); Zynex, Inc. (medical device company)",Colorado (Castle Rock and Denver); prosecuted in Rhode Island,"Government and private health care payors (not specifically named; investigated by HHS-OIG, DoD/DCIS, VA-OIG, OPM-OIG)",873000000.0,,,FakeEncounter,FakeEncounter; other; Phantom Claims,charged,"Indictment alleges the CEO and COO of Zynex caused the company to ship and bill for electrotherapy device supplies (electrodes, batteries) in excessive volumes - up to 32, 64 or 128 electrode pairs per patient per month - that were not medically necessary, not covered, and not requested by patients, collecting over $873 million (including $600 million for supplies) from government and private payors and billing patients directly; the inflated billings were then used to overstate Zynex revenues and drive up its stock price, adding securities and mail fraud counts."
founder-and-former-ceo-of-new-jersey-based-eye-care-group-charged-with-health-care-fraud-conspiracy-and-paying_1c40b5d155ec.pdf,2026-07-29,"U.S. Attorney's Office, District of New Jersey",,"E. Bruce DiDonato (founder and former CEO of Campus Eye Management Holdings, LLC); Campus Eye LLC; Campus Eye Surgery Center LLC; Campus Eye Management Holdings, LLC; Campus Eye Management, LLC",New Jersey - Mercer County (Hamilton Township),Medicare,3400000.0,1000000.0,,kickback_Bribery For Referral,kickback_Bribery For Referral; FakeEncounter,charged,"DiDonato allegedly paid ophthalmologists disguised 'consulting fee' kickbacks - monthly flat fees actually calculated as a percentage of prior-year Medicare reimbursements for diagnostic tests on their referrals - to steer eye surgery patients to his optometry practice and ambulatory surgery center, where they received duplicative or medically unnecessary pre-surgical diagnostic tests that no one reviewed, generating roughly $3.4 million in Medicare claims and about $1 million paid; the Campus Eye entities received a declination and agreed to pay $1 million in disgorgement."
founders-owners-of-hertel-amp-brown-physical-and-aquatic-therapy-each-sentenced-to-six-years-in-prison-and-fin_64fbba9292f4.pdf,2026-02-27,"U.S. Attorney's Office, Western District of Pennsylvania",,Aaron Hertel (founder/owner); Michael Brown (founder/owner); Hertel & Brown Physical and Aquatic Therapy (company); 18 additional co-defendant employees,Pennsylvania - Erie County (Erie),Medicare; Medicaid (Pennsylvania); TRICARE; Department of Veterans Affairs health programs; Federal Employees Health Benefits (OPM); private health insurers,,500000.0,72,FakeEncounter,FakeEncounter; Phantom Claims; Upcoding; Falsify certificate,sentenced,"The owners of a five-location physical therapy practice used unlicensed technicians to treat patients but billed insurers as though licensed physical therapists and assistants had provided the care; they also billed more treatment time per day than the clinics were open and altered patient schedules to make group treatment appear as the one-on-one therapy Medicare requires. Both owners each received 72 months and a $250,000 fine (total $500,000 in fines); restitution from them and the company is to be set at an April hearing."
four-charged-in-nebraska-as-part-of-national-health-care-fraud-takedown_c3727a4f6af8.pdf,2026-06-24,"U.S. Attorney's Office, District of Nebraska",,Angie Albert; Brent Conaway; Phyllis M. Rooney; Cassi Wigington,Nebraska (District of Nebraska); Nebraska - Douglas County (Omaha),Medicare; Nebraska Medicaid; other unnamed insurers,4989536.0,,,Phantom Claims,Phantom Claims; Upcoding; Money laundering of proceeds,charged,"Four separate Nebraska-district defendants charged in the 2026 national takedown: Albert and Conaway allegedly submitted approximately $4,451,498 in false Medicare and Medicaid claims for Spravato (ketamine nasal spray) treatments not rendered and overcharged for the medication, receiving about $976,979 in overpayments (vehicles, a motorcycle, an RV and their residence subject to forfeiture); Rooney allegedly made false statements billing Nebraska Medicaid $92,582 for mental health counseling she did not provide; and Wigington allegedly billed Nebraska Medicaid and other insurers $445,455 for custom-made breast prostheses patients never received. Figures span multiple defendants."
four-charged-in-new-hampshire-as-part-of-national-health-care-fraud-takedown_1c53a7abc0c1.pdf,2026-06-23,"U.S. Attorney's Office, District of New Hampshire",,"Fructoso de Jesus Gomez Agudelo, a/k/a Jesus Gomez (individual, identity theft to obtain benefits); Kakha Bendeliani (nominee owner, Centennial Med Supply LLC); Goga Danelia (assisted nominee owner); Centennial Med Supply LLC (DME company); Rima Gerges-Maalouf (per diem pharmacist)",New Hampshire - Nashua (Hillsborough County); New Hampshire - northern New Hampshire (pharmacy),Medicare; Medicaid; Medicare Supplemental Insurers,3000000000.0,,,Phantom Claims,Phantom Claims; FakeEncounter; Money laundering of proceeds; other,charged,"Four separate New Hampshire cases in the 2026 national takedown: Bendeliani and Danelia allegedly laundered proceeds of a nationwide scheme that billed Medicare nearly $3 billion for medically unnecessary durable medical equipment (mostly urinary catheters) not provided as represented, with about $12.6 million paid to shell DME company Centennial Med Supply and roughly $13 million withdrawn as cashier's checks, redeposited and wired overseas; Gomez Agudelo allegedly used a stolen U.S. citizen's identity for over 20 years to obtain more than $500,000 in Medicare, Medicaid, Social Security, housing and SNAP benefits; and pharmacist Gerges-Maalouf allegedly diverted about 147 patient pills/capsules of controlled substances in August 2024."
four-hudson-county-pharmacies-pay-4-3-million-to-resolve-false-claims-act-allegations-of-billing-for-drugs-not_cd9465001f8d.pdf,2026-01-20,"U.S. Attorney's Office, District of New Jersey",2015-01 to 2022-03,Pan American Inc. (pharmacy); St. Mina and St. Moses Pharmacy d/b/a Well Care Pharmacy; Farmacia Latina Corp.; Perfect Care Pharmacy LLC,"New Jersey - Hudson County (West New York, Bayonne, Union City, Jersey City)",Medicare Part D; New Jersey Medicaid,,4325000.0,,Phantom Claims,Phantom Claims,civil settlement,"Four Hudson County pharmacies billed Medicare Part D (and, for Pan American, New Jersey Medicaid) for prescription drugs never dispensed to beneficiaries; wholesaler inventory records showed they had not purchased enough medication to fill the prescriptions billed. Settlement amounts across the four defendants total $4,325,000 ($3.1M Pan American, $490,000 Well Care, $375,000 Farmacia Latina, $360,000 Perfect Care)."
four-men-plead-guilty-to-2m-minnesota-medicaid-fraud_3f63f0770815.pdf,2026-07-24,"U.S. Attorney's Office, District of Minnesota; U.S. Department of Justice, Criminal Division, Fraud Section",2022-04 to 2025-04,Moktar Hassan Aden; Mustafa Dayib Ali; Khalid Ahmed Dayib; Abdifitah Mohamud Mohamed; Brilliant Minds Services LLC (Medicaid-enrolled provider operated by the four defendants),Minnesota - Ramsey County (St. Paul),Medicaid (Minnesota Medicaid - Housing Stabilization Services program),2200000.0,,,Phantom Claims,Phantom Claims; Upcoding; Falsify certificate,pleaded guilty,"Four men enrolled Brilliant Minds Services LLC as a Minnesota Medicaid provider in the Griggs-Midway Building, signed up roughly 350 disabled/homeless Medicaid recipients for Housing Stabilization Services, then billed thousands of claims for services never provided or inflated, taking about $2.2 million; when insurers requested supporting documentation, they used ChatGPT to fabricate records. All four pleaded guilty to one count of wire fraud each; sentencing not yet set."
fraud-division-announces-federalstate-partnership-in-ohio-to-prosecute-fraud_c6d76e2a3445.pdf,2026-06-04,"U.S. Department of Justice, National Fraud Enforcement Division; U.S. Attorney's Office, Southern District of Ohio; U.S. Attorney's Office, Northern District of Ohio; Ohio Attorney General's Medicaid Fraud Control Unit (Butler County Common Pleas Court)",,"Four unnamed defendants (owners/operators of behavioral health services organizations, Southern District of Ohio); Robert Haley, 63, of Cincinnati (Butler County behavioral health billing); four unnamed defendants (PPP loan applicants, Southern District of Ohio); Jamal Abubakari; Kamal Abubakari; Amanda Joy Opoku-Boachie; Frederick Kumi; Daniel Yussif (romance scam defendants)",Ohio - Butler County; Ohio - Hamilton County (Cincinnati); Ohio (Southern and Northern Districts),Medicaid (Ohio Medicaid); Small Business Administration (Paycheck Protection Program),42000000.0,,,Phantom Claims,Phantom Claims; FakeEncounter; Ineligible provider enrollment; other,charged,"In a coordinated federal-state takedown, nine defendants were charged with over $42 million in fraud: four defendants allegedly ran behavioral health organizations that billed Ohio Medicaid over $30 million for therapeutic behavioral services and psychotherapy purportedly delivered to children at summer camps, church groups and recreational programs, where services were medically unnecessary or not provided as represented, and continued billing through a different entity after one company lost its credentialing with the Ohio Department of Mental Health and Addiction Services; separately, Robert Haley was indicted in Butler County for over $12 million in Medicaid billing for therapeutic behavioral services never provided to children in after-school programs. The document also covers a $1.4 million PPP loan fraud (falsified 1040 Schedule C income) and a $15 million romance scam; agents seized three bank accounts holding $469,000 and 14 luxury vehicles worth $800,000 in the behavioral health case."
fraud-division-announces-massive-crackdown-for-second-straight-week-over-1-billion-in-nationwide-fraud-enforce_469462797ab5.pdf,2026-05-15,"U.S. Department of Justice, National Fraud Enforcement Division; U.S. District Court for the Southern District of Florida",,Unnamed founder and owner of HealthSplash,Florida,Medicare; other federal health care benefit programs,1000000000.0,,,Falsify certificate,Falsify certificate; FakeEncounter,convicted at trial,"A federal jury in the Southern District of Florida convicted the founder/owner of HealthSplash for running a platform that generated false doctors' orders and prescriptions, which were used to bill Medicare and other federal health care programs more than $1 billion for medically unnecessary equipment. (The same DOJ roundup also noted an unrelated indictment of a podiatrist and two nurses over $29 million in Medicare-paid skin substitute claims.)"
fraud-division-resolves-fraud-investigation-of-eye-care-group-under-new-corporate-enforcement-policy-health-ca_65b54049bfec.pdf,2026-07-29,"U.S. Department of Justice, National Fraud Enforcement Division; U.S. Attorney's Office, District of New Jersey",2015 to 2023-03,E. Bruce DiDonato (founder of optometry practice and ambulatory surgery center; CEO of Campus Eye); Campus Eye Management Holdings LLC; Campus Eye Management LLC (management services organization),New Jersey - Princeton (Mercer County),Medicare,3400000.0,1000000.0,,kickback_Bribery For Referral,kickback_Bribery For Referral; FakeEncounter; Falsify certificate,charged,"DiDonato allegedly paid ophthalmologists disguised 'consulting fee' kickbacks - monthly flat fees actually calculated as a percentage of the prior year's Medicare reimbursements for tests on their referred patients - to refer surgery patients, who were then subjected to duplicative or medically unnecessary diagnostic eye tests that no one reviewed, generating roughly $3.4 million in claims to Medicare of which about $1 million was paid; the management company Campus Eye self-disclosed, received a declination, and agreed to repay $1 million to victims."
fraud-tourists-plead-guilty-to-minneapolis-medicaid-fraud_044a9a9aca61.pdf,2026-02-10,U.S. Attorney's Office for the District of Minnesota; Criminal Division Fraud Section,2022-02 to 2025-06,Anthony Waddell Jefferson (business owner/HSS provider); Lester Brown (business owner/HSS provider),Minnesota - Hennepin County (Minneapolis),Medicaid (Minnesota Housing Stabilization Services program),3500000.0,,,Phantom Claims,Phantom Claims; Falsify certificate; FakeEncounter,pleaded guilty,"Two Philadelphia men enrolled businesses in Minneapolis as providers in Minnesota's Medicaid-funded Housing Stabilization Services program, recruited roughly 230 Medicaid beneficiaries at homeless shelters and Section 8 housing, signed them up, and billed for housing-support services never provided; when insurers requested documentation they fabricated emails and used ChatGPT to generate fake client notes, obtaining about $3.5 million."
gastroenterology-practice-agrees-to-pay-4-75m-to-settle-allegations-of-kickbacks-and-unnecessary-medical-testi_65998a8854ac.pdf,2026-02-27,"U.S. Department of Justice, Civil Division, Commercial Litigation Branch, Fraud Section; U.S. Attorney's Office, Eastern District of Arkansas",2017-05 to 2020-05,Atlanta Gastroenterology Associates (gastroenterology practice); Advanced Pathology Solutions (APS) (pathology laboratory),Georgia - Fulton County (Atlanta); Arkansas - Pulaski County (Little Rock),Medicare; other insurers,,4750000.0,,kickback_Bribery For Referral,kickback_Bribery For Referral; FakeEncounter,civil settlement,"APS built and supported an in-house limited-capacity pathology lab inside Atlanta Gastroenterology Associates' office, providing benefits alleged to be unlawful remuneration in exchange for exclusive referral of gastrointestinal pathology specimens; the practice billed Medicare and other insurers for the technical component while APS billed the professional component. The practice also billed for medically unnecessary special stains ordered on a blanket/reflex basis without pathologist review of a routine stain or medical-record justification."
georgia-chiropractor-convicted-of-healthcare-fraud_7828f03054a6.pdf,2026-01-23,"U.S. Attorney's Office, Eastern District of Louisiana",,Steven D. Peyroux (chiropractor),Georgia - Canton (defendant's residence); scheme conducted nationwide,Medicare,,6500000.0,,Phantom Claims,Phantom Claims; kickback_Bribery For Referral; Falsify certificate,pleaded guilty,"Peyroux and co-conspirators paid and received kickbacks for nationwide Medicare beneficiary information (names, Medicare ID numbers) and fabricated audio recordings of people posing as beneficiaries requesting over-the-counter COVID-19 tests, then billed Medicare millions for OTC COVID-19 tests that were never requested or eligible; they recruited additional providers to bill under sham agreements and made false statements in response to Medicare audits to conceal the scheme. He agreed to over $6.5 million in restitution."
georgian-citizen-sentenced-to-over-three-years-in-prison-for-international-money-laundering-conspiracy_65cd760e92d9.pdf,2026-05-22,"U.S. Department of Justice, Office of Public Affairs (Criminal Division Fraud Section / National Fraud Enforcement Division)",2025-01 to 2025-06,Irakli Nakashidze (owner of ABRH Care Inc.); ABRH Care Inc. (sham medical supply company),Florida - Miami-Dade County (Miami),Medicare; private insurers,179000000.0,1108504.0,37,Money laundering of proceeds,Money laundering of proceeds; Phantom Claims,sentenced,"ABRH Care Inc., a sham Miami medical supply company owned by Nakashidze, billed Medicare and private insurers roughly $179 million in the first half of 2025 for orthotic braces and wound dressings never provided to patients, as part of a transnational criminal organization's scheme; Nakashidze laundered over $1.1 million of the proceeds to co-conspirators, including wire transfers to accounts in China and Hong Kong, and was ordered to forfeit $1,108,504."
global-veterinary-drug-distributor-agrees-to-100-000-settlement_399ca6d47624.pdf,2026-08-05,"U.S. Attorney's Office, Southern District of West Virginia",2018-03 to 2023-07,"MWI Veterinary Supply Inc., also known as MWI Animal Health (DEA-registered veterinary drug distributor); Dr. Clara Ann Mason (Putnam County veterinarian)",West Virginia - Putnam County; Idaho - Boise (distributor headquarters),,,1056709.0,,Controlled substance diversion / suspicious order reporting failure,Controlled substance diversion / suspicious order reporting failure; Falsify certificate,civil settlement,"MWI, a DEA-registered veterinary drug distributor, filled repeated large opioid orders (14,200 hydrocodone/acetaminophen 10mg units and 1,400 oxycodone HCl units) from a single West Virginia veterinarian between March 2018 and July 2023 without investigating or reporting them as suspicious to DEA, including releasing a flagged 300-unit oxycodone order after one day with no substantial review; MWI paid $100,000 to resolve Controlled Substances Act allegations, while the veterinarian, Dr. Clara Ann Mason, had a separate $956,709 default civil penalty judgment entered against her for unsecured, untracked opioids and apparently fabricated records."
gordonsville-physician-indicted-on-health-care-fraud-and-controlled-substance-charges_246d6d20df41.pdf,2026-06-23,"U.S. Attorney's Office, Middle District of Tennessee",,"Angela Moss (physician, owner and operator of Gordonsville Clinic)",Tennessee - Smith County (Gordonsville),,,,,FakeEncounter,FakeEncounter; other,charged,"Indictment alleges the physician, who owned and operated Gordonsville Clinic, prescribed medically unnecessary controlled substances - more than 5.6 million pills and doses over eight years - without a legitimate medical purpose, and billed health care programs for the associated care; charged with seven counts of health care fraud and twelve counts of unauthorized distribution of controlled substances."
greer-man-sentenced-to-federal-prison-for-wire-fraud-money-laundering-related-to-cares-act-fraud_3e0d487f4656.pdf,2026-03-13,"U.S. Attorney's Office, District of South Carolina",2020-06 to 2022-01,Jonathan Wade Sumter (ringleader); Jason Elijah Sumter; Gerothia McCullough,South Carolina - Greer (Greenville County),U.S. Small Business Administration (Paycheck Protection Program and Economic Injury Disaster Loan programs),1802741.0,3020893.0,80,COVID-19 relief loan fraud,COVID-19 relief loan fraud; Falsify certificate; Money laundering of proceeds,sentenced,"Three defendants applied for PPP and EIDL pandemic relief funds on behalf of six sham or defunct companies (Living Water Outreach, High Consulting, Lyons Transport, GSM Home Care, Challenge Consulting, Omni Holdings), submitting fabricated company expenses, employee wage statements and other false documents to obtain over $1.8 million, which they split. Jonathan Sumter received 80 months (concurrent with a 92-month sentence from a 2023 health care fraud conviction) and $1,802,741 restitution; Jason Sumter 36 months and $739,786; McCullough 12 months and $478,366 plus vehicle forfeiture."
guilford-county-woman-pleads-guilty-to-health-care-fraud-in-connection-with-million-dollar-urine-drug-testing-_4d26533ec46d.pdf,2026-07-09,"U.S. Attorney's Office, Middle District of North Carolina",2021-06 to 2023-03,Gwendolyn Singleton (owner/operator of Joelle's Center of Hope); Joelle's Center of Hope,North Carolina - Guilford County (Greensboro),North Carolina Medicaid,1735865.0,,,Phantom Claims,Phantom Claims; Falsify certificate,pleaded guilty,"Singleton, through her purported substance abuse treatment business Joelle's Center of Hope, billed North Carolina Medicaid directly for approximately $1,735,865 in urine drug tests that were never performed, listing a nurse practitioner and a doctor as ordering providers though neither had ordered any tests; Medicaid reimbursed over $1.7 million."
health-care-executive-pleads-guilty-to-kickback-scheme-in-vermont_ba8df50cda9d.pdf,2026-01-20,"U.S. District Court for the District of Vermont; Justice Department Criminal Division, Fraud Section",,"Evelyn Herrera (owner, Merida Medical Supplies Inc.); Merida Medical Supplies Inc. (durable medical equipment company)",Vermont; Florida (Loxahatchee),Medicare,6500000.0,,,Phantom Claims,Phantom Claims; kickback_Bribery For Referral; Money laundering of proceeds,pleaded guilty,"Herrera, through her DME company Merida, obtained the identities of individuals in Vermont, New England and elsewhere and submitted roughly $6.5 million in Medicare claims for wrist, knee and back braces that patients never requested or received, collecting about $2.8 million; she pleaded guilty to conspiracy to pay health care kickbacks and laundered proceeds by moving over $300,000 to a cryptocurrency exchange, wiring $125,000 abroad for property in Tulum, Mexico, and withdrawing cash after CMS suspended payments."
health-care-fraud-takedown-results-in-10-socal-defendants-federally-charged-with-defrauding-public-health-plan_ebe312572ac1.pdf,2026-06-23,"U.S. Attorney's Office, Central District of California",2020-12 to 2026-03,"Christina Mareik a.k.a. Christina Marie Sanchez Hernandez (prescription facilitator); Paul Richard Randall (patient marketer, Monte VP LLC dba Monte Vista Pharmacy); Kyrollos Mekail (owner, Monte Vista Pharmacy); Patricia Anderson (prescriber who signed prescriptions); Oren David Shachar (owner of Gentle Touch Hospice Care Inc., Oxford Hospice Care Inc., Art of Hospice Inc., Holly Trinity Hospice); Abraham Shin (marketer); Jeannie Choi (marketer); Brenda Lee Lopez (medical office manager); Lynn Galbraith (owner, Azure Hospice Care Inc.); Dr. Eugene Richard Dorsey (psychiatrist, Western Orthopaedic Surgical Associates); Wisam Khader (physician); Patrick Murphy (physician); Justin Evans (physician)","California - Los Angeles County (Whittier, West Hills, Van Nuys, Valley Glen, Encino, Glendale, Torrance, Norwalk); California - Orange County (Orange, Irvine, Anaheim, Garden Grove, Santa Ana); California - San Bernardino County (Montclair); California - Riverside County (Moreno Valley)",Medi-Cal (California Medicaid); Medicare; U.S. Department of Labor Office of Workers' Compensation Programs,310185169.0,,,Phantom Claims,Phantom Claims; Falsify certificate; kickback_Bribery For Referral; FakeEncounter; Illegal prescribing of controlled substances,charged,"Consolidated Central District of California takedown covering 10 defendants in separate schemes: Mareik and co-schemers at Monte Vista Pharmacy created and had a nurse/provider sign prescriptions for patients she never saw, exploiting Medi-Cal's suspended prior-authorization rules to bill nearly $270M (over $178M paid) for 19 high-cost non-contracted drugs with cheap generic ingredients, many never delivered, then fabricated progress notes to survive a state audit; Shachar's four hospice companies billed Medicare ~$27M for hospice care for patients who were not terminally ill or already deceased, using identities bought from marketers Shin and Choi and paying kickbacks to marketers and beneficiaries; office manager Lopez forged four providers' signatures on orders for UTI, respiratory panel and toxicology tests for beneficiaries who gave no specimens (some deceased), causing a lab to bill Medicare ~$9.09M and paying her ~$335,000 in referral kickbacks; Galbraith billed Medicare ~$2.27M in fraudulent hospice claims; and psychiatrist Dorsey falsified psychiatric reports to qualify claimants for federal workers' compensation, causing ~$1.83M in overpayments. Figures span multiple defendants and separate cases."
health-care-management-corporation-agrees-to-pay-4-million-to-resolve-false-claims-act-allegations_d4aec68c9897.pdf,2026-03-20,"U.S. Attorney's Office, District of Maryland",2010-01 to 2016-12,"CVR Management, LLC (health care management company); Center for Vein Restoration; Center for Vascular Medicine (CVM), LLC; Sanjiv Lakhanpal, MD, FACS (CEO, president, and CVM chairman of the board)",Maryland - Greenbelt (Prince George's County); Maryland; Virginia; North Carolina,Medicare; Medicaid (eight states and the District of Columbia); TRICARE,,4000000.0,,FakeEncounter,FakeEncounter,civil settlement,"Over a six-year period the vein-treatment practices billed Medicare, Medicaid and TRICARE for sclerotherapy, radiofrequency ablation and endovenous laser ablation for chronic venous insufficiency that were not clinically indicated and medically unnecessary, including treatment that was essentially cosmetic and performed without the required prior period of unsuccessful conservative therapy. Resolved by a $4 million FCA settlement (federal share $3,395,634.93; Medicaid recovery $604,365.07) arising from two qui tam suits by former employees, whose relators' share is $752,000."
healthcare-executive-and-telemarketing-company-owner-sentenced-to-prison-for-exploiting-elderly-medicare-advan_093f3f00295b.pdf,2026-07-30,"U.S. Attorney's Office, Southern District of Florida",,Michael Kochen (owner of durable medical equipment companies); Sandro Herek (telemarketing company owner directing overseas call centers),Florida - Miami-Dade County (Miami); Florida - Broward County (Coral Springs); Florida - Miami-Dade County (Aventura),Medicare Advantage plans,35000000.0,,204,kickback_Bribery For Referral,kickback_Bribery For Referral; FakeEncounter; Falsify certificate,sentenced,"Kochen owned dozens of DME companies and paid kickbacks to Herek, who ran overseas call centers (Egypt and elsewhere) that cold-called and high-pressured elderly Medicare Advantage beneficiaries into accepting back, knee, shoulder and ankle braces; Kochen also paid kickbacks to telemedicine companies whose physicians issued boilerplate brace authorizations based only on call recordings, often without speaking to the beneficiary, supporting roughly $35 million in claims and over $19 million in payments. Both defendants were convicted at trial and sentenced (204 and 92 months)."
healthcare-executives-guilty-in-multimillion-dollar-healthcare-fraud-conspiracy_2ee3c2f6e36b.pdf,2026-02-13,"U.S. Attorney's Office, Eastern District of Texas",,"Mouzon Bass, III (sole owner and president of Vivature); Lance Wilson (senior executive at Vivature); Vivature (healthcare billing company)",Texas - Highland Park; Texas - Allen,,,,,other,other,pleaded guilty,"Bass, owner/president of healthcare billing company Vivature, and Wilson, a senior Vivature executive, pleaded guilty to wire fraud conspiracies involving COVID-19 testing and an athletic training billing scheme; the document does not detail the billing mechanics or amounts."
healthcare-worker-at-detention-facilities-pleads-guilty-to-fraud_de118e227c11.pdf,2026-04-23,"U.S. Attorney's Office, Southern District of California",2021 to 2024,Neery Velazquez (healthcare worker employed by a government contractor at CBP detention facilities),California - San Diego County (San Diego),U.S. Customs and Border Protection (federal government contractor travel reimbursement),244019.0,,,Falsify certificate,Falsify certificate; other,pleaded guilty,"Velazquez, a contractor healthcare worker at CBP detention facilities, kept claiming Temporary Duty travel reimbursement for lodging, meals and incidental expenses after moving his permanent residence to San Diego, submitting about 35 monthly travel claims with false attestations plus a forged month-to-month lease and rental receipt from a fictitious landlord to inflate claimed rent; he submitted roughly $244,019 in false claims, of which CBP paid about $181,083. The broader investigation found about a third of the contractor's 100 TDY employees in San Diego submitted over $1.59 million in false travel claims."
highland-physician-sentenced-to-97-months-in-prison_ea135f0032c3.pdf,2026-02-18,"U.S. Attorney's Office, Northern District of Indiana",,"Bethany A. Cataldi, D.O. (physician, sole owner of the Center for Otolaryngology and Facial Plastic Surgery)",Indiana - Lake County (Highland),Medicare; private insurance,50000000.0,19138245.0,97,Phantom Claims,Phantom Claims,sentenced,"Cataldi, sole owner of an otolaryngology practice, billed Medicare and private insurers approximately $50 million for thousands of balloon sinuplasty procedures that were never performed, collecting nearly $20 million, including about $460,000 in co-insurance payments from individual patients; proceeds were used to buy real estate and luxury assets."
home-health-care-operator-admits-defrauding-missouri-medicaid_3a443eafa6e2.pdf,2026-03-20,"U.S. Attorney's Office, Eastern District of Missouri",2021 to 2022,Camille S. Childress (operator/owner of Inspiring Angels LLC); Inspiring Angels LLC (home health care company),Missouri - St. Louis County,Missouri Medicaid,174496.0,174496.0,15,Phantom Claims,Phantom Claims; Falsify certificate; Ineligible provider enrollment,pleaded guilty,"Childress enrolled her home health company with Missouri Medicaid using paperwork falsely naming another person as owner to conceal her ownership after a 2012 criminal conviction, then billed Medicaid for in-home services never provided - including for clients who were hospitalized at the time and for visits with no timesheets or documentation - collecting at least $174,496 in 2021-2022. A related release notes she was later sentenced to 15 months and ordered to repay $174,496."
home-health-care-operator-sentenced-for-defrauding-missouri-medicaid_01d34517791b.pdf,2026-07-21,"U.S. Attorney's Office, Eastern District of Missouri",2021 to 2022,Camille S. Childress (operator/owner of Inspiring Angels LLC); Inspiring Angels LLC (home health care company),Missouri - St. Louis,Missouri Medicaid,174496.0,174496.0,15,Phantom Claims,Phantom Claims; Falsify certificate; Ineligible provider enrollment,sentenced,"Childress submitted false enrollment paperwork claiming someone else owned her home health company, Inspiring Angels LLC, to hide her 2012 disqualifying conviction, then billed Missouri Medicaid $174,496 for home health services never provided - including for clients who were hospitalized at the time and for visits with no timesheets or documentation."
houston-resident-sentenced-to-decade-in-prison-for-laundering-proceeds-from-40-million-fraud-scheme_df1843e46920.pdf,2026-02-20,"U.S. Attorney's Office, Southern District of Texas",,"Bun Khath (organizer/director of scheme; opened shell companies and bank accounts); Hugo Villanueva (co-defendant, charged)",Texas - Harris County (Houston),,60000000.0,,120,Money laundering of proceeds,Money laundering of proceeds; Falsify certificate,sentenced,"Khath and co-conspirators, including bankers, tax preparers and borrowers, obtained more than $60 million in bank loans by submitting loan applications with fabricated equipment sales invoices, income tax returns and financial/bank statements; Khath opened shell companies and bank accounts to collect the proceeds and wired the funds to coconspirator accounts. At sentencing the court also heard evidence of alleged Medicare fraud he committed while released on bond."
houston-transplant-doctor-indicted-for-making-false-statements-in-patients-medical-records_03249c808807.pdf,2026-02-05,"U.S. Attorney's Office, Southern District of Texas",,"John Stevenson Bynon Jr. (physician, Director of Abdominal Organ Transplantation and Surgical Director for Liver Transplantation, Memorial Hermann Health System's Texas Medical Center)",Texas - Harris County (Houston),Medicare,,,,Falsify certificate,Falsify certificate,charged,"Transplant surgeon allegedly entered false statements in the medical records of patients on the UNOS liver transplant waitlist, rendering them functionally ineligible to receive donor organ offers without their knowledge; patients continued receiving care, items and services that Medicare paid for as if they remained eligible. Charged with five counts of making false statements in health care matters."
huntington-park-medical-practice-and-doctor-to-pay-more-than-6-7-million-to-settle-allegations-of-billing-medi_230614693815.pdf,2026-05-06,"U.S. Attorney's Office, Central District of California",2016 to 2024,Dr. Feliciano Serrano (physician); Serrano Kidney & Vascular Access Center (medical practice),California - Los Angeles County (Huntington Park),Medicare; Medicaid (California Medi-Cal),,6730000.0,,FakeEncounter,FakeEncounter; Falsify certificate,civil settlement,"Physician billed Medicare and California Medicaid for medically unnecessary vascular interventional procedures on 20 beneficiaries - routine, repeated dialysis access angioplasty/stent procedures and peripheral artery disease stent/atherectomy procedures on patients with mild or no stenosis (one patient got ~42 stents, another ~16 atherectomies) - overstating stenosis and falsely documenting symptoms and conservative therapy in medical records to make the claims appear justified. Settlement of $6.73 million total: ~$6.51 million to the United States and ~$229,000 to California, resolving a qui tam action by Lincoln Analytics, Inc. (relator share ~$976,000)."
illegal-alien-guilty-in-decades-long-identity-theft-scheme_b15b2db656cf.pdf,2026-04-14,"U.S. Attorney's Office, Southern District of Texas",1992 to 2026-02,Ana Silvia Garcia (Mexican national illegally residing in Houston; benefits recipient),Texas - Harris County (Houston),Medicare; Social Security Administration (disability benefits),278000.0,,,Identity theft benefit fraud,Identity theft benefit fraud; other,pleaded guilty,"Beginning in 1992, Garcia used a U.S. citizen's Social Security number to assume that identity, filing immigration petitions for family members and enrolling for disability and Medicare benefits; using the stolen identity she unlawfully collected more than $278,000 in benefits she was not entitled to between 2013 and February 2026."
illegal-alien-pleads-guilty-to-benefit-fraud-and-identity-theft-offenses_2dd166615a73.pdf,2026-05-22,"U.S. Attorney's Office, District of Massachusetts",1996 to 2023,"Juan Felipe Chalas (Dominican national unlawfully residing in Salem, N.H.)",Massachusetts; New Hampshire - Salem,MassHealth (Massachusetts Medicaid); Social Security Administration (disability benefits); USDA SNAP (Massachusetts Department of Transitional Assistance),300000.0,304932.0,,Identity theft benefit enrollment,Identity theft benefit enrollment; Falsify certificate,pleaded guilty,"Defendant, a Dominican national never admitted to the U.S., assumed the identity of a U.S. citizen from Puerto Rico beginning in 1996, using it to obtain U.S. passports (1998, 2010, 2023) and Massachusetts RMV identifications, and to fraudulently enroll in and collect federally funded benefits - $12,584 in SNAP, $25,491 in SSA disability and $266,857 in MassHealth benefits. Plea agreement calls for one year of incarceration (not yet imposed) plus restitution totaling $304,932."
illegal-alien-previously-convicted-of-drug-offenses-charged-with-healthcare-benefit-fraud-and-aggravated-ident_222783b884f9.pdf,2026-04-20,"U.S. Attorney's Office, District of Massachusetts",,Amaurys Arias Arias (beneficiary/applicant),Massachusetts - Plymouth County (Brockton),MassHealth (Massachusetts Medicaid),,,,other,other; Falsify certificate,charged,"Defendant allegedly used a U.S. citizen's stolen identity and falsely represented, including in a sworn affidavit, that he was a U.S. citizen when applying for Massachusetts healthcare benefits, thereby obtaining tens of thousands of dollars in MassHealth benefits for which he was ineligible."
illegal-alien-previously-convicted-of-drug-trafficking-charged-with-healthcare-benefit-fraud-and-aggravated-id_93ec7cd27609.pdf,2026-05-06,"U.S. Attorney's Office, District of Massachusetts",,Manuel Antonio Baez (benefit recipient/applicant),"Massachusetts - Suffolk County (Dorchester, Boston)",Medicaid (MassHealth),80000.0,,,Falsify certificate,Falsify certificate; other,charged,"Defendant, a Dominican national unlawfully in the U.S., allegedly used a U.S. citizen's stolen identity and Social Security number, and submitted a sworn affidavit falsely claiming U.S. citizenship, to qualify for and obtain over $80,000 in MassHealth (Massachusetts Medicaid) benefits."
illegal-alien-sentenced-for-role-in-decades-long-identity-theft-scheme_129087107fb3.pdf,2026-07-02,"U.S. Attorney's Office, Southern District of Texas",1992 to 2026-02,Ana Silvia Garcia (Mexican national illegally residing in Houston; benefits recipient),Texas - Harris County (Houston),Social Security Administration (disability benefits); Medicare,278385.0,278385.0,27,Identity theft benefit fraud,Identity theft benefit fraud; Ineligible beneficiary enrollment,sentenced,"Beginning in 1992, Garcia used a U.S. citizen's Social Security number to assume that identity, filing immigration petitions for family members and enrolling for federal disability and Medicare benefits she was not entitled to, collecting more than $278,000 in benefit payments from 2013 through February 2026."
illinois-doctor-agrees-to-pay-62-500-for-signing-false-orders-in-durable-medical-equipment-scheme_a2c40c3e8312.pdf,2026-05-19,"U.S. Attorney's Office, District of Massachusetts",2018-12 to 2019-04,"Dr. Alexandria Williams (physician); Integrated Support Plus, Inc. (telemedicine company)",Illinois,Medicare,,62500.0,,Falsify certificate,Falsify certificate; FakeEncounter; kickback_Bribery For Referral,civil settlement,"Dr. Williams signed pre-populated DME orders generated from telemarketing calls to Medicare beneficiaries, falsely attesting she had evaluated the patients and discussed orthotics use; the signed orders enabled DME suppliers to bill Medicare for medically unnecessary orthotic braces, and she was paid per order reviewed via a staffing company linked to telemedicine firm Integrated Support Plus, Inc."
illinois-man-sentenced-to-15-months-in-prison-for-failing-to-pay-employment-taxes_72cd2477b25f.pdf,2026-08-06,"U.S. Attorney's Office, Eastern District of Wisconsin",2019 to 2023,"George Dilles (president and part-owner of NG Enterprises, Inc., d.b.a. Visiting Angels); NG Enterprises, Inc. (d.b.a. Visiting Angels)",Wisconsin - Milwaukee County (Milwaukee area),,1200000.0,1200000.0,15,Employment tax fraud,Employment tax fraud; Falsify certificate,sentenced,"The president and part-owner of an elderly home personal care agency withheld federal income, Social Security and Medicare taxes from employees' wages but willfully failed to file Forms 941 or pay over more than $1.2 million to the IRS for 17 quarters, spending funds on personal expenses including mortgage payments and a Maserati and McLaren; he also used unfiled employment tax returns to obtain a $312,500 Paycheck Protection Program loan."
illinois-man-sentenced-to-two-years-in-prison-for-durable-medical-equipment-scheme_ced1a110e521.pdf,2026-03-06,"U.S. Attorney's Office, District of Massachusetts",,Kartik Bhatia (owner/operator of DME company); Raju Sharma (co-conspirator),Illinois - Kane County (Geneva),Medicare,2000000.0,,24,kickback_Bribery For Referral,kickback_Bribery For Referral; Falsify certificate; FakeEncounter; Ineligible provider enrollment,sentenced,"Bhatia and co-conspirators owned and operated DME companies that paid telemarketing firms for orders for orthotic braces (ankle, wrist, knee, back), then billed Medicare over $2 million; beneficiaries often did not need or want the braces and the physicians whose signatures appeared on the orders never treated or prescribed for them. After CMS suspended payments to his first DME company, Bhatia opened a new one and continued the same conduct."
in-one-week-dojs-new-fraud-division-secures-300m-in-funding-for-prosecutorial-support-while-announcing-more-in_a008daa4516b.pdf,2026-04-24,U.S. Department of Justice — National Fraud Enforcement Division,,"Unnamed New York man (money launderer for pharmacy fraud scheme); unnamed Florida man (participant in $33 million health care fraud and kickback scheme in Newark, New Jersey); unnamed Detroit surgeon; unnamed Missouri medical doctor; unnamed Dominican national residing in Brockton, Massachusetts",New York; New Jersey - Essex County (Newark); Michigan - Wayne County (Detroit); Missouri; Massachusetts - Plymouth County (Brockton),Medicare; Medicaid,33000000.0,,60,kickback_Bribery For Referral,kickback_Bribery For Referral; Phantom Claims; Money laundering of proceeds,sentenced,"Weekly DOJ enforcement roundup covering several separate health care matters: a New York man received 5 years for laundering proceeds of a $24.4 million pharmacy fraud scheme through trading companies that gave the appearance of legitimate business, facilitated kickbacks and bribes, and distributed profits to pharmacy owners; a Florida man received 24 months for a $33 million health care fraud and kickback scheme in Newark, NJ; a Detroit surgeon received 12 months for submitting fraudulent Medicare claims for psychotherapy services; a Missouri physician was arrested on an indictment for defrauding Medicare and Medicaid and distributing prescription drugs to friends, people with substance use disorders and sexual partners; and a Dominican national in Brockton, Mass. was charged with health care benefit fraud and aggravated identity theft. Figures and sentences span multiple defendants and distinct schemes."
in-one-week-national-fraud-enforcement-division-announces-more-arrests-convictions-and-sentences-representing-_1c349c3cc8cd.pdf,2026-04-17,"U.S. Department of Justice, National Fraud Enforcement Division, Office of Public Affairs",,"Kaelynn Greene; Camden Newton; Betty Walker a/k/a Betty Bailey; Breanna Patterson; Jordan Greene; Valenzuela (former teacher); Corbett (former Social Security Administration employee); Leslie Victor Gentry; Suleman Yusuf Mohamed; Gandi Yusuf Mohamed; unnamed St. Louis chiropractor; unnamed Florida nursing assistant; unnamed Slidell, Louisiana man; Randon 'Romero' Williams",Kentucky; Indiana; Colorado; California - San Diego; Maryland; Missouri - St. Louis; Oregon - Seaside; Arizona - Peoria; New Mexico; Alabama; Florida - Orlando; Florida - Naples; Texas - Houston; Michigan - Detroit; Michigan - West Bloomfield; Pennsylvania - Tobyhanna; Louisiana - Slidell; North Carolina - Robeson County; Minnesota - Minneapolis; South Carolina - Columbia; Massachusetts - Lynn; Iowa,Medicare; Medicaid; TRICARE,340000000.0,6182814.0,168,other,other; FakeEncounter; kickback_Bribery For Referral; Phantom Claims; Money laundering of proceeds,other,"Weekly enforcement roundup covering multiple unrelated defendants and over $340 million in combined taxpayer fraud, including health care components: a San Diego defendant (Valenzuela) who with co-conspirators billed Medicare nearly $51 million, was paid about $20 million, paid $3.7 million in kickbacks and laundered at least $14 million; a St. Louis chiropractor sentenced to over eight years and $4.7 million restitution to Medicaid, Medicare and TRICARE for health care fraud and illegitimate prescriptions (including 94,971 oxycodone pills); a Florida nursing assistant sentenced to nine years for an $11.4 million scheme shipping unneeded orthotic braces to Medicare beneficiaries; and a Slidell, Louisiana man sentenced for billing Medicare over $6.6 million for medically unnecessary cancer genetic tests. Remaining items involve COVID-19 relief, PPP/unemployment, tax and benefit-theft frauds; figures and sentences span many defendants (longest custodial term stated: nearly 14 years in an Alabama tax fraud case)."
indian-national-sentenced-for-conspiring-to-sell-counterfeit-cancer-drug_d60e02e9c351.pdf,2026-03-05,"U.S. Department of Justice, Criminal Division and U.S. Attorney's Office, Southern District of Texas",2018-08 to 2024-06,"Sanjay Kumar (Indian national, seller of counterfeit pharmaceuticals)",Texas - Harris County (Houston),,89268.0,,43,other,Counterfeit drug trafficking,sentenced,"Kumar and co-conspirators arranged sales into the United States of counterfeit Keytruda bearing counterfeit Merck marks; the product lacked the active ingredient and was ineffective. They received approximately $89,268 from undercover law enforcement agents posing as buyers, and Kumar sought to arrange further shipments before his arrest in Houston."
indiana-woman-sentenced-to-84-months-in-prison_fccf63b0786c.pdf,2026-01-08,"U.S. Attorney's Office, Northern District of Indiana",,Christine Reese (purported clinical psychologist; operator of Sanctuary Counseling),Indiana - Lake County (Crown Point; Munster),Indiana Medicaid; Medicare Advantage Plans,,268746.0,84,Falsify certificate,Falsify certificate; FakeEncounter; other,sentenced,"Reese used forged documents to falsely claim she was a licensed clinical psychologist with a Psy.D., obtained employment at mental health providers and later treated patients from her home under the name Sanctuary Counseling, billing Indiana Medicaid and Medicare Advantage plans for therapy she was unqualified to provide; she also stole the identities and license numbers of three legitimate practitioners to enroll in Indiana Medicaid and submit claims, resulting in $268,746.37 restitution and an 84-month sentence."
iowa-paramedic-sentenced-to-years-in-federal-prison-for-tampering-with-vials-of-narcotic-pain-medication_85da1d772247.pdf,2026-02-19,"U.S. Attorney's Office, Northern District of Iowa",2024,Teresa Marie Johnson (licensed paramedic),Iowa - Manilla,,,5000.0,30,Drug diversion,Drug diversion,sentenced,"A licensed paramedic diverted fentanyl from her county ambulance service employer on three occasions beginning in late 2024, tampering with vials (punctures to stoppers, adhesive on caps/crimps) so that one tested vial contained only 9.6% of its declared fentanyl, leaving patients given the diluted medication without the expected pain relief; she pleaded guilty to tampering with a consumer product, was sentenced to 30 months, fined $5,000, ordered to repay $6,000 in court-appointed attorney fees, and forfeited her Iowa paramedic license."
jacksonville-chiropractor-sentenced-to-a-year-in-prison-for-healthcare-fraud-and-related-offenses_d9b8b50f9bc5.pdf,2026-06-10,"U.S. Attorney's Office, Central District of Illinois",,Sean Rondeau (chiropractor),Illinois - Morgan County (Jacksonville),Private health insurance companies (unnamed),250000.0,268000.0,12,Phantom Claims,Phantom Claims; Falsify certificate,sentenced,"A Jacksonville chiropractor submitted more than 2,000 separate fraudulent claims to health insurance companies, obtaining more than a quarter million dollars; he continued submitting false claims after learning he was under investigation and pressured his clients into signing false documents to conceal the scheme."
jacksonville-marketing-company-owner-pleads-guilty-to-conspiring-to-defraud-medicare-and-medicaid-in-the-provi_2dc655e6f683.pdf,2026-03-03,"U.S. Attorney's Office, Middle District of Florida",,Jonathan Simeon Gholston (owner/operator of marketing company),Florida - Duval County (Jacksonville),Medicare; Medicaid,24217746.0,2273000.0,,kickback_Bribery For Referral,kickback_Bribery For Referral; FakeEncounter; Falsify certificate; Phantom Claims,pleaded guilty,"Gholston's marketing company set up tents in low-income Jacksonville areas offering free government cellphones, harvesting personal and Medicare/Medicaid insurance information from people who never requested HIV medications; the data was sent to a partnering pharmacy that generated HIV post-exposure prophylactic prescriptions signed by a nurse practitioner who never examined or spoke with the patients, then billed Medicare/Medicaid roughly $4,000 per person per month. The pharmacy paid the marketing company $200 per referral and the company paid marketers about $50 each, payable only if the claim was paid; approximately 20,316 claims caused about $24.2 million in program losses, of which Gholston received about $2,273,000 and agreed to forfeit it."
journey-to-hope-health-and-healing-and-former-ceo-agree-to-pay-10-2-million-to-resolve-false-claims-allegation_723d6b536545.pdf,2026-06-16,"U.S. Attorney's Office, District of Rhode Island",2015-01 to 2021-07,"Journey to Hope, Health and Healing (opioid treatment provider); Kenneth L. Richardson, Jr. (former CEO/owner)",Rhode Island - Providence,Rhode Island Medicaid; Medicare,,10200000.0,,Phantom Claims,Phantom Claims; Falsify certificate,civil settlement,"Outpatient opioid treatment provider billed Rhode Island Medicaid and Medicare for substance use disorder counseling and treatment services that were not provided, failing to create required treatment plans and carrying counselor caseloads so high the required counseling was physically impossible; management then altered and backdated patient records to appear compliant with accreditation and Medicaid audit requirements. Resolved by a $10.2 million FCA settlement (qui tam relators to receive ~$2.04 million)."
jury-convicts-unknown-man-for-using-identity-of-deceased-child-for-25-years-to-obtain-nearly-300-000-in-govern_2bbd2bdbc1ec.pdf,2026-05-21,"U.S. Attorney's Office, District of Idaho",2000 to 2025,Unidentified man using the identity of deceased child Carlos Ramon Obregon (benefit recipient),Idaho,Medicaid; Social Security Administration (SSI); USDA SNAP; U.S. Treasury (Economic Impact Payments),283000.0,,,Beneficiary identity fraud,Beneficiary identity fraud; Falsify certificate,convicted at trial,"A man whose true identity remains unknown assumed the identity of Carlos Ramon Obregon, a child killed in 1977, obtaining a replacement Social Security card in 2000 with Obregon's SSN, date of birth and parents' names, then used that identity to enroll in and collect government benefits: roughly $177,000 in SSI (2004-2025), $91,000 in Medicaid (2005-2025), $12,000 in SNAP (2009-2025) and $3,200 in COVID-19 Economic Impact Payments, about $283,000 total. He also used Obregon's birth certificate to obtain a U.S. passport and Idaho identification cards."
justice-department-charges-11-illegal-aliens-among-15-in-1-4m-benefit-fraud-crackdown-in-massachusetts_1c09be85e06f.pdf,2026-06-18,"U.S. Department of Justice, National Fraud Enforcement Division; U.S. Attorney's Office, District of Massachusetts",,"Heriberto Rodriguez (Framingham, Mass.); Mirian Chalas (U.S. citizen, Salem, N.H.); Santo Escolastico Cuello (Dominican national, Worcester, Mass.); Mario Baez Romero (Dominican national, Somerville, Mass.); Richard Odelis Vallegas Nunez (Dominican national, Allston, Mass.); Miguel Diaz Matos (Lynn, Mass.); Mitul Patel (Indian national, Worcester, Mass.); Santo Tejada Sanchez (Dominican national, Haverhill, Mass.); Jennifer Ferran (U.S. citizen, Haverhill, Mass.); Owen Landry a/k/a 'Oski' (U.S. citizen, Haverhill, Mass.); Yahaira Diaz Gomez (Dominican national, Mattapan, Mass.); five unnamed 'John Doe' defendants living under stolen identities",Massachusetts - Framingham; Massachusetts - Worcester; Massachusetts - Somerville; Massachusetts - Allston (Boston); Massachusetts - Lynn; Massachusetts - Quincy; Massachusetts - Haverhill; Massachusetts - Mattapan (Boston); New Hampshire - Salem,Medicaid (MassHealth); SNAP; Social Security Administration (disability/Social Security benefits); HUD; unemployment benefits,1400000.0,,,Beneficiary eligibility fraud,Beneficiary eligibility fraud; Falsify certificate; other,charged,"Fifteen defendants, 11 of them alleged illegal aliens, were charged with collectively obtaining more than $1.4 million in public benefits by using stolen identities, fraudulent identification/passport documents and false statements to enroll in and draw MassHealth (Medicaid), SNAP, Social Security disability, HUD housing and unemployment benefits for which they were ineligible; individual health care (MassHealth) losses ranged from about $32,717 to $266,000, and one defendant allegedly joined a staged armed robbery of a convenience store to qualify for a U Visa as a crime victim."
justice-department-files-false-claims-act-complaint-against-priority-hospital-group-and-three-long-term-care-h_e85fee3c6ba7.pdf,2026-01-21,"U.S. Department of Justice, Civil Division, Commercial Litigation Branch, Fraud Section; U.S. Attorney's Office, Western District of Louisiana (U.S. District Court, W.D. La.)",,"Priority Hospital Group LLC (Louisiana-based hospital management company); Riverside Hospital LLC and Riverside Hospital of Louisiana, Inc. (d/b/a Riverside Hospital); Post Acute Enterprises, LLC (d/b/a Mid Jefferson Extended Care Hospital); New Lifecare Hospital of North Louisiana, LLC (d/b/a Ruston Regional Specialty Hospital); an unnamed doctor (medical director/referring physician)",Louisiana,Medicare,,,,FakeEncounter,FakeEncounter; kickback_Bribery For Referral,charged,"The United States alleges in a False Claims Act complaint (originally a qui tam by a former Riverside employee) that Priority Hospital Group and three managed long term care hospitals delayed discharging Medicare patients beyond medical necessity - keeping them inpatient after treatment was complete or when a lower level of care was appropriate - because Medicare LTCH reimbursement depends in part on length of stay. It further alleges Riverside Hospital of Louisiana used medical directorship agreements and other remuneration to induce a physician's patient referrals, violating the Anti-Kickback Statute and Stark Law."
justice-department-moves-to-revoke-u-s-citizenship-from-10-naturalized-criminals-including-child-molesters-sca_9e542970ec75.pdf,2026-07-20,"U.S. Department of Justice, Civil Division; U.S. Attorney's Office, Southern District of Florida (denaturalization complaint filed in the U.S. District Court for the Southern District of Florida)",,Yoskmaikel Rodriguez Perez (operator of purported medical clinic),Florida,Medicare,886694.0,,,Phantom Claims,Phantom Claims; other,other,"Rodriguez Perez operated a purported medical clinic and submitted more than $886,694 in false and fraudulent claims to Medicare, later pleading guilty to conspiracy to commit health care and wire fraud; he concealed this conduct and gave false sworn testimony during naturalization, prompting DOJ to file a four-count denaturalization complaint (one of ten denaturalization actions announced, the others involving non-health-care offenses)."
justice-department-moves-to-strip-u-s-citizenship-from-17-naturalized-sex-offenders-fraudsters-drug-dealers-an_ca6847ad665c.pdf,2026-06-08,"U.S. Department of Justice, Civil Division, Office of Immigration Litigation (with U.S. Attorney's Offices for the Southern District of California, Colorado, Connecticut, Southern District of Florida, Middle District of Georgia, Northern District of Georgia, Maryland, Minnesota, Nevada, and New Jersey)",,Leidys Delmas Garcia (operator of physical therapy clinics) and co-conspirators,Florida,Blue Cross Blue Shield,36728595.0,,,Phantom Claims,Phantom Claims; FakeEncounter,other,"Delmas Garcia admitted in criminal proceedings that she and co-conspirators established and operated 30 physical therapy clinics in Florida that billed commercial insurer Blue Cross Blue Shield approximately $36.7 million for physical therapy services that were not medically necessary and/or never provided; the present document is a civil denaturalization complaint filed against her (one of 17 unrelated denaturalization actions announced, the others involving non-health-care offenses)."
justice-department-prosecutes-a-half-billion-dollars-in-healthcare-and-covid-fraud-schemes-exploiting-taxpayer_b85536930c72.pdf,2026-04-07,"U.S. Department of Justice, Office of Public Affairs (Criminal Division, Fraud Section)",2021-02 to 2023-09,"AP of South Florida, LLC (APSF) (insurance brokerage); AssuredPartners, Inc. (then-parent company, civil settlement only); Paul Randall (scheme organizer/marketer); Kyrollos Mekail (pharmacist and owner of Monte Vista Pharmacy); Patricia Anderson (nurse practitioner); Candies Goode-McCoy (business owner)",Florida; California - Orange County (Orange); California - Riverside County (Moreno Valley); California - Los Angeles County (West Hills); Nevada - Clark County (Las Vegas),Federal ACA subsidy program (CMS Advanced Premium Tax Credits); Medicaid (California Medi-Cal); Florida Medicaid; IRS (COVID-19 employment tax credits),500000000.0,160622188.0,54,Phantom Claims,Phantom Claims; FakeEncounter; kickback_Bribery For Referral; Falsify certificate; other; Money laundering of proceeds,other,"Three rolled-up actions: (1) APSF used 'street marketers' paying cash/gift cards to homeless and low-income people, then filed false ACA applications overstating income just above the poverty line and submitted false data to Florida Medicaid to manufacture denial letters triggering Special Enrollment Periods, obtaining $141.5M in unwarranted federal subsidies plus commissions/bonuses from insurers (APSF pleading guilty with $27.6M restitution; parent AssuredPartners paying $107M FCA settlement, $24.3M to the qui tam whistleblower). (2) Paul Randall, with pharmacist/owner Kyrollos Mekail and NP Patricia Anderson, exploited Medi-Cal's temporary suspension of prior authorization to bill $269,120,829 (paid ~$178.7M) through Monte Vista Pharmacy for non-contracted generic drugs in unique dosages (e.g., $13,424 for one meloxicam prescription) that were medically unnecessary and often never dispensed, paying kickbacks to patient marketers for beneficiary data and to Anderson for signing pre-filled prescriptions, then laundering proceeds; ~$126.5M in assets seized. (3) Candies Goode-McCoy filed 1,200+ tax returns claiming over $98M in fraudulent COVID-19 employee retention and paid sick/family leave credits, of which the IRS paid ~$33M; sentenced to 54 months and $26,022,188 restitution."
justice-department-secures-landmark-resolution-to-end-pediatric-gender-affirming-care-and-create-detransition-_827f65771d87.pdf,2026-05-15,"U.S. Department of Justice, Office of Public Affairs / Civil Division (Enforcement and Affirmative Litigation Branch and Commercial Litigation Branch, Fraud Section), in coordination with the Texas Attorney General",,Texas Children's Hospital (TCH) (hospital/provider),Texas,public and private payors (not further specified),,10000000.0,,Falsify certificate,Falsify certificate; FakeEncounter,civil settlement,"DOJ alleged Texas Children's Hospital submitted false billings to public and private payors to obtain insurance coverage for pediatric sex-rejecting procedures (puberty blockers and cross-sex hormones), in alleged violation of the FDCA, False Claims Act and federal fraud/conspiracy statutes; TCH agreed to pay over $10 million in damages and civil penalties, stop the procedures on minors, and fund a detransition care clinic, while denying all allegations."
justice-department-secures-the-denaturalization-of-convicted-gun-trafficker-and-health-care-fraudster-and-file_1a7edbce277f.pdf,2026-03-26,"U.S. District Court for the Southern District of Florida; U.S. Department of Justice, Civil Division, Office of Immigration Litigation",2011-08 to 2014-03,Mirelys Cabrera Diaz (pharmacy employee),Florida - Miami-Dade County (Hialeah),Medicare (Part D),6000000.0,6000000.0,29,kickback_Bribery For Referral,kickback_Bribery For Referral; Phantom Claims,sentenced,"Cabrera Diaz and co-conspirators paid kickbacks to patient recruiters who referred fraudulent prescriptions to the pharmacy where she worked, and she kept a log of amounts owed each recruiter; the pharmacy then billed Medicare Part D for prescription drugs that were never dispensed, obtaining over $6 million. She pleaded guilty in 2019, was sentenced to 29 months and over $6 million restitution, and the court revoked her 2017 naturalization on March 24, 2026 because of the pre-naturalization health care fraud conspiracy."
justice-departments-fraud-division-announces-unprecedented-fraud-enforcement-actions-in-southeast-resulting-fr_641ce824f7db.pdf,2026-07-30,"U.S. Department of Justice, National Fraud Enforcement Division; U.S. Attorney's Office, Eastern District of Louisiana; U.S. Attorney's Office, District of South Carolina",,"Spivey; Jamie McNamara (co-conspirator, genetic testing scheme); Misty Dawn Woody (employee of Vital Care medical patient transport service)",Louisiana; South Carolina,Medicare,174000000.0,,,FakeEncounter,FakeEncounter; Falsify certificate,sentenced,"Two health care fraud matters within a multi-case announcement: Spivey and co-defendant Jamie McNamara submitted $174 million in claims to Medicare for medically unnecessary cancer and cardiovascular genetic tests after luring Medicare beneficiaries into testing (Spivey sentenced, term not stated); separately, Misty Dawn Woody of Vital Care, a medical patient transport service, was indicted for copying and forging a physician's signature on over one hundred patient certification forms for patients no longer under that physician's care and submitting them to Medicare, causing over $1.8 million in false billing. Figures span two separate defendants/schemes; FraudAmt reflects the larger ($174 million) claim total."
kaiser-permanente-affiliates-pay-556m-to-resolve-false-claims-act-allegations_896e2f042b65.pdf,2026-01-14,"U.S. Department of Justice, Civil Division; U.S. Attorney's Office, Northern District of California; U.S. Attorney's Office, District of Colorado",2009 to 2018,Kaiser Foundation Health Plan Inc.; Kaiser Foundation Health Plan of Colorado; The Permanente Medical Group Inc.; Southern California Permanente Medical Group; Colorado Permanente Medical Group P.C. (Kaiser Permanente affiliates / Medicare Advantage Organizations),"California - Alameda County (Oakland, headquarters); California; Colorado","Medicare (Medicare Advantage / Part C, CMS)",,556000000.0,,Upcoding,Upcoding; Falsify certificate,civil settlement,"Kaiser allegedly mined patients' past medical histories to identify unsubmitted diagnoses and then pressured physicians to add those diagnoses to medical records via 'addenda' months or over a year after visits - diagnoses not considered or addressed at the visit - to inflate CMS risk-adjustment payments for Medicare Advantage enrollees, with physician and facility bonuses tied to diagnosis-adding goals. Settled for $556 million under the False Claims Act following qui tam suits by two former employees, whose relator share is $95 million."
kansas-city-woman-pleads-guilty-to-covid-19-fraud_796ac1383e91.pdf,2026-03-09,"U.S. Attorney's Office, Western District of Missouri",2020-04 to 2021-01,Ashli Forbes (owner of Forbes Realty Company LLC and Left Lane Motors LLC),Missouri - Jackson County (Kansas City),,426600.0,,,COVID-19 relief loan fraud,COVID-19 relief loan fraud; Falsify certificate; Money laundering of proceeds,pleaded guilty,"Forbes submitted two PPP loan applications to Commerce Bank for her companies Forbes Realty Company LLC and Left Lane Motors LLC using fabricated payroll records, a false Schedule C, and IRS Forms 941/944 that were never filed, obtaining $206,200 and $220,400 (total $426,600); she later transferred $20,000 of the proceeds to pay an insurance bill, supporting the money laundering count, and admitted assisting in fraudulent PPP loans for four other companies totaling an additional $1,362,133."
kansas-doctor-sentenced-to-3-years-in-prison-for-8-million-medicare-fraud_e758c862745b.pdf,2026-03-06,"U.S. Attorney's Office, Eastern District of Missouri",2017 to 2020,Dr. Scott Taggart Roethle (anesthesiologist),Kansas - Kansas City area; Missouri - St. Louis,Medicare,8000000.0,8300000.0,36,kickback_Bribery For Referral,kickback_Bribery For Referral; Falsify certificate; FakeEncounter,sentenced,"Overseas call centers harvested Medicare information from elderly patients; Roethle signed fraudulent orthotic brace prescriptions without examining patients while falsely claiming to be their treating physician, receiving about $30 per order (totaling $674,000 from five companies), after which suppliers shipped braces and billing companies submitted claims causing Medicare to pay at least $8 million."
kansas-woman-sentenced-to-prison-for-stealing-deceased-relatives-identity-to-fraudulently-receive-federal-and-_94341a8d241f.pdf,2026-06-03,"U.S. Attorney's Office, District of Kansas",2005-04 to 2023-06,"Tamera Ruth Powers (benefit recipient, a/k/a Minda Sue Landis)",Kansas - Tonganoxie,"Kansas Medicaid; Social Security Administration (Disability, SSI, Retirement Insurance Benefits); Kansas SNAP; Kansas LIEAP",453096.0,452097.0,15,Beneficiary eligibility fraud,Beneficiary eligibility fraud; Falsify certificate; other,sentenced,"Powers assumed the identity of a relative who died in 1977 to obtain a Kansas ID and marry under that name, then simultaneously collected federal and state benefits under two identities, maintaining bank accounts in each name. She filed SSA disability, SSI and retirement benefit applications and Kansas Medicaid, SNAP and LIEAP applications that concealed her marriage, spousal income and prior use of another name and Social Security number, causing $137,839 in federal losses and $315,257 in Kansas losses."
kent-washington-woman-sentenced-to-prison-for-defrauding-va-programs-designed-to-help-severely-disabled-vetera_7a562db4caa1.pdf,2026-03-17,"U.S. Attorney's Office, Western District of Washington",2012-07 to 2024-10,"Kelly M. Lee-Carroll (veteran benefit recipient, scheme organizer); Robert H. Nelson III (son, designated caregiver); Katoya F. Grant (sister, designated caregiver)",Washington - King County (Kent/Seattle),U.S. Department of Veterans Affairs (VA health care and disability benefit programs),1100000.0,1508627.0,17,Falsify certificate,Falsify certificate; Phantom Claims,sentenced,"Lee-Carroll falsely represented to the VA that she was bedridden, paralyzed in one leg and arm, and wheelchair-bound requiring round-the-clock care, obtaining over $11,000 per month in disability and caregiver benefits; she designated her son and sister as paid caregivers who submitted claims for caregiving hours while they were actually clocked in at other jobs or while she traveled to Las Vegas, Tennessee, Mexico and Jamaica without caregivers. Restitution figures total across all three defendants ($932,142 + $282,698 + $293,787); the longest sentence imposed was 17 months on Lee-Carroll."
kinston-woman-sentenced-to-6-years-in-federal-prison-and-ordered-to-repay-over-15-million-in-restitution-for-h_afbb3c762c89.pdf,2026-01-14,"U.S. Attorney's Office, Eastern District of North Carolina",,"Francine Sims Super (office manager of Life Touch LLC); Life Touch LLC (substance abuse treatment company); 1st Choice Healthcare Services, LLC (drug testing lab)",North Carolina - Lenoir County (Kinston); North Carolina - Wayne County (Goldsboro),Medicaid (North Carolina Medicaid),12000000.0,15660722.0,72,kickback_Bribery For Referral,kickback_Bribery For Referral; Falsify certificate; other,sentenced,"Super, office manager of a substance abuse treatment company, and others paid over $1 million in gift-card kickbacks to patients based on the number of days per week they showed up for services, generating more than $12 million in Medicaid payments to Life Touch LLC; she created false documents to deceive Medicaid auditors, took kickbacks from a drug-testing lab hired for Life Touch patients, and failed to file a tax return reporting the income. Restitution totaled $15,286,912.91 to NC Medicaid plus $373,810 to the IRS."
labcorp-agrees-to-pay-14-5-million-for-testing-fraud_911032bcc5da.pdf,2026-07-15,"U.S. Attorney's Office, District of Massachusetts",2018-01 to 2023-11,Laboratory Corporation of America (Labcorp) (national diagnostics testing laboratory),Massachusetts - Suffolk County (Boston),Medicare,,14500000.0,,FakeEncounter,FakeEncounter; Unbundling,civil settlement,"Labcorp marketed a 'ToxAssure Comprehensive' urine drug testing panel that ran preselected presumptive tests plus direct-to-definitive tests on the same urine sample and date of service, then billed Medicare both the all-inclusive presumptive code (CPT 80307) and the highest-tier definitive code (HCPCS G0483) each time, without first performing presumptive tests to establish medical necessity for the definitive testing."
labcorp-agrees-to-pay-14-5m-to-resolve-false-claims-act-allegations_8819b6b991ac.pdf,2026-07-15,"U.S. Department of Justice, Civil Division, Commercial Litigation Branch, Fraud Section; U.S. Attorney's Office, District of Massachusetts",2018-01 to 2023-11,Laboratory Corporation of America (Labcorp) (national clinical diagnostics company),,Medicare (Part B),,14500000.0,,FakeEncounter,FakeEncounter; Upcoding,civil settlement,"Labcorp marketed a preset urine drug testing panel, 'ToxAssure Comprehensive,' that combined presumptive testing with direct-to-definitive testing for other substances; it ran the tests simultaneously on the same urine sample and billed Medicare both the all-inclusive presumptive code (CPT 80307) and the highest-tier definitive code (HCPCS G0483) each time, performing definitive tests without a prior presumptive test to establish necessity, resulting in medically unnecessary claims. Labcorp agreed to pay $14.5 million and admitted the underlying facts."
laboratory-agrees-to-pay-more-than-200-000-for-improper-billing-to-west-virginia-medicaid-program_128e02ea5f7f.pdf,2026-03-05,"U.S. Attorney's Office, Northern District of West Virginia",,"IntegraLabs, Inc. (Tennessee-based laboratory)",West Virginia,West Virginia Medicaid,,208624.0,,FakeEncounter,FakeEncounter,civil settlement,"Integra, an enrolled West Virginia Medicaid laboratory provider offering drug testing, allegedly submitted claims over a two-year period for medically unnecessary testing ordered by providers, specifically non-allowable specimen validity testing, resolved by a $208,624.40 False Claims Act settlement with the United States and West Virginia."
laboratory-executives-marketers-and-physician-to-pay-over-2m-to-settle-allegations-of-illegal-kickbacks-to-doc_8fb6736032c7.pdf,2026-06-01,"U.S. Department of Justice, Civil Division (Commercial Litigation Branch, Fraud Section) and U.S. Attorney's Office for the Eastern District of Texas",2015 to 2017,"Susan Hertzberg (former CEO, Boston Heart Diagnostics Corporation); Matthew Theiler (former VP of Sales, Boston Heart Diagnostics Corporation); Frederick Brown (physician); Thomas Gray Hardaway (marketer, former Boston Heart sales rep and co-owner of LGRB Management Services LLC); William Todd Hickman (marketer, former MSO owner); Ginny Jacobs (marketer, co-owner); Scott Jacobs (marketer, co-owner); S&G Staffing LLC; Jacobs Marketing Inc.",Texas - Rockdale (Milam County); Texas - Frisco (Collin County); Massachusetts - Framingham (Middlesex County),Medicare; Medicaid; TRICARE,,2059055.0,,kickback_Bribery For Referral,kickback_Bribery For Referral; FakeEncounter,civil settlement,"Boston Heart Diagnostics' CEO and VP of Sales allegedly approved and implemented an arrangement in which marketers (including Boston Heart employees) paid doctors kickbacks disguised as managed service organization (MSO) investment distributions to induce referrals of laboratory testing, including medically unnecessary tests, routed through Texas hospitals such as Little River Healthcare and labs including True Health Diagnostics, generating claims to Medicare, Medicaid and TRICARE; Dr. Brown allegedly took payments from purported MSOs Ascend MSO of TX LLC and Indus MG LLC in exchange for test orders. Settlement figures total $2,059,055 across nine settling defendants ($600,000 each from Hertzberg and Theiler, $309,055 from Brown, $550,000 from the marketers)."
lancaster-medical-llc-agrees-to-pay-500-000-to-resolve-allegations-related-to-paycheck-protection-program-elig_3c49a8b4966e.pdf,2026-05-14,"U.S. Attorney's Office, Western District of New York",2020-04,"Lancaster Medical LLC (former medical practice, Depew, NY)",New York - Erie County (Depew),U.S. Small Business Administration (Paycheck Protection Program),249290.0,500000.0,,PPP loan fraud,PPP loan fraud; Falsify certificate,civil settlement,"A former medical practice applied for and received a $249,290 SBA-guaranteed PPP loan in April 2020 while falsely certifying eligibility, despite having sold its assets in 2019; loan proceeds were allegedly used for impermissible purposes including personal expenses of former owners, and the loan was not repaid after forgiveness was denied. The $500,000 FCA settlement also resolves civil forfeiture litigation over a 2020 BMW X5 traceable to the loan proceeds."
lancaster-trio-sentenced-for-health-care-fraud-conspiracy_626647b219da.pdf,2026-02-25,"U.S. Attorney's Office, District of South Carolina",2019 to 2019,Charles McKinley Griffin; Tika Michelle Griffin (owner of Transformation Services); Kirk Nathan Evans (therapist); Transformation Services,South Carolina - Lancaster County; South Carolina - Kershaw County,Medicaid (South Carolina Department of Health and Human Services),250000.0,246335.0,30,Phantom Claims,Phantom Claims; FakeEncounter; Ineligible provider enrollment; Upcoding,sentenced,"After Charles Griffin was excluded from South Carolina Medicaid, he and his wife set up Transformation Services in her name to bill Medicaid for behavioral health services; they recruited Medicaid-beneficiary children from after-school programs and camps, used therapists not authorized by the state (including Evans), and billed as if each child received hours of individual therapy when sessions were actually conducted in groups, resulting in nearly $250,000 in overlapping and nonexistent claims. Restitution of $246,335.12 (Griffins, joint and several) includes $152,669.63 joint and several with Evans."
larchmont-woman-sentenced-to-nearly-3-years-in-federal-prison-for-her-role-in-hospice-and-diagnostic-testing-f_efc6e42f8226.pdf,2026-03-24,"U.S. Attorney's Office, Central District of California",2019-03 to 2024-08,Sophia Shaklian (owner of hospice and diagnostic testing companies); Alex Alexsanian a.k.a. 'Samvel'/'Samo' (co-defendant); Chateau d'Lumina Hospice and Palliative Care; Saint Gorge Radiology; Hope Diagnostics; Direct Imaging & Diagnostics; Lab One; Labtech; Lifescan Diagnostics,"California - Los Angeles County (Los Angeles/Larchmont, Pasadena, Sylmar, North Hollywood, Hollywood, Burbank); California - Los Angeles County (Claremont)",Medicare,14103043.0,14103043.0,35,Phantom Claims,Phantom Claims; FakeEncounter; other,sentenced,"Shaklian and co-schemers, often using aliases, enrolled multiple sham hospice and diagnostic testing companies she owned with Medicare, used beneficiaries' information and checked their Medicare eligibility, then billed Medicare for hospice and diagnostic testing services that were medically unnecessary or never provided to beneficiaries who had never heard of the providers, causing at least $14,103,043 in losses; co-defendant Alexsanian pleaded guilty to conspiracy to launder monetary instruments and awaits sentencing."
last-defendant-in-primary-health-network-fraud-scheme-convicted-by-jury-for-wire-fraud_c0cdbc574f71.pdf,2026-02-20,"U.S. Attorney's Office, Western District of Pennsylvania",,"John O'Brien (controlled a telecommunications company that submitted invoices); four unnamed co-defendants, including three leaders of Primary Health Network, who previously pleaded guilty",Pennsylvania - Sharon; Ohio - Masury,,,,,Fraudulent vendor billing,Fraudulent vendor billing; Phantom Claims,convicted at trial,"O'Brien, with organization insiders, submitted fraudulent invoices - including from a telecommunications company he controlled - to Primary Health Network, a non-profit medical organization headquartered in Sharon, Pa., causing the non-profit to pay out on the bogus billings; four co-defendants, including three PHN leaders, previously pleaded guilty while O'Brien was convicted at trial on three wire fraud counts."
latham-taxi-operators-and-employees-charged-in-660-000-medicaid-fraud-and-kickback-scheme_95ceda1ad7a2.pdf,2026-06-23,"U.S. Attorney's Office, Northern District of New York",2020-01 to 2025-02,Muhammad Zishan a/k/a 'Sean'/'Shaun'/'Shawn' (operator/associate of Latham Taxi Inc.); Madiha Javed a/k/a 'Maddie'; Ghazali Shaikh; Latham Taxi Inc. (Medicaid-enrolled transportation provider),New York - Albany County; New York - Rensselaer County; New York - Warren County,Medicaid (New York State Department of Health),666281.0,,,Phantom Claims,Phantom Claims; kickback_Bribery For Referral; Unbundling; FakeEncounter,charged,"Operators of Latham Taxi Inc., a Medicaid-enrolled non-emergency medical transportation provider, allegedly billed New York Medicaid for 'ghost rides' and trips where recipients were never transported or never seen by a provider, and inflated reimbursement by billing group transports as multiple individual trips; they also allegedly gave recipients cash, rent abatement, and controlled substances to induce them to use Latham Taxi, yielding at least $666,281.42 in Medicaid payments."
lexington-man-convicted-of-conspiracies-to-commit-healthcare-fraud-and-violate-the-anti-kickback-statute-at-so_3f41f3a5c7bd.pdf,2026-04-02,"U.S. Attorney's Office, Eastern District of Kentucky",,"Dashawn Dawkins (peer support specialist); Serenity Keeper's, LLC (sober home company); Delores Jordan (owner of Serenity Keepers); Jerome Davis; Lily Bell (paid the kickbacks); Ernest Williams (ran several of the sober homes)",Kentucky - Fayette County (Lexington),Medicare; Kentucky Medicaid,9077260.0,,,kickback_Bribery For Referral,kickback_Bribery For Referral; Phantom Claims; Falsify certificate; FakeEncounter,convicted at trial,"Dawkins, a peer support specialist at Serenity Keepers sober homes, took $62,750 in kickbacks for ordering urine drug tests that were billed to Kentucky Medicaid and Medicare for $2,569,946; more than 9,000 tests were ordered using the stolen provider ID and forged signature of a nurse practitioner, with no treating provider ordering or reviewing results. Serenity Keepers also billed Medicaid a flat 6 hours of peer support services per patient per day regardless of delivery and without licensed supervision, collecting $9,077,260 in behavioral health claims; five defendants total have been convicted or pleaded guilty."
local-home-healthcare-company-owner-admits-over-200-000-fraud_62eeef80cf7e.pdf,2026-02-17,"U.S. Attorney's Office, Eastern District of Missouri",2020-06 to 2024-11,"Natavia Boyd-Wells (owner, Touch of the Heart Home Health Care LLC); Touch of the Heart Home Health Care LLC",Missouri - St. Louis,Missouri Medicaid Program; U.S. Department of Veterans Affairs (VA Community Care Network),209000.0,,,Phantom Claims,Phantom Claims; Falsify certificate,pleaded guilty,"Owner of a home health company submitted hundreds of reimbursement claims to Missouri Medicaid and the VA Community Care Network for home healthcare services never provided, including on dates when veteran patients were hospitalized, and had no supporting documentation; when Medicaid auditors requested records in February 2022 she submitted fabricated documentation. Losses were at least $109,751 to Medicaid and $100,563 to the VA."
local-physician-sentenced-to-1-year-imprisonment-a-60-000-fine-and-restitution-of-349-272-79-for-adulterating-_f730769106c4.pdf,2026-03-27,"U.S. Attorney's Office, Eastern District of Washington",2021-07 to 2023-07,"Dr. Eric Edward Haeger (physician, owner/operator of Central Washington Medical Associates sleep clinic); Central Washington Medical Associates",Washington - Brewster (Okanogan County); Eastern District of Washington,Medicaid (Washington State Medicaid),600000.0,409272.79,12,Misrepresented device billed as new,Misrepresented device billed as new; Falsify certificate,sentenced,"Haeger bought over 500 used, Class I recalled CPAP/BiPAP machines from online resellers, had staff and his own children pry out the recalled sound-abatement foam with screwdrivers and hooks in non-cleanroom settings, then dispensed the adulterated devices to Washington Medicaid patients through his sleep clinic; the clinic billed Medicaid for the 440 devices as if they were new and in good working order, collecting $439,272.79 of over $600,000 billed."
long-island-medical-doctor-sentenced-to-7-years-in-prison-for-operating-oxycodone-pill-mill-out-of-her-great-n_5c8a8ef534dc.pdf,2026-03-02,"U.S. Attorney's Office, Eastern District of New York",2019-01 to 2022-05,Roya Jafari-Hassad (licensed physician),New York - Nassau County (Great Neck); New York - Queens County (Forest Hills); New York - New York County (Manhattan),Medicare; private benefit programs,,302765.0,84,Phantom Claims,Phantom Claims; other,sentenced,"Physician charged patients hundreds of dollars in cash for monthly oxycodone prescriptions issued without legitimate medical purpose, sometimes refilling prescriptions without any appointment, and separately submitted false claims to Medicare and private insurers for medical services never rendered. Sentenced to 7 years, a $150,000 fine and $152,765 restitution."
louisiana-company-settles-matter-alleging-receipt-of-improper-cares-act-loans-for-over-2-9-million_84c9891a7987.pdf,2026-07-21,"U.S. Attorney's Office, District of New Jersey",2021-01,"CAN USA, Inc. (company providing inspection, repair and maintenance services)",Louisiana - Harvey (Jefferson Parish); New Jersey - Bergen County (Hackensack),,2000000.0,2916900.0,,Falsify certificate,Falsify certificate; PPP loan fraud,civil settlement,"CAN USA applied for and received a $2 million CARES Act Paycheck Protection Program loan in January 2021, falsely certifying on its application that it employed no more than 300 employees when, counting employees of its foreign affiliates, it exceeded that limit; it then obtained full forgiveness of the loan plus accrued interest. Resolved under the False Claims Act after a qui tam suit, with CAN USA paying $2,916,900 and the relator receiving $291,690."
macomb-county-resident-sentenced-for-multi-million-dollar-pandemic-assistance-fraud-scheme_fb5218ee2eed.pdf,2026-01-15,"U.S. Attorney's Office, Eastern District of Michigan",,Rita Shaba; Samer Kammo (co-defendant); Christina Anasi (co-defendant),Michigan - Macomb County,,3000000.0,3294798.0,27,Pandemic relief loan fraud,Pandemic relief loan fraud; Falsify certificate,sentenced,"Shaba and co-conspirators submitted fraudulent Paycheck Protection Program loan applications for several business entities, misrepresenting payroll information, falsely certifying permissible use of funds, and supplying fictitious payroll, health insurance, bank and tax records; they obtained over $3 million in PPP funds, of which over $2.1 million has been recovered. Shaba received 27 months and $3,294,798.50 restitution; co-defendants Kammo and Anasi await sentencing."
manufacturing-company-settles-paycheck-protection-program-loan-fraud-allegations-for-2-9-million_f9656402b305.pdf,2026-01-20,"U.S. Attorney's Office, District of New Jersey",2021-03 to 2022-01,"Protech Powder Coatings, Inc. (Delaware corporation, subsidiary of Protech Group)",New Jersey - Essex County (Fairfield),,2016888.0,2907643.0,,PPP loan fraud,PPP loan fraud; Falsify certificate,civil settlement,"Protech Powder Coatings falsely certified in a second-draw Paycheck Protection Program application that it met PPP eligibility requirements when, counting affiliates' employees, it exceeded the applicable size standards; it obtained $2,016,888 in loan and loan forgiveness (including interest) and caused the government to pay $60,000 in lender processing fees. Resolved by a $2,907,643 False Claims Act settlement arising from a qui tam suit, with the relator receiving $290,764."
marrero-woman-guilty-of-tax-fraud-and-ppp-fraud_bd59d319440e.pdf,2026-05-06,"U.S. Attorney's Office, Eastern District of Louisiana",2017-01 to 2024-12,Amanda Wilkerson (owner/operator of Divine Purpose Home Care LLC); Divine Purpose Home Care LLC,Louisiana - Jefferson Parish (Marrero),,76907.0,,,other,other; Falsify certificate,pleaded guilty,"The owner of a home healthcare company withheld payroll/trust fund taxes from employees' wages but failed to report and remit $57,000 to the IRS for Q3 2023 and failed to file her 2023 individual return despite over $1.6 million in income; she also submitted a PPP loan application to the SBA with a fabricated IRS Form 1040 Schedule C claiming $75,639 in 2019 gross income for a non-operational business, obtaining roughly $19,907 that was later forgiven."
maryland-man-convicted-of-defrauding-private-jet-customers-for-15m_86a39ff658e7.pdf,2026-06-04,"U.S. District Court for the District of Maryland; U.S. Attorney's Office, District of Maryland; DOJ Criminal Division, Fraud Section",,Patrick Britton-Harr (owner and operator of AeroVanti and affiliated entities); AeroVanti,Maryland - Annapolis,,15000000.0,,,other,other,convicted at trial,"Britton-Harr, owner of private air club AeroVanti, solicited roughly $15 million in $150,000 upfront 'Top Gun' membership payments by promising to use the funds to buy five specific aircraft, deliver aircraft titles to escrow, and provide blocks of discounted flight hours; instead he misappropriated the money for yachts, jewelry, living expenses and a $10,000/month Tampa-area rental, then concealed the scheme by obtaining a $1.5 million loan to buy an aircraft he had claimed to already own, withholding material information from the lender. (A separate May 2025 indictment charges him with health care fraud and money laundering for fraudulently billing Medicare for expensive respiratory tests; that trial is set for October 2026.)"
maryland-man-sentenced-to-more-than-5-years-in-federal-prison-for-leading-scheme-in-which-doctors-were-imperso_da1ec8f47e47.pdf,2026-01-13,"U.S. Attorney's Office, Central District of California",2020-09 to 2023-05,Benjamin Jamal Washington (scheme leader); Micah Robert Lee (co-conspirator),California - Los Angeles County (Los Angeles); Maryland - Montgomery County (Bethesda); Maryland - Prince George's County (Hyattsville),,,,65,Fraudulent prescriptions via provider identity theft,Fraudulent prescriptions via provider identity theft; Falsify certificate; kickback_Bribery For Referral,sentenced,"Washington and co-conspirators stole doctors' personal identifiers (NPI and DEA numbers, DOB, addresses), obtained fake drivers' licenses in the doctors' names and paid corrupt phone company employees for SIM swaps to capture physicians' phone numbers, then used those credentials to open fraudulent e-prescribing accounts and issue at least 5,600 bogus prescriptions for oxycodone and promethazine with codeine, which they picked up at pharmacies nationwide (including in Los Angeles) and resold for profit; Washington also stole mail and a USPS arrow key in Maryland. Co-defendant Lee pleaded guilty and awaits sentencing."
maryland-man-who-conspired-with-doctor-to-illegally-distribute-promethazine-codeine-and-other-controlled-subst_1dd6586d37bf.pdf,2026-03-10,"U.S. Attorney's Office, Western District of Virginia",2023 to 2024,Zion Oluwademilade Adeduwon; Dr. Rotimi Iluyomade (Annandale-based physician); Obioma Alozie Ndubuka; Raymono Alfonzo Russel II; Cameron Isaiah Lewis; Elhadj Malick Diallo; Kenechukwu Brian Okwara; Yared Michael Tesfaye,Virginia - Fairfax County (Annandale); Virginia - Western District of Virginia; Maryland - Bowie,,,100000.0,42,Illegal prescription diversion,Illegal prescription diversion; Falsify certificate; Phantom Claims,sentenced,"Adeduwon and co-conspirators repeatedly visited Dr. Iluyomade's Annandale clinic and paid him roughly $300 per prescription to issue controlled-substance prescriptions (oxycodone, Tussionex, promethazine-codeine 'lean') written in fake patient names and false addresses supplied on lists, which were then transmitted to and filled at pharmacies in numerous states including at least 70 in the Western District of Virginia. Adeduwon, the first co-conspirator sentenced, received 42 months and forfeited $100,000; other charged co-conspirators await trial or sentencing."
maryland-oncology-practice-agrees-to-pay-more-than-1-4m-to-resolve-false-claims-act-allegations-of-fraudulent-_2fc46fea6d10.pdf,2026-07-01,"U.S. Attorney's Office, District of Maryland",,"Progressive Oncology & Hematology, LLC (oncology practice); Mouhamad Bazzi, MD (owner and sole provider)",Maryland - Frederick County (Frederick),Medicare; Medicaid; U.S. Department of Veterans Affairs,,1450000.0,,Phantom Claims,Phantom Claims; other,civil settlement,"The practice and its owner allegedly billed Medicare, Medicaid and the VA for chemotherapy drugs they never paid for (drugs supplied free by charitable organizations or grant programs for specific patients), split wastage from single-use vials across multiple patients while billing each patient as receiving their own vial, and billed for chemotherapy drugs prescribed but never administered."
massachusetts-couple-sentenced-to-prison-for-importing-misbranded-drugs-from-china-and-selling-them-to-custome_8f092ea531ec.pdf,2026-07-01,"U.S. Attorney's Office, District of Massachusetts",2016 to 2020,Chenguang Gong; Yalan Tang,Massachusetts - Belmont (Middlesex County),,2500000.0,,12,Misbranded drug distribution,Misbranded drug distribution; other,sentenced,"The married defendants imported misbranded performance-enhancing drugs from China using multiple post office boxes and falsified addressees to evade detection, then repackaged and sold them to U.S. customers falsely labeled 'For Research Purposes Only' while knowing customers would ingest or inject them; gross sales exceeded $2.5 million with profits over $600,000. Both were sentenced to one year and one day in prison."
massachusetts-man-charged-in-5-million-medicare-fraud-scheme-as-part-of-national-health-care-fraud-takedown_754871d426e0.pdf,2026-06-23,"U.S. Attorney's Office, District of Massachusetts",2023-02 to 2024-09,Bhamin Chhatrapati,Massachusetts - Norfolk County (Stoughton),Medicare,5100000.0,,,Falsify certificate,Falsify certificate; kickback_Bribery For Referral; FakeEncounter,charged,"Chhatrapati and co-conspirators allegedly used telemarketers/call centers to harvest Medicare beneficiary information, generated medical documentation making it appear practitioners had legitimately prescribed medically unnecessary durable medical equipment (braces), billed Medicare over $5.1 million (of which over $2.6 million was paid), and paid the telemarketers a fee per brace order approved by Medicare."
massachusetts-ophthalmology-practice-to-pay-nearly-4-million-to-resolve-false-claims-act-allegations_0845d8109ac1.pdf,2026-07-31,"U.S. Attorney's Office, District of Massachusetts",2015-01 to 2025-07,"Ophthalmic Consultants of Boston, Inc. (ophthalmology practice)",Massachusetts - Suffolk County (Boston),Medicare; Medicaid (MassHealth),,3902588.0,,Unbundling,Unbundling; Falsify certificate,civil settlement,"The practice billed Medicare and MassHealth for office visits in addition to intravitreal eye injections by appending Modifier 25, even when the separate evaluation-and-management service was not performed or documented, collecting extra payment beyond the injection reimbursement; resolved by a $3,902,588.28 FCA settlement arising from a qui tam suit."
matrix-healthfair-and-healthfair-founder-agree-to-pay-56-5-million-to-resolve-false-claims-act-allegations_c4e0c718c901.pdf,2026-06-03,"U.S. Attorney's Office, Eastern District of Texas",2014 to 2019,"Community Care Health Network LLC d/b/a Matrix Medical Network (in-home health assessment company); DPN USA d/b/a HealthFair (mobile health assessment company); Shahriah ""James"" Ekbatani (founder and manager of HealthFair)",Tennessee - Nashville (Matrix headquarters); multiple states served by HealthFair mobile buses,"Medicare (Medicare Advantage / Part C, via Medicare Advantage Organizations and CMS)",,56500000.0,,Upcoding,Upcoding; Falsify certificate,civil settlement,"Matrix, through in-home assessments (2014-2019), and HealthFair, through mobile-bus assessments directed by founder Ekbatani (2015-2017), reported unsupported or invalid chronic-condition diagnoses (e.g., proliferative diabetic retinopathy, drug-induced polyneuropathy, COPD, HIV/AIDS, metastatic cancer, congestive heart failure) to Medicare Advantage Organizations, which passed them to CMS for risk adjustment, inflating capitated payments. Settlement totals $56.5 million: Matrix $36.5M, HealthFair $5M, Ekbatani $15M, with whistleblowers receiving $7.3M and $3.6M."
matrix-healthfair-and-healthfair-founder-agree-to-pay-56-5m-to-resolve-false-claims-act-allegations_049adb5c2f8f.pdf,2026-06-03,"U.S. Department of Justice, Civil Division; U.S. Attorney's Office, Southern District of New York; U.S. Attorney's Office, Eastern District of Texas",2014 to 2019,"Community Care Health Network LLC d/b/a Matrix Medical Network (in-home assessment provider); DPN USA d/b/a HealthFair (mobile health assessment provider); Shahriah ""James"" Ekbatani (founder and manager of HealthFair)",Tennessee - Nashville,Medicare (Medicare Advantage / Medicare Part C),,56500000.0,,Upcoding,Upcoding; Falsify certificate,civil settlement,"Matrix conducted in-home assessments and HealthFair conducted mobile-bus assessments of Medicare Advantage beneficiaries, then reported unsupported risk-adjusting chronic-condition diagnoses (e.g., proliferative diabetic retinopathy, drug-induced polyneuropathy, atrial fibrillation, COPD; and for HealthFair HIV/AIDS, metastatic cancer, morbid obesity based only on patient attestation or contradicted by test results) to Medicare Advantage Organizations, which passed them to CMS to obtain inflated capitated risk-adjustment payments. Settlement totals $56.5M across three defendants: Matrix $36.5M, HealthFair $5M, Ekbatani $15M, resolving two qui tam actions."
mcleansville-woman-charged-with-health-care-fraud-part-of-national-health-care-fraud-takedown_56b59aec7f04.pdf,2026-06-24,"U.S. Attorney's Office, Middle District of North Carolina",,Deborah Lanell White (owner of Reginald Center of Turn Around),North Carolina - Guilford County (McLeansville/Greensboro),North Carolina Medicaid,2800000.0,,,Phantom Claims,Phantom Claims,charged,"White, owner of Reginald Center of Turn Around, allegedly billed North Carolina Medicaid over a multi-year period for thousands of fictitious urine/drug tests that were never performed, causing a $2.8 million loss."
med-spa-owner-pleads-guilty-to-performing-illegal-injections-using-unapproved-prescription-drugs_c2c9e41b6792.pdf,2026-05-08,"U.S. Attorney's Office, District of Massachusetts",2022-08 to 2025-05,Rodrigo de Medeiros Siqueira (owner of Rodrigo Beauty Inc.); Rodrigo Beauty Inc.,Massachusetts - Norfolk County (Quincy),,,,,Unapproved drug administration by unlicensed provider,Unapproved drug administration by unlicensed provider; FakeEncounter,pleaded guilty,"Med spa owner, not licensed to prescribe, dispense or administer prescription drugs, injected clients with botulinum toxin obtained from illegitimate foreign sources while falsely representing to clients that he was a licensed medical professional and misrepresenting the identity and source of the products; numerous clients developed botulism. He pleaded guilty to misbranding a drug after shipment in interstate commerce with intent to defraud or mislead; sentencing set for Aug. 12, 2026."
med-spa-owner-pleads-guilty-to-performing-thousands-of-injections-using-counterfeit-products_6ecd631c3569.pdf,2026-04-07,"U.S. Attorney's Office, District of Massachusetts",2021-03 to 2025,Rebecca Fadanelli (owner/operator of Skin Beaute Med Spa); Skin Beaute Med Spa,Massachusetts - Randolph and South Easton (Norfolk/Bristol Counties); defendant resides in Stoughton,,1000000.0,,,Counterfeit drug/device distribution,Counterfeit drug/device distribution; FakeEncounter; Falsify certificate,pleaded guilty,"Med spa owner imported counterfeit Botox, Sculptra and Juvederm from China and Brazil and performed thousands of injections with these counterfeit drugs and devices, collecting more than $1 million in direct client payments while falsely representing to clients and employees that she was a nurse; she was in fact an unlicensed aesthetician not permitted to administer prescription drugs or devices."
medicaid-service-providers-sentenced-for-false-statements-resulting-in-overbilling_a8025858e40a.pdf,2026-06-05,"U.S. Attorney's Office, Eastern District of Virginia",,Chenelle Wright (owner/operator of Community Counseling Resources); Chaniece Winfield (clinical director); Community Counseling Resources (CCR),Virginia - Chesapeake; Virginia - Portsmouth,Medicaid,,,41,Falsify certificate,Falsify certificate; Phantom Claims,sentenced,"Two sisters running an after-school therapeutic day treatment program for Medicaid children directed employees to record in progress notes that services ran from 2:00pm to 7:00pm - using pre-filled note templates - although most children did not arrive until about 4:30pm, resulting in Medicaid being billed for hours of therapeutic services not provided. Wright received 41 months and Winfield 24 months in prison."
medical-device-company-to-pay-over-550-000-to-resolve-false-claims-act-allegations_d57723331ad8.pdf,2026-07-14,"U.S. Attorney's Office, District of Massachusetts",2019-01 to 2024-12,"Tactile Systems Technology, Inc. (medical device manufacturer/supplier); certain Tactile sales personnel",Massachusetts - Suffolk County (Boston),Medicare,,550959.0,,Falsify certificate,Falsify certificate; FakeEncounter; Upcoding,civil settlement,"Tactile sales personnel fabricated or amended prescribers' medical records and forged clinicians' signatures to falsely document that patients had failed conservative/basic compression therapy, making otherwise non-covered pneumatic compression devices (Entre and the more expensive Flexitouch) reimbursable by Medicare; some records were doctored to claim the basic Entre failed so the pricier Flexitouch could be billed. Resolved via a $550,959 FCA settlement from two qui tam suits, with relators receiving $129,475."
medical-supply-company-owner-convicted-of-30m-medicare-fraud-scheme_2e64c3beab0f.pdf,2026-07-22,"U.S. Department of Justice, Criminal Division Fraud Section / National Fraud Enforcement Division; U.S. District Court for the Middle District of Florida",,"Mark Loftis (owner of medical supply companies, chiropractor); Office of Back Pain Home Supplies (medical supply company in Drumright, Oklahoma)",Oklahoma (Cushing and Drumright),Medicare; TRICARE; CHAMPVA (Civilian Health and Medical Program of the Department of Veterans Affairs),30000000.0,,,kickback_Bribery For Referral,kickback_Bribery For Referral; Falsify certificate; FakeEncounter; Ineligible provider enrollment,convicted at trial,"Loftis paid over $1 million to marketers using call centers to harvest personal and insurance information from elderly and disabled beneficiaries, then bought signed orders for orthotic braces and continuous glucose monitors from telemedicine doctors and nurse practitioners who never examined and often never spoke to the patients; he used those orders to bill Medicare, TRICARE and CHAMPVA over $30 million, obtaining more than $8 million, and also concealed a conspirator's management role and billed claims generated by unenrolled medical suppliers."
medicare-advantage-provider-complete-health-to-pay-14-100-000-to-settle-false-claims-act-suit_50ed81b789f1.pdf,2026-08-03,"U.S. Department of Justice, Civil Division and U.S. Attorney's Office, Middle District of Florida",2020 to 2023,Complete Health Partners Holdings (management services organization),Florida - Duval County (Jacksonville); Alabama; Colorado,Medicare (Medicare Advantage / Part C),,14100000.0,,Upcoding,Upcoding; Falsify certificate,civil settlement,"Complete Health, paid a share of the risk-adjusted capitation MAOs received from CMS, disseminated incorrect coding guidance and had coders mine beneficiary medical records for additional chronic-condition diagnoses in HCC 55 (drug/alcohol dependence) and HCC 59 (major depressive, bipolar, paranoid disorders), then prompted physicians to add these unsupported diagnosis codes, inflating patient risk scores and CMS payments to the MA plans, a portion of which flowed back to Complete Health. Resolved for $14.1 million; qui tam relator Karen Bowers receives about $2,467,500."
members-of-tacoma-street-gang-are-indicted-for-drug-and-gun-trafficking_6c6f220fa029.pdf,2026-02-06,"U.S. Attorney's Office, Western District of Washington",2025-03 to 2026-02,Kevin Salgado (alleged leader); Haley Filler; Gabriel Tovar; Kevin Andreas; Joshua Bailey; Tyson Latchie; Kahlil Bland; Ian Newman; Edgar Adrian Hernandez; Isaac Briones; Roman Jackson; Geeneva Morandarte; Christian Ericson; Michelle Ford-Jackson,"Washington - Pierce County (Tacoma, Puyallup, University Place, Lakewood); Washington - Snohomish County (Lynnwood); Washington - Thurston County (Olympia); Oregon - Yamhill; California - Yucaipa",,,,,other,Prescription drug diversion; kickback_Bribery For Referral; Falsify certificate,charged,"Fourteen alleged members of a Tacoma-area Black Gangster Disciples-affiliated drug and gun trafficking organization were indicted after a wiretap investigation; alongside pressing and mailing counterfeit oxycodone and Xanax pills, some defendants hacked into drug distribution companies to reroute controlled-substance shipments for street sale, and one defendant allegedly paid kickbacks to an Oregon pharmacist to fill fraudulent prescriptions for oxycodone and other narcotics (defendant Isaac Briones was arrested picking up a fraudulent promethazine-with-codeine prescription in June 2025)."
memphis-gynecologist-sentenced-to-20-years-in-prison-for-adulterating-medical-devices-and-health-care-fraud_0d309b3f8137.pdf,2026-07-08,"U.S. Attorney's Office, Western District of Tennessee",2019-09 to 2024-04,"Sanjeev Kumar (gynecologic oncologist, operator of Poplar Avenue Clinic)",Tennessee - Shelby County (Memphis),Medicare; Medicaid,41000000.0,,240,other,other; FakeEncounter,sentenced,"Kumar performed more than 15,000 in-office hysteroscopy-with-biopsy procedures using adulterated and misbranded devices - reusing single-use hysteroscopes and graspers and skipping required reprocessing/disinfection steps - and billed Medicare and Medicaid for the unsafe procedures, billing over $41 million and netting more than $4.8 million from the two programs between September 2019 and April 2024. Restitution hearing set for October 2, 2026."
mesa-residents-sentenced-to-prison-for-fraud-targeting-ahcccs_cdcdf72dd490.pdf,2026-02-27,"U.S. Attorney's Office, District of Arizona",2020 to 2022,"Eric Riley (owner/operator, New Horizons Behavioral Health); Britney Gooch (owner/operator, New Horizons Behavioral Health); New Horizons Behavioral Health (behavioral health clinic)",Arizona - Maricopa County (Mesa),"Medicaid (Arizona Health Care Cost Containment System - AHCCCS, American Indian Health Program)",3300000.0,3300000.0,24,Phantom Claims,Phantom Claims,sentenced,"Through their Mesa behavioral health clinic, New Horizons Behavioral Health, Riley and Gooch billed AHCCCS's American Indian Health Program for behavioral health services never provided to AIHP patients, obtaining roughly $3.3 million; both pleaded guilty and were jointly ordered to pay $3.3 million in restitution, with Riley receiving 24 months and Gooch 12 months and one day."
metro-detroit-surgeon-was-sentenced-to-a-year-in-prison-in-7-million-dollar-medicare-fraud-scheme_fe359433f089.pdf,2026-04-17,"U.S. Attorney's Office, Eastern District of Michigan",2019 to 2023,Mustafa Hares (surgeon); Mohammed Kazkaz,Michigan - Oakland County (West Bloomfield); Michigan - Wayne County (Detroit),Medicare,7000000.0,4800000.0,90,Phantom Claims,Phantom Claims; Falsify certificate,sentenced,"Hares and co-defendant Kazkaz submitted more than $7 million in Medicare claims for psychotherapy services never rendered, signing purported patient progress notes that were actually drafted by employees in Mexico rather than by medical providers. Hares received 12 months and $4.8 million restitution; Kazkaz was previously sentenced to 7 1/2 years."
mexican-man-sentenced-to-14-years-in-federal-prison-for-leading-a-6-85m-healthcare-fraud-scheme_b761e43f96d5.pdf,2026-03-06,"U.S. Attorney's Office, Western District of Texas",2008 to 2016-04,"Orlando Omar Garcia-Moya (founder/owner, Fleet Ambulance Service Inc.); Oscar Gutierrez Jr. (employee); Melody Ann Villarreal (employee); Fleet Ambulance Service Inc.","Texas - Brackettville (Kinney County), Del Rio area",Medicare; Medicaid; Managed Care Organizations,17900000.0,6856187.0,168,Phantom Claims,Phantom Claims; Falsify certificate; FakeEncounter,sentenced,"Owner and two employees of an ambulance company billed Medicare, Medicaid and MCOs for ambulance transports by creating fraudulent run sheets for patients who were never transported, transporting patients in personal or unapproved vehicles, and listing 'ghost employees' on run sheets; billings exceeded $12.3 million (2008-2012) and $5.6 million (2013-April 2016), with $6,856,186.85 actually paid. Garcia-Moya was convicted at a bench trial on all 13 counts and sentenced to 168 months plus full restitution; co-defendants Gutierrez and Villarreal pleaded guilty and received 60 and 48 months."
michigan-home-health-care-agency-owner-convicted-of-1-6m-medicare-fraud-scheme-and-kickback-conspiracy_aa10bdfe096a.pdf,2026-05-15,"U.S. District Court for the Eastern District of Michigan; Department of Justice, Criminal Division Fraud Section / National Fraud Enforcement Division",2018 to 2024,"Ruby Scott (nurse, owner of Delta Home Health Care LLC); Delta Home Health Care LLC",Michigan - Oakland County (Farmington Hills); Michigan - Wayne County (Detroit),Medicare,1600000.0,,,Falsify certificate,Falsify certificate; kickback_Bribery For Referral; Phantom Claims,convicted at trial,"Scott bribed a Detroit hospital discharge nurse (over $130,000 total, about $300 per successfully billed patient, paid via CashApp, PayPal, check and cash) to fax confidential Medicare patient records to her home health agency; she then billed Medicare for home health services using the stolen patient profiles, falsely representing that physicians had certified the patients as homebound and eligible when no doctor had evaluated them, and in some cases billing for patients who never received services, causing about $1.6 million in losses (Medicare paid over $1.2 million on claims for patients with no maintained files)."
mid-year-report-u-s-attorneys-office-in-chicago-dramatically-increases-federal-violent-crime-and-other-prosecu_ed899afabc9f.pdf,2026-07-20,"U.S. Attorney's Office, Northern District of Illinois",,Unnamed defendant (charged in Medicare COVID-19 test kit scheme); unnamed health care provider (Illinois Medicaid behavioral health scheme); Burhan Mirza; Kashif Iqbal; Seung Han Lim (chiropractor) and his clinic,Illinois - Chicago area (Northern District of Illinois),Medicare; Illinois Medicaid; Blue Cross Blue Shield of Illinois; private health care benefit programs,325600000.0,,,Phantom Claims,Phantom Claims; other,other,"Mid-year report summarizing several Northern District of Illinois health care fraud matters: one defendant charged with billing Medicare roughly $240 million in under six months for over-the-counter COVID-19 test kits never provided or never requested by beneficiaries; a provider charged with billing Illinois Medicaid more than $75 million for behavioral health counseling and therapy never rendered; Burhan Mirza and Kashif Iqbal charged with using nominee-owned laboratories and durable medical equipment companies to submit about $10 million in claims to Medicare and private insurers for items and services not provided; and chiropractor Seung Han Lim convicted of billing Blue Cross Blue Shield of Illinois over $600,000 for services not rendered. Figures span multiple defendants; the office also states approximately $2.135 billion in charged health care fraud losses district-wide since April 2025."
middletown-man-pleads-guilty-to-operating-unlawful-money-transmitting-business_d6616573c575.pdf,2026-06-23,"U.S. Attorney's Office, District of Connecticut",2025-01 to 2025-05,Habroon Habib (registrant/operator of Around The World Solutions LLC); Around The World Solutions LLC,Connecticut - Middlesex County (Middletown),Medicare Advantage (Medicare Part C) plans operated by private insurers,1901200.0,,,Phantom Claims,Phantom Claims; other,pleaded guilty,"Habib registered a Connecticut shell company and opened a bank account, and an individual in Pakistan submitted approximately $1.9 million in claims to Medicare Advantage plans for durable medical equipment (orthotics and braces) that roughly 413 beneficiaries in 36 states never requested, consented to, or received; about $680,571 was paid into the company account, and Habib wired $425,000 of it to Pakistan through an unlicensed money transmitting business."
milwaukee-county-man-sentenced-to-18-months-in-federal-prison-for-wire-fraud-involving-government-benefit-prog_956ab492a5af.pdf,2026-08-06,"U.S. Attorney's Office, Eastern District of Wisconsin",2020-01 to 2025-03,Antonio Franklin (benefit recipient),Wisconsin - Milwaukee County,Social Security Administration (Title XVI disability benefits); Wisconsin Department of Health Services (Wisconsin Supplemental Security Income and IRIS program),300000.0,,18,Benefit eligibility concealment,Benefit eligibility concealment,sentenced,"Franklin concealed from the government an undisclosed bank account through which more than $1 million flowed between January 2020 and March 2025, failing to report income/assets that would have made him ineligible, and thereby collected nearly $300,000 in SSA Title XVI disability, Wisconsin SSI, and IRIS self-directed personal care benefits; the court ordered restitution equal to the benefits unlawfully received."
milwaukee-fraudster-sentenced-to-11-years-in-federal-prison_609043cd92eb.pdf,2026-03-12,"U.S. Attorney's Office, Eastern District of Wisconsin",,"Lenard R. Monroe (owner, Wellness Personal Care Service); Wellness Personal Care Service (home healthcare agency); Phillip Daniels (codefendant, patient referrer)",Wisconsin - Milwaukee County (Milwaukee),Wisconsin Medicaid; U.S. Department of Health and Human Services Health Resources and Services Administration (HRSA COVID relief),,2790385.0,132,Phantom Claims,Phantom Claims; kickback_Bribery For Referral; COVID relief fund fraud; Money laundering of proceeds,sentenced,"Over at least three years, Monroe's home healthcare company Wellness Personal Care Service billed Wisconsin Medicaid for thousands of hours of in-home personal care services that were never provided, and Monroe paid codefendant Phillip Daniels over $600,000 in kickbacks to refer clients to the agency; he also used his Medicaid provider status to obtain roughly $247,000 in HRSA COVID relief funds intended for pandemic-harmed providers and spent proceeds on luxury purchases including a Dodge Demon drag car. Restitution of $2,543,216.62 to Wisconsin Medicaid and $247,167.90 to HRSA was ordered against Monroe."
minnesota-health-care-fraud-takedown-results-in-charges-against-15-defendants-for-over-90m-in-fraud_d171e53c06d1.pdf,2026-05-21,"U.S. Department of Justice, National Fraud Enforcement Division (Fraud Division, Health Care Fraud Section) and U.S. Attorney's Office, District of Minnesota",,"15 unnamed defendants, including owners of child care centers and various Minnesota Medicaid providers (2 charged in the EIDBI autism scheme; 1 in the Integrated Community Supports scheme; 2 in the Individualized Home Supports scheme; 8 in the Housing Stabilization Services scheme, some traveling from Pennsylvania; 2 in child care subsidy schemes)",Minnesota,"Medicaid (Minnesota Medical Assistance / Minnesota Health Care Programs, including EIDBI, Integrated Community Supports, Individualized Home Supports and Housing Stabilization Services); Minnesota Great Start Compensation Support Payment Program; federal Child Care Assistance Program",90000000.0,,,Phantom Claims,Phantom Claims; kickback_Bribery For Referral; FakeEncounter; Undisclosed ownership interest,charged,"Coordinated takedown of 15 defendants across five Minnesota Medicaid and child care programs totaling over $90 million in intended loss: an approximately $46.6 million EIDBI autism scheme in which defendants paid kickbacks to parents, diagnosed children with autism regardless of medical necessity and billed for autism services never provided; a $1.4 million Integrated Community Supports scheme billing for 24-hour care not rendered (including a recipient found deceased a day after being billed); an over $22 million Individualized Home Supports scheme in which defendants bought 20+ residences, concealed their prohibited ownership interest from Medicaid, housed beneficiaries to harvest their information, and billed for services not provided as represented, spending proceeds on real estate, luxury cars and jewelry; approximately $15.7 million in Housing Stabilization Services billing fraud; and $425,000 (Great Start program) plus $4.6 million (Child Care Assistance Program) child care subsidy frauds."
mississippi-man-ordered-to-pay-31-million-for-role-in-healthcare-kickback-scheme_c90f1b5ee15a.pdf,2026-03-19,"U.S. Attorney's Office, Middle District of Alabama",,"Robert L. Crites (owner of Health Services Plus and TriCom, LLC; contractor of Extraordinary Scripts, Inc.)",Mississippi - Batesville (Panola County); Alabama - Montgomery County (Montgomery),TRICARE,5447474.0,31039134.0,,kickback_Bribery For Referral,kickback_Bribery For Referral,civil settlement,"Crites and associates of Extraordinary Scripts recruited TRICARE beneficiaries nationwide and referred them to Cloverland Pharmacy in Montgomery, Alabama, which paid per-referral commissions/kickbacks; TRICARE sustained $5,447,474.94 in losses, and the court entered a $31,039,134.82 judgment (treble damages plus civil penalties) against Crites, the last remaining defendant after five co-defendants settled."
mobile-pet-scan-provider-to-pay-8-33-million-to-resolve-allegations-of-false-claims-act-violations-based-on-un_0d7ce7ae6893.pdf,2026-05-01,"U.S. Department of Justice, Civil Division and U.S. Attorney's Office for the Central District of California",2016-09 to 2025-01,Modern Nuclear Inc. (mobile PET scan provider),California - Orange County (La Habra),Medicare; TRICARE,,8334350.0,,kickback_Bribery For Referral,kickback_Bribery For Referral,civil settlement,"MNI allegedly paid referring cardiologists above-fair-market-value supervision fees for mobile PET scans - including paying them for time spent treating other patients, time off-site, and for services rarely or never provided - to induce referrals, then billed federal health care programs for the resulting scans; resolved via an $8,334,350.71 ability-to-pay settlement (plus future revenue-based amounts) and a five-year Corporate Integrity Agreement following a qui tam suit."
mother-daughter-duo-charged-in-9-5-million-medicare-fraud-scheme-part-of-national-healthcare-fraud-takedown_8276ef54f146.pdf,2026-06-23,"U.S. Attorney's Office, Southern District of California",2024-04 to 2024-10,"Blanca Estela Cardenas (nurse practitioner, owner of Mobile Care Medical Providers, LLC and B&R Wound Care, Inc.); Raquel Pasillas (daughter, operational leadership at the businesses); Mobile Care Medical Providers, LLC; B&R Wound Care, Inc.",California - San Diego County (San Diego/Chula Vista),Medicare,9500000.0,,,Phantom Claims,Phantom Claims; FakeEncounter; Falsify certificate; other,charged,"Indictment alleges the businesses billed Medicare roughly $9.5 million (receiving about $5.5 million) for mobile wound care services and costly skin substitute allografts under nurse practitioner Cardenas' NPI, falsely representing her as the rendering provider while she was incarcerated in federal prison; her unlicensed daughter allegedly performed the services. More than $4.7 million of proceeds were allegedly diverted through cash withdrawals, personal bank deposits, and rent payments."
mother-sentenced-to-17-years-in-federal-prison-for-fraud-scheme-involving-quadriplegic-son_e708bd838f8d.pdf,2026-03-04,"U.S. Attorney's Office, Northern District of Texas",2015 to 2021,Judy Terecia Sanchez (mother/guardian of Medicaid beneficiary),Texas - Lubbock County (Lubbock),Texas Medicaid (Texas Health and Human Services),227377.0,227377.0,204,Falsify certificate,Falsify certificate; Phantom Claims,sentenced,"After the certified nurse aide she hired for her quadriplegic son resigned within two weeks, Sanchez falsified time sheets for six years as if the aide were still providing home health attendant care, submitted them to Texas Medicaid, had the checks payable to the aide mailed to a post office box she controlled, and then forged and cashed them, obtaining $227,377 while her son received no care."
multi-million-dollar-prescription-fraud-scheme-results-in-prison-sentence-for-three-east-tennesseans_4096eca396e3.pdf,2026-06-11,"U.S. Attorney's Office, Eastern District of Tennessee; United States District Court for the Eastern District of Tennessee at Knoxville",2016-07 to 2020-10,"Barbara A. Smith (clinic office manager); Jared Grant Riddle (licensed pharmacist); Brian M. Woods (marketer); George Ernest Riddle (owner of United Apothecary, LLC); United Apothecary, LLC d/b/a Riddle Drugs / Riddle Express Pharmacy","Tennessee - Knox County (Knoxville); Tennessee - Anderson County (Clinton, Oliver Springs); Tennessee - Jefferson County (Dandridge)",Medicare Part D; other drug plans and pharmacy benefit managers,8687531.0,22185941.0,37,Falsify certificate,Falsify certificate; kickback_Bribery For Referral; Phantom Claims,sentenced,"A pharmacist created a drug formulary of high-reimbursement products (pain creams and chlorzoxazone 250 mg), paid a marketer off-the-books cash bonuses per signed formulary, and the marketer paid a pain clinic's office manager cash to alter signed formularies (adding unprescribed drugs and refills) and to create wholly forged formularies with handwritten or photocopied provider signatures; the pharmacy billed these prescriptions to drug plans and PBMs, collecting about $7.37 million including roughly $4.8 million from Medicare Part D. In a related case, the pharmacy owner and his son paid kickbacks to out-of-state marketers for signed prescriptions billed to Medicare Part D for about $1.32 million. Restitution figures total across four defendants; longest sentence was 37 months (Smith), with 33 months each for Riddle and Woods and 15 months for Ernest Riddle."
multicare-health-system-to-pay-millions-to-settle-fraud-case_d952a6c38a43.pdf,2026-02-04,"U.S. Attorney's Office, Eastern District of Washington",2019 to 2021,MultiCare Health System (hospital and healthcare system operating MultiCare Deaconess Hospital and MultiCare Rockwood Clinic); Dr. Jason A. Dreyer (neurosurgeon),Washington - Spokane County (Spokane); Washington - Pierce County (Tacoma),Medicare; Washington Medicaid; TRICARE (Department of Defense); Federal Employees Health Benefits Program (FEHBP); Department of Veterans Affairs,,3728000.0,,FakeEncounter,FakeEncounter; Falsify certificate; kickback_Bribery For Referral,civil settlement,"MultiCare allowed neurosurgeon Dr. Jason Dreyer to perform a high volume of medically unnecessary complex spinal surgeries at Deaconess Hospital between 2019 and 2021 - ignoring physician-assistant patient safety complaints and explicit federal investigator warnings about falsified diagnoses - and billed Medicare, Medicaid and other federal health programs for those surgeries, while paying Dreyer compensation tied to the number and complexity of surgeries performed. MultiCare will pay $3.728 million (including $1.6 million restitution), with the qui tam relator receiving $633,760; related prior settlements were $22.7 million with Providence Health & Services and more than $1.1 million with Dr. Dreyer."
national-fraud-enforcement-divisions-healthcare-fraud-unit-secures-six-trial-convictions-involving-over-1-1-bi_7206b11bd803.pdf,2026-06-04,"U.S. Department of Justice, National Fraud Enforcement Division, Health Care Fraud Unit (trials in the Southern District of Florida, Central District of California, Eastern District of Michigan, Eastern District of New York, and Middle District of Tennessee)",2016-09 to 2020,"Brett Blackman (founder and CEO of HealthSplash/DMERx telehealth platform); Gary Cox (co-defendant, convicted at prior trial); Dr. Violetta Mailyan (physician); Ruby Scott (licensed nurse, owner of Delta Home Health Care LLC); Tony Brown-Arkah (owner of American Medical Centers); Olga Popovych (manager of Brooklyn physical therapy clinics); Heather Marks (advanced registered nurse practitioner, Lifeforce Pain and Wellness)",Florida; California; Michigan; New York - Kings County (Brooklyn); Tennessee - Carthage,Medicare; Medicaid,1100000000.0,7300000.0,180,kickback_Bribery For Referral,kickback_Bribery For Referral; Phantom Claims; Falsify certificate; FakeEncounter; Controlled substance diversion / unlawful prescribing,convicted at trial,"Six separate jury trial convictions rolled into one announcement totaling over $1.1 billion in losses: Blackman's DMERx platform used foreign call centers and spam mailers to push medically unnecessary orthotic braces on Medicare beneficiaries and paid telemedicine companies kickbacks for doctor-signed orders falsely certifying exams (over $1 billion billed, $450 million paid); Mailyan billed Medicare over $45 million for Botox injections never given, including while on vacation, for an incarcerated patient and on days her clinic was closed, then fabricated back-dated consent forms for a grand jury subpoena (forfeiture of vehicles, $7.3 million in brokerage accounts and four properties); Scott paid a hospital discharge nurse over $130,000 via CashApp/PayPal/check/cash for stolen Medicare patient records and billed home health with fabricated physician homebound certifications ($1.6 million loss); Brown-Arkah's Brooklyn substance abuse clinic billed Medicare and Medicaid $52 million for visits by a non-clinician and never-provided services while diverting Suboxone and taking lab referral kickbacks; Popovych paid ambulette drivers cash for Medicare patient referrals and falsified records showing therapists treated patients on days they were absent (over $8 million paid 2018-2020); Marks prescribed nearly one million opioid pills at a rural Tennessee pain clinic. Figures span multiple defendants; the longest custodial sentence noted is 15 years for co-defendant Gary Cox."
national-health-care-fraud-enforcement-action-results-in-455-defendants-charged-and-over-6-5-billion-in-intend_d850e3cd24c9.pdf,2026-06-23,"U.S. Attorney's Office, Eastern District of Michigan",2016-01 to 2025-07,"Hasan ""Lucas"" Seyhun (Chief Operating Officer, Fast Lab Technologies); Cemhan ""Jimmy"" Biricik (CEO, Fast Lab Technologies, previously charged); Dr. Martin Perlin (Medical Director, previously charged); Emad Hamdan (supervisor, Medex Pharmacy); Raeyfah Baiz (pharmacist-in-charge, Medex Pharmacy); Rabih Hamdan (owner, Medex Pharmacy); Christopher Dzialo; Reno Dandy a/k/a ""RJ"" (operator, Grace Medical Clinic PLLC); Francina Kirk a/k/a ""Keisha"" (operator, Grace Medical Clinic PLLC); Dr. Chinoy (prescriber at Grace); McLaren Health Care Corporation and related entities; Jason Herzog (former CEO, Avertest, LLC d/b/a Averhealth)","Michigan - Wayne County (Detroit, Dearborn Heights, Grosse Pointe Farms, Eastpointe); Michigan - Wayne County (Canton area); Michigan - Oakland County (Pontiac); Southeast Michigan; Florida - Miami-Dade County (Miami); Nevada - Washoe County (Reno); Virginia - Henrico County (Glen Allen)",Medicare; Michigan Medicaid (Michigan Department of Health and Human Services); Blue Cross Blue Shield of Michigan; private health insurer,6500000000.0,2050000.0,,Phantom Claims,Phantom Claims; FakeEncounter; Falsify certificate; other; Money laundering of proceeds,charged,"Part of the 2026 national takedown (455 defendants, over $6.5 billion in intended loss), the Eastern District of Michigan announced six matters: Fast Lab Technologies executives allegedly billed insurers $566 million for COVID-19 laboratory testing never rendered or not as represented and laundered the proceeds; Medex Pharmacy supervisors and its pharmacist-in-charge allegedly billed Medicare, Medicaid and BCBS of Michigan about $1.9 million for prescriptions not medically necessary or never dispensed (pharmacy lacked inventory); Christopher Dzialo allegedly submitted eight fraudulent Direct Member Reimbursement claims worth $158,514 to his own insurer for drugs and procedures he never received; Grace Medical Clinic operators allegedly paid a physician who e-prescribed over 400,000 opioid dosage units to ""patients"" he never saw. Civil settlements: McLaren Health Care $1.9 million for failing to timely repay overpayments and former Averhealth CEO Jason Herzog $150,000 for false claims to Michigan DHHS over improper positive oral fluid drug test results."
national-health-care-fraud-takedown-leads-to-forty-one-count-indictment-of-pensacola-beach-man_224c8e3f52bc.pdf,2026-06-23,"U.S. Attorney's Office, Northern District of Florida",,Edward Scott Morrison (licensed physician),Florida - Escambia County (Pensacola Beach/Pensacola),,,,,Illegal prescribing of controlled substances,Illegal prescribing of controlled substances,charged,"Indicted on 41 counts of distributing and dispensing controlled substances: as a licensed physician, Morrison allegedly wrote and signed prescriptions for at least 25,500 controlled substance pills (over 22,000 opioid and over 3,000 stimulant pills, including oxycodone, hydrocodone, amphetamine, alprazolam and testosterone) on request from patients or third parties, without physical examinations, without reviewing prescribing records, and without creating any records of the encounters."
national-health-care-fraud-takedown-results-in-455-defendants-charged-in-connection-with-over-6-5-billion-in-a_b9aeab97917c.pdf,2026-06-25,"U.S. Attorney's Office, Southern District of Florida (with DOJ Health Care Fraud Unit Florida Strike Force)",,"Casilda Muniz Rodriguez (clinic set-up facilitator); Dr. Jason Finkelstein (cardiologist, medical director of cardiovascular testing company; owner of Cardiovascular Testing Services PA and Cardiovascular Healthcare Associates PA); Eduardo Javier Ibarra Arrowsmith (posed as licensed physician); Ibrahim Hilmi (operator of ABRH Care, Inc. and Sunshine Senior Solutions LLC); Giorgi Kimeridze (money launderer); Laura Seiler-Anstett (biller/consultant); Rajiv Shah (owner of ACC-Q Data, LLC billing company); Anthony Tursi (call center owner); Yilian Cruz (co-owner, De La Cruz Mental Health LLC); Inti Cruz (co-owner, De La Cruz Mental Health LLC); Adaimis Perez Arencibia (therapist); Rene Yartu Couceiro (therapist)","Florida - Miami-Dade County (Miami, Hialeah, Miami Lakes); Florida - Broward County (Coral Springs); Florida - Palm Beach County (Palm Beach Gardens, Boynton Beach); Texas - Tarrant County (Fort Worth)",Medicare; Medicare Advantage Organizations; Medicare Supplemental Insurers; Florida Medicaid; Federal Employees Health Benefits Program (FEHBP); private insurers,6500000000.0,27425929.0,,Phantom Claims,Phantom Claims; FakeEncounter; kickback_Bribery For Referral; Falsify certificate; Money laundering of proceeds; Ineligible provider enrollment,charged,"As part of DOJ's 2026 National Health Care Fraud Takedown (455 defendants nationwide, over $6.5 billion in claims), 12 defendants were charged in the Southern District of Florida in schemes totaling over $4 billion: sham clinics enrolled with Medicare under nominee owners billed over $117 million for skin substitutes/amniotic wound allografts never provided (Medicare paid over $55 million); 'bust-out' DME companies (ABRH Care and Sunshine Senior Solutions) billed at least $3.76 billion for equipment and wound dressings never supplied with proceeds wired to Hong Kong; a cardiologist billed roughly $89 million for cardiovascular screenings of student athletes with fabricated diagnoses and rubber-stamped test reviews; billers submitted $58.3 million and over $64 million in medically unnecessary orthotic brace/DME claims procured by kickbacks; a call center sold telemarketed doctors' orders for $62 million in genetic tests; and Miami mental health clinics paid cash 'donations' to elderly Medicaid/Medicare beneficiaries and falsified attendance sheets for PSR and TMS sessions not provided. Figures span multiple defendants; $27,425,929 was seized from 12 South Florida clinics."
national-health-care-fraud-takedown-results-in-455-defendants-charged-in-connection-with-over-6-5-billion-in-a_ffc7d8299d36.pdf,2026-06-23,"U.S. Department of Justice, Office of Public Affairs (National Fraud Enforcement Division / Health Care Fraud Unit), with 56 U.S. Attorneys' Offices and 45 State Attorneys General's Offices/Medicaid Fraud Control Units",2021-12 to 2024-06,"455 defendants charged nationwide, including 90 doctors and other licensed medical professionals; named defendants include Ibrahim Hilmi (transnational catheter/DME scheme, apprehended in Kyrenia); Herb Kimble (fugitive, telemedicine/DME scheme); Khalid Satary (genetic testing scheme, fugitive); Emylee Thai (genetic testing scheme, fugitive); an unnamed Vice President of Sales of an allograft company (D. Ariz.); an unnamed nurse practitioner (S.D. Tex.); three defendants in a Middle District of Florida allograft scheme; an unnamed hospice owner and two marketers (C.D. Cal.); a medical director of a cardiovascular testing practice (S.D. Fla.); eight defendants in a New York social adult day care scheme (E.D.N.Y.); a co-owner of a mental health company (E.D. Va.); a behavioral health biller (Illinois Medicaid); a personal care attendant (Alaska)",Arizona; Texas (Southern District); Florida (Middle and Southern Districts); Illinois; California (Central District); New York - Kings County (Brooklyn); Virginia (Eastern District); Alaska; Pennsylvania (Eastern District); South Carolina; cases in 56 federal districts and 45 U.S. states and territories,"Medicare; Medicaid (including New York Medicaid, Illinois Medicaid, Virginia Medicaid, Alaska Medicaid); private insurers",6500000000.0,96000000.0,,Phantom Claims,Phantom Claims; kickback_Bribery For Referral; FakeEncounter; Falsify certificate; Illegal opioid distribution; Money laundering of proceeds,charged,"Nationwide takedown aggregating 455 defendants and over $6.5 billion in alleged false claims: billing Medicare billions for medically unnecessary amniotic wound allografts driven by ~40% kickbacks to marketers and providers (including applying grafts to hospice patients and areas larger than the wound), a $906 million single-nurse-practitioner allograft scheme, $3.7 billion in claims for urinary catheters and DME never provided, a $27.7 million hospice scheme using purchased decedent data and back-dated records to bill for the recently deceased, $67 million in Illinois Medicaid behavioral health claims for 500+ counseling hours per day never rendered, $38 million in New York Medicaid social adult day care claims for beneficiaries never served, $49 million in Virginia Medicaid crisis-stabilization billing procured by bribing homeless people with hotel stays, and $89 million in falsified cardiovascular testing of student athletes. Figures span hundreds of defendants; settlement figure combines 48 civil monetary payment settlements over $73 million and civil settlements with 31 defendants totaling $23 million, with over $182 million in assets seized."
national-health-care-fraud-takedown-results-in-455-defendants-charged-in-fraud-scheme-totaling-over-6-5-billio_384ff16615aa.pdf,2026-06-23,"U.S. Attorney's Office, Eastern District of Louisiana",,"Holly Broussard (sales representative for a Louisiana-based diagnostic laboratory); Dr. Christopher Whipple (licensed physician); Jaquala Robertson (employer under Medicaid Self Direction Program); Kirstan Wells (personal care service worker); Asha Clark (direct service worker, Medicaid Self Direction Program)",Louisiana - Shreveport; Louisiana - New Orleans; Louisiana - Hammond; Louisiana - Mount Hermon,Medicare; Medicaid (Louisiana Medicaid); TRICARE,57612143.0,,,Phantom Claims,Phantom Claims; FakeEncounter; other,charged,"Five defendants charged in the Eastern District of Louisiana portion of the 2026 national takedown: Broussard, a lab sales rep, solicited orders for medically unnecessary respiratory pathogen panel tests bundled with COVID-19 tests from rural providers, nursing homes and assisted living facilities that needed only COVID testing, causing over $51.7 million in claims of which the lab was paid over $28.4 million; Dr. Whipple billed Medicare at least $5.9 million for in-person care he did not provide (including while out of state and after a patient had died) and used other providers' identities without permission; and three state defendants (Robertson, Wells, Clark) submitted or approved false Medicaid Self Direction personal care service claims for times when recipients were in day care or incarcerated, totaling about $12,144 paid."
national-partnership-of-insurance-brokers-and-its-former-subsidiary-agree-to-pay-over-135-million-for-affordab_43bedf3c8ffb.pdf,2026-04-07,"U.S. Department of Justice - Civil Division and Criminal Division, Fraud Section; U.S. Attorney's Office, Middle District of Florida",2021-02 to 2022-09,"AP of South Florida, LLC (APSF) (insurance brokerage); AssuredPartners, Inc. (then-parent company); Cory Lloyd (former president of APSF)",Florida,Federal government - Affordable Care Act Advanced Premium Tax Credit subsidies (CMS); Florida Medicaid,141500000.0,134600000.0,240,Falsify certificate,Falsify certificate; kickback_Bribery For Referral; other,pleaded guilty,"APSF used 'street marketers' who recruited homeless, unemployed and addicted individuals at shelters, bus stops and drug treatment clinics - sometimes paying cash or gift cards - and then submitted ACA marketplace applications falsely inflating consumers' income to just above the federal poverty line so the plans would be fully subsidized, generating $141.5 million in improper Advanced Premium Tax Credits and commissions/bonuses from insurers; APSF also filed false Florida Medicaid applications designed to be denied so the denial letters could trigger Special Enrollment Periods, and submitted false responses to CMS income verification inquiries. Figures span the corporate resolutions: APSF agreed to plead guilty to major fraud and pay $27.6 million restitution while parent AssuredPartners paid $107 million to settle FCA allegations (whistleblower share $24.3 million); former president Cory Lloyd was convicted at trial in November 2025 and sentenced to 20 years."
ndok-announces-charges-related-to-the-2026-national-health-care-fraud-takedown_643e228d6870.pdf,2026-06-24,"U.S. Attorney's Office, Northern District of Oklahoma",2022-12,Jeremy Michael Bowles (operator of 3 pharmacies); Dameion Ray (grant applicant/property owner); Tamara Reid (property owner); Quincy Reid (property owner),Oklahoma - Tulsa County (Tulsa; Bixby),Medicare; Medicaid; Child Care Development Block Grant Program (Oklahoma Department of Human Services),300000.0,,,Phantom Claims,Phantom Claims; other,charged,"Two matters announced together: Jeremy Bowles was indicted on 16 counts of health care fraud for submitting false reimbursement claims for COVID-19 tests to Medicare and Medicaid through three pharmacies he controlled; separately, a civil forfeiture complaint targets Tulsa real property allegedly bought with about $300,000 of a $600,000 Child Care Desert Grant (Child Care Development Block Grant funds) awarded to Dameion Ray in December 2022."
nevada-man-indicted-for-smuggling-and-selling-misbranded-erectile-dysfunction-and-prescription-drugs_35fdc6c8dcf1.pdf,2026-03-17,"U.S. Attorney's Office, District of Nevada",2018 to 2026,David Ralph Webber (owner/operator of Passion Plus Enterprises Inc. and Whole Science Health); Passion Plus Enterprises Inc.; Whole Science Health,Nevada - Clark County (Henderson/Las Vegas),,1900000.0,,,other,other; Falsify certificate,charged,"Webber allegedly used two companies he owned to import hundreds of thousands of misbranded prescription capsules/tablets containing sildenafil and tadalafil made at unregistered facilities in India, falsely declaring wire transfers to manufacturers as payments for 'business management consultancy services' and paying a packaging company to label the products '100% Natural' with false ingredients and no prescription requirement; he then sold them to smoke shops, convenience stores, and adult novelty stores across the southwestern U.S. and directly via his website, generating over $1.9 million in revenue."
nevada-man-pleads-guilty-to-rigging-bids-for-healthcare-related-and-other-air-force-projects_d5143caa185a.pdf,2026-06-02,"U.S. Attorney's Office, Middle District of Georgia; U.S. Department of Justice, Antitrust Division (Washington Criminal Section)",,Scott G. Srodes (former employee of a shelving and storage distributor); unnamed co-conspirators,Georgia - Valdosta (Moody Air Force Base); Nevada - Las Vegas (Nellis Air Force Base),"U.S. Air Force / U.S. Department of War (Defense Logistics Agency Facilities Maintenance, Repair, and Operations Program)",1800000.0,,,other,other,pleaded guilty,"Srodes and co-conspirators exchanged pricing information and submitted collusive, non-competitive bids—at times telling each other exactly what price to quote—for the sale of shelving and storage products for healthcare facilities at Moody AFB and aircraft maintenance facilities at Nellis AFB, projects worth over $1.8 million funded through the Defense Logistics Agency's Facilities Maintenance, Repair, and Operations Program."
new-federal-prosecutor-targets-social-security-other-government-frauds_ca3f445cb7ce.pdf,2026-03-06,"U.S. Attorney's Office, Eastern District of Missouri",,"14 unnamed indicted individuals, including a home health aide accused of stealing a client's Social Security retirement and Veterans Administration benefits and the owner of a pest control business accused of fraudulently receiving disability benefits",Missouri - Eastern District of Missouri (St. Louis),Social Security Administration; U.S. Department of Veterans Affairs,1000000.0,,,Government benefit theft,Government benefit theft; other,charged,"Fourteen defendants were indicted for collectively defrauding the government of about $1 million through disability fraud, pandemic-relief fraud and theft of Social Security and other benefits, including a home health aide who allegedly stole a client's Social Security retirement and VA benefits, a pest control business owner who allegedly obtained disability benefits fraudulently, and others who continued collecting benefits paid to deceased beneficiaries."
new-jersey-couple-pleads-guilty-to-illegally-moving-60-million-to-latin-america_e4dc93506842.pdf,2026-02-20,"U.S. Attorney's Office, District of New Jersey",2021-04 to 2025-06,Nicholas Ortega Munoz; Isabella Valderrama Ospina; BLK Graphics Group (sham company); Technology SD (sham company),New Jersey - Bergen County (Hackensack),,62000000.0,,,Unlicensed money transmitting,Unlicensed money transmitting; other,pleaded guilty,"Two defendants used two sham companies, BLK Graphics Group and Technology SD, with rotating bank accounts at multiple institutions to receive deposits from pornographic websites (including 'token' payouts for adult performers) and rapidly transfer over $62 million to shell companies in Colombia, without registering as money transmitting businesses with FinCEN. Both defendants pleaded guilty; sentencing pending."
new-jersey-doctor-charged-in-58-count-indictment-with-distributing-opioids-in-exchange-for-sexual-favors-and-d_d47de3552886.pdf,2026-01-07,"U.S. Attorney's Office, District of New Jersey",2019-01 to 2025-02,Ritesh Kalra (internist / physician),New Jersey - Bergen County (Fair Lawn); New Jersey - Hudson County (Secaucus),Medicaid (New Jersey Medicaid),,,,Phantom Claims,Phantom Claims; Falsify certificate; other,charged,"Physician allegedly ran a pill mill, issuing more than 31,000 oxycodone prescriptions (including to an incarcerated patient with no contact and in exchange for sexual favors), and billed New Jersey Medicaid for in-person office visits that never occurred, supported by false electronic progress notes with fabricated dates of service and identical exam notes lacking vital signs."
new-jersey-man-sentenced-to-48-months-in-prison-for-role-in-multi-state-prescription-fraud-ring_075fda114464.pdf,2026-07-17,"U.S. Attorney's Office, Northern District of New York",2023-04 to 2024-10,"Bryan Otero (conspirator); Cierra Washington (co-defendant, pleaded guilty); Raven White (co-defendant, pleaded guilty)",New York; New Jersey - Wood Ridge (defendant's residence); pharmacies throughout the Northeastern United States,New York State Medicaid; pharmacies,4000000.0,4100000.0,48,Phantom Claims,Phantom Claims; Identity theft-based prescription fraud,sentenced,"Otero and co-conspirators stole personally identifiable information of Medicaid beneficiaries and used it to fraudulently obtain prescription medications from pharmacies across the Northeastern U.S., with the drug claims billed to New York Medicaid, causing nearly $4 million in Medicaid losses and tens of thousands of dollars in pharmacy losses. Otero was sentenced to 48 months; over $1.1 million in assets were recovered from him and he was ordered to pay an additional $3 million restitution; co-defendants Washington and White pleaded guilty and await sentencing."
new-jersey-pharmacy-owner-sentenced-to-24-months-in-prison-for-health-care-fraud-scheme_78dbc715ba16.pdf,2026-04-17,"U.S. Attorney's Office, District of New Jersey",2019-12 to 2021-12,Nestor E. Jaime (pharmacy owner),New Jersey - Passaic County (Paterson),Medicare,2500000.0,2505754.0,24,Phantom Claims,Phantom Claims; Falsify certificate,sentenced,"Through a Paterson, NJ pharmacy he owned, Jaime submitted hundreds of false Medicare claims for Dificid (over $4,000 per prescription) that the pharmacy never purchased or dispensed, on behalf of beneficiaries who were never prescribed it, falsely inserting providers' unique provider numbers to make the prescriptions appear legitimate; Medicare paid about $2.5 million, spent on luxury vehicles and personal expenses."
new-jersey-physical-therapist-sentenced-to-12-months-in-prison-for-health-care-fraud-scheme-targeting-amtrak_a8bba2dd4d93.pdf,2026-05-21,"U.S. Attorney's Office, District of New Jersey",2019-10 to 2022-06,Taejin Kim (licensed physical therapist),New Jersey - Bergen County (Fort Lee),Amtrak health care plan,11000000.0,2253453.0,12,Phantom Claims,Phantom Claims; kickback_Bribery For Referral; FakeEncounter,sentenced,"Kim, a licensed physical therapist, let her license and business bank accounts be used to submit false claims to Amtrak's employee health plan for physical therapy services never provided and medically unnecessary, in exchange for a share of proceeds; co-conspirators paid cash kickbacks to Amtrak employees for use of their insurance information. The plan paid about $2,253,453 on claims tied to Kim and over $11 million overall across the 19 prosecuted participants; Kim received 12 months plus one day and restitution over $2.2 million."
new-mexico-woman-pleads-guilty-to-4m-medicaid-fraud_1e33cbaab11d.pdf,2026-07-20,"U.S. Department of Justice, Office of Public Affairs; National Fraud Enforcement Division; USAO - New Mexico",2020 to 2026,Dorothea Irving (driver for non-emergency medical transportation company),New Mexico - Farmington (San Juan County),New Mexico Medicaid,4142942.0,,,Phantom Claims,Phantom Claims; Falsify certificate; Unbundling,pleaded guilty,"Irving, a driver for a non-emergency medical transport company, submitted false trip records to New Mexico Medicaid claiming she and her children were beneficiaries lacking transportation, billing for trips that never occurred and for acting as an attendant on her children's trips; drivers signed forms falsely stating they drove each other, often to distant Alcoholics Anonymous meetings, and the company billed each passenger as a separate trip. The company billed approximately $3,957,788 and received about $4,142,942, of which Irving received roughly $980,901."
new-river-couple-convicted-of-12-million-ahcccs-fraud-scheme_818384fa3399.pdf,2026-02-27,"U.S. Attorney's Office, District of Arizona",2021-02 to 2023-03,"Thvoughn Lynden Curry (co-owner, 1 Family Clinic, LLC); Alexis Daneen Curry (purported 100% owner and managing employee, 1 Family Clinic, LLC); 1 Family Clinic, LLC (outpatient behavioral health clinic)",Arizona - Maricopa County (Mesa; New River),Medicaid (Arizona Health Care Cost Containment System - AHCCCS),12000000.0,,,Phantom Claims,Phantom Claims; Falsify certificate; other,convicted at trial,"The Currys enrolled their purported Mesa outpatient behavioral health clinic, 1 Family Clinic LLC, as an AHCCCS provider using a false application that hid Thvoughn Curry's ownership and his outstanding felony fraud warrant, then billed AHCCCS in a uniform pattern for behavioral health services never provided - averaging over 12 hours of service per member per day at a clinic open only eight hours on weekdays - collecting more than $12 million that they spent on properties and luxury vehicles including a $300,000+ Lamborghini Urus; both defendants were convicted of conspiracy, health care fraud and money laundering, with sentencing set for May 4, 2026."
new-river-couple-sentenced-for-12-million-ahcccs-fraud-scheme_d8c2c2fd8cf2.pdf,2026-06-04,"U.S. Attorney's Office, District of Arizona",2021-02 to 2023-03,"Thvoughn Lynden Curry (owner/managing employee of 1 Family Clinic, LLC); Alexis Daneen Curry (purported sole owner and manager); 1 Family Clinic, LLC (outpatient behavioral health clinic)",Arizona - Maricopa County (Mesa; defendants of New River),"Arizona Health Care Cost Containment System (AHCCCS) - Arizona Medicaid, American Indian Health Plan",12000000.0,12000000.0,88,Phantom Claims,Phantom Claims; Falsify certificate; Ineligible provider enrollment; Money laundering of proceeds,sentenced,"The Currys enrolled 1 Family Clinic as an AHCCCS provider using a false application concealing Thvoughn Curry's ownership/managing role (he had an outstanding state felony fraud warrant), then billed AHCCCS's American Indian Health Plan in a uniform, nearly identical pattern averaging more than 12 hours of service per member per day for licensed substance abuse therapy that was never provided, collecting over $12 million that was spent on properties and luxury vehicles including a $300,000+ Lamborghini Urus. Both defendants were convicted at a bench trial; Thvoughn received 88 months and Alexis 70 months, with joint restitution of over $12 million."
new-york-business-owner-sentenced-to-prison-for-using-shell-companies-to-launder-health-care-fraud-proceeds-fo_6c468376cdf6.pdf,2026-05-18,"U.S. Department of Justice, Criminal Division Fraud Section / National Fraud Enforcement Division",,"Elnar Zarbailov (business owner, fixer and money launderer for a transnational criminal organization); foreign-based Transnational Criminal Organization (Russia-based)",New York - Richmond County (Staten Island),Medicare; private health insurance companies,1500000.0,1457898.0,37,Money laundering of proceeds,Money laundering of proceeds; Falsify certificate; Phantom Claims,sentenced,"A Russia-based organization used nominee owners equipped with false sale and corporate registration documents to open U.S. bank accounts for fraudulent durable medical equipment companies, then deposited Medicare and private insurer reimbursement checks from the DME fraud and moved them to shell companies and overseas banks; Zarbailov deposited and transferred nearly $1.5 million in proceeds from five DME companies, including to foreign accounts, and was sentenced to 37 months and $1,457,898 forfeiture."
new-york-city-man-charged-with-theft-of-government-property_0f7de20b18f4.pdf,2026-06-08,"U.S. Attorney's Office, Northern District of New York",2024-10 to 2025-04,Ezriel Green (finance manager for an assisted living facility),"New York - Mohawk (assisted living facility); defendant of Brooklyn, New York",New York Medicaid; U.S. Treasury Department,573000.0,,,Embezzlement of program funds,Embezzlement of program funds,charged,"While employed to manage the finances of an assisted living facility in Mohawk, NY, Green allegedly obtained and cashed over $573,000 in checks payable to the facility issued by the U.S. Treasury and New York Medicaid, converting funds intended for facility operations and elderly resident care to his own use."
new-york-city-woman-pleads-guilty-for-role-in-multi-state-prescription-fraud-ring_d5f71c08a3cb.pdf,2026-06-25,"U.S. Attorney's Office, Northern District of New York",2023-04 to 2024-10,Ciera Washington; Raven White; Bryan Otero,New York - Bronx County (Bronx),New York Medicaid,4000000.0,400000.0,,Phantom Claims,Phantom Claims; other,pleaded guilty,"Washington and co-conspirators stole personally identifiable information of Medicaid beneficiaries and used it to fraudulently obtain prescription medications from pharmacies across the Northeastern U.S., causing nearly $4 million in losses to New York Medicaid and tens of thousands of dollars to pharmacies; she agreed to forfeit over $400,000 in proceeds."
new-york-man-sentenced-to-14-months-in-prison-for-kickback-scheme_b65e21376daa.pdf,2026-02-13,"U.S. Attorney's Office, District of Massachusetts",2013-06 to 2020-09,Timothy Doyle (former operations manager),New York - Suffolk County (Selden),Medicare,70600000.0,28328159.0,14,kickback_Bribery For Referral,kickback_Bribery For Referral; FakeEncounter; Falsify certificate,sentenced,"Doyle and managers of a mobile medical diagnostics company paid doctors cash and checks per transcranial doppler (TCD) brain scan ordered, disguising the per-test payments as fair-market-value rental and administrative services agreements; the medically unnecessary scans generated approximately $70.6 million in Medicare billings, of which Medicare paid about $27.2 million. Restitution of $27,225,434 plus $1,102,725 forfeiture ordered against Doyle."
new-york-man-sentenced-to-eight-months-in-prison-for-kickback-scheme_5bd3d1d77ca9.pdf,2026-02-18,"U.S. Attorney's Office, District of Massachusetts",2015-03 to 2020-09,James Rausch (Northeast regional sales director for a mobile medical diagnostics company),New York; Massachusetts,Medicare,70600000.0,18002079.0,8,kickback_Bribery For Referral,kickback_Bribery For Referral; FakeEncounter; Falsify certificate,sentenced,"Rausch and co-conspirators at a mobile medical diagnostics company paid doctors cash and checks based on the volume of transcranial doppler brain scans they ordered, disguising the per-test payments as fair-market-value space rental and administrative services agreements; the medically unnecessary TCD scans generated roughly $70.6 million in Medicare billings, of which Medicare paid about $27.2 million. Sentenced to 8 months plus $17,573,642 restitution, $408,437 forfeiture and a $20,000 fine."
new-york-physical-therapist-admits-participating-in-health-care-fraud-scheme-targeting-amtrak_b0d38ca1673d.pdf,2026-05-12,"U.S. Attorney's Office, District of New Jersey",2022-01 to 2022-06,Jaekwan Lee (licensed physical therapist); co-conspirators including multiple health care providers and recruited Amtrak employees,New York - Queens County (Flushing),Amtrak health care plan,11000000.0,,,Phantom Claims,Phantom Claims; kickback_Bribery For Referral; FakeEncounter,pleaded guilty,"Lee, a licensed physical therapist, rented out his professional license and business bank accounts to conspirators who billed the Amtrak employee health plan for physical therapy services that were never provided and were medically unnecessary, in exchange for a share of the proceeds; other conspirators paid cash kickbacks to Amtrak employees for use of their personal and insurance information. The plan paid over $11 million overall to providers connected to the scheme (19 defendants, all pleaded guilty), including over $800,000 on claims tied to Lee."
new-york-physician-pleads-guilty-to-multimillion-dollar-covid-19-insurance-fraud-scheme_3ad8d10c2884.pdf,2026-04-17,"U.S. Attorney's Office, Southern District of New York",2021 to 2023,"Ali Rashan (medical doctor, CEO and founder of ClearMD LLC); ClearMD LLC",New York - New York City,Medicare; Medicaid; HRSA COVID-19 Uninsured Program; private insurance providers,24000000.0,,,Phantom Claims,Phantom Claims; Falsify certificate; Unbundling; FakeEncounter,pleaded guilty,"Through COVID-19 testing clinics staffed by untrained 'medical assistants' rather than licensed clinicians, Rashan directed billing of Medicare, Medicaid, the HRSA Uninsured Program and private insurers for evaluation and management services and telehealth follow-ups that never occurred and for two to four COVID-19 testing codes when only a single test was administered, sometimes billing $5,000 per test; when payers requested supporting documentation, he had staff write software to generate fake progress notes and test results, causing over $24 million in losses."
nine-charged-in-benefit-fraud-crackdown_69add70fcab0.pdf,2026-03-26,"U.S. Attorney's Office, District of Massachusetts",,"Juan Felipe Chalas; Efrain Rivera; Danis Piron Lara; Erpawi Roque Collado; John Doe aka Wilkin Emilio Pimental Pereyra; John Doe (true identity unknown, Hyde Park); Mercedes Soto Capellan; Oscar Gonzalez Melo; Cruz Augusta Pena Arias","Massachusetts - Suffolk County (Boston, Dorchester, Hyde Park); Massachusetts - Essex County (Lawrence, Salem); Massachusetts - Bristol County (New Bedford); New Hampshire - Rockingham County (Salem)",MassHealth (Massachusetts Medicaid); SNAP (USDA); Social Security Administration,943197.0,,,Stolen identity benefit enrollment,Stolen identity benefit enrollment; Falsify certificate,charged,"Nine defendants, most unlawfully present in the U.S., allegedly used stolen identities (often of U.S. citizens from Puerto Rico) to obtain Massachusetts RMV credentials and U.S. passports, then used those identities to apply for and receive public benefits, including making false statements to obtain MassHealth health care coverage, SNAP and Social Security benefits, causing approximately $943,197 in total losses across all defendants ($776,715 of it MassHealth)."
nine-charged-in-sdtx-as-part-of-national-health-care-fraud-takedown_b87d84bab5b2.pdf,2026-06-23,"U.S. Attorney's Office, Southern District of Texas",,"Tonya Crowder (pill mill clinic manager); Marlene Durham (pill mill clinic manager); Demetrius Onuaguluchi (pharmacist); Princepaul Agbonlahor (owner, Lahor Behavioral Services LLC); Nekewon Konah (counselor); Ginger Ruffin (counselor); Stephanie Harris (counselor); Takiya Caradine (counselor); Marizel Yukee (nurse practitioner, owner of four mobile wound clinics)",Texas - Harris County (Houston); Texas - Fort Bend County (Missouri City); Texas - Montgomery County (Conroe/Humble); Texas - Brazoria County (Pearland); Texas - Fort Bend/Harris County (Katy); Nevada - Clark County (Las Vegas),Medicare; Medicaid (Texas); TRICARE,1000000000.0,35280000.0,,FakeEncounter,FakeEncounter; Phantom Claims; Falsify certificate; kickback_Bribery For Referral; other; Money laundering of proceeds,charged,"Three sets of charges against nine defendants: (1) managers of two Houston pill mill clinics and a Conroe pharmacy allegedly issued prescriptions for over 3.4 million oxycodone, hydrocodone and carisoprodol pills and dispensed 136,000+ pills for cash; (2) the owner of Lahor Behavioral Services allegedly billed Texas Medicaid roughly $16 million for mental health services to minors that never occurred, with counselors creating fake visit notes and falsified timesheets; (3) a Las Vegas nurse practitioner operating four mobile wound clinics allegedly billed Medicare and TRICARE about $906 million (about $297 million paid) for medically unnecessary amniotic wound allografts applied to elderly and hospice patients, falsifying medical records and paying/soliciting kickbacks for referrals and allograft purchases."
no-one-is-above-the-lawflorida-mother-daughter-duo-sentenced-and-ordered-to-pay-over-800k-for-fraud-scheme_62e2467de019.pdf,2026-07-02,"U.S. Attorney's Office, District of Wyoming",2020-12 to 2022-10,"Tera Marie Campbell (owner of The Olive Branch, LLC); Tayler Ann Krauss (medical biller/documentation assistant); The Olive Branch, LLC (behavioral health clinic)",Wyoming - Cheyenne (Laramie County); North Dakota - Minot (Ward County),Wyoming Medicaid; TRICARE; North Dakota Medicaid,,871609.0,36,Phantom Claims,Phantom Claims; Falsify certificate; Upcoding; FakeEncounter,sentenced,"Campbell owned an autism behavioral health clinic in Cheyenne, WY and Minot, ND and, with her daughter Krauss as biller, submitted Medicaid and TRICARE claims for services never rendered (including on days the clinic was closed and while Campbell was abroad), for care delivered by untrained/uncertified staff supported by falsified certification and supervision records, and upcoded to higher-paying service codes. Restitution totals $735,717.63 to Wyoming Medicaid plus $135,890.91 to TRICARE across both defendants (Krauss jointly liable for up to $71,509.44 of the TRICARE amount); Campbell separately owes $225,000 to North Dakota Medicaid in a related case."
non-profit-executive-convicted-of-theft-of-federal-funds_2f59fa297465.pdf,2026-01-12,"U.S. Attorney's Office, Eastern District of Louisiana",,"Zoe Marie Francis (chief operating officer, Institute of Women and Ethnic Studies)",Louisiana - Orleans Parish (New Orleans),,,250000.0,,Embezzlement of federal grant funds,Embezzlement of federal grant funds; Falsify certificate,pleaded guilty,"As COO of a New Orleans non-profit that received HHS grants and other federal funds, Francis embezzled organizational funds for personal events, Amazon purchases and family members, using falsified contracts and invoices to conceal the expenditures and granting herself unauthorized pay raises; she agreed to pay over $100,000 restitution and forfeit at least $150,000."
non-profit-executive-sentenced-to-three-years-of-probation-for-theft-of-federal-funds_79da1d791cea.pdf,2026-06-25,"U.S. Attorney's Office, Eastern District of Louisiana",,"Zoe Marie Francis (chief operating officer, Institute of Women and Ethnic Studies)",Louisiana - Orleans Parish (New Orleans),,150000.0,250000.0,,Embezzlement of federal grant funds,Embezzlement of federal grant funds; Falsify certificate,sentenced,"As COO of a New Orleans non-profit that received HHS grants and other federal funds, Francis embezzled roughly $150,000 by making unauthorized expenditures for personal events and Amazon purchases for herself and family, using falsified contracts and invoices to conceal the spending and granting herself unauthorized pay raises. She was sentenced to three years' probation with twelve months' home detention, and agreed to at least $100,000 restitution to the non-profit plus forfeiture of at least $150,000."
nonprofit-health-care-provider-agrees-to-pay-750-000-to-resolve-false-claims-act-allegations-involving-misbran_9fdd3b6908a4.pdf,2026-05-06,"U.S. Attorney's Office, Northern District of California",2017-05 to 2020-09,Salud Para La Gente (nonprofit network of primary care clinics),California - Santa Cruz County; California - Monterey County,Medicaid,,750000.0,,other,other; Falsify certificate,civil settlement,"Salud purchased misbranded Nexplanon contraceptive implants from an unlicensed wholesaler and administered them to Medicaid patients, then billed Medicaid for the drug and its administration using incorrect National Drug Code numbers to make the claims payable."
northern-district-of-texas-charges-13-health-care-fraudsters-for-loss-over-360-million_d4d0fafd6594.pdf,2026-06-23,"U.S. Attorney's Office, Northern District of Texas",2020 to 2023,"Devin Jack Brodman (co-owner, Neva Diagnostics and Areahou Diagnostics); Kevin Darnell Curry (owner/operator, Acuity TMS); Dr. Olubayo Idowu (physician); Dr. James Lou Carlisle Jr. (physician); Vaughn Anthony Brozek (nurse practitioner); Catherine Nkeiru Maduka (owner/CEO, Saint Catherine's Hospice); Jason Charles Mareno; David Lee Lloyd; Jason Kashou; Duc Ngoc Ly a/k/a Michael Ly; Michael McMillan (owner, Protectus LLC); Neel Vivek Paithankar (owner, VMP Health Care LLC)","Texas - Northern District of Texas (Frisco, DeSoto, Southlake, Hurst, Garland, Irving); Florida - Coconut Creek; Florida - Coral Springs; Mississippi - Meridian; Nevada - Las Vegas",Medicare; TRICARE,365000000.0,35000000.0,,kickback_Bribery For Referral,kickback_Bribery For Referral; FakeEncounter; Phantom Claims; Money laundering of proceeds,charged,"Thirteen defendants charged across seven separate Northern District of Texas cases totaling more than $365 million in fraudulent billing: two labs billed Medicare ~$65M for genetic/lab testing procured through kickbacks (Brodman); ~$26.9M billed to TRICARE for transcranial magnetic stimulation treatments not provided or medically unnecessary and induced by kickbacks (Curry); more than $25M in Medicare claims for medically unnecessary EEG testing ordered in exchange for kickbacks (Idowu, Carlisle, Brozek); over $3.1M in Medicare hospice claims for ineligible recruited patients and services never provided (Maduka); more than $73M in Medicare claims for unsolicited COVID-19 test kits shipped to beneficiaries, including deceased ones, with lab owners kicking back proceeds (Mareno, Lloyd, Kashou, Ly); ~$268M in claims for skin substitute wound care products with kickbacks to providers disguised as rebates/discounts, netting ~$174M (McMillan); and ~$2.3M in Medicare claims (3,700 claims, $1.2M paid) for unnecessary DME shipped after telemarketers posed as Medicare representatives (Paithankar). Over $35 million in cash, vehicles and other assets was seized."
northern-district-of-west-virginia-part-of-national-health-care-fraud-takedown-resulting-in-455-defendants-cha_bfafc5c10e9f.pdf,2026-06-23,"U.S. Attorney's Office, Northern District of West Virginia",,Muhammad Salman (pharmacist/provider); Bridgeport Pharmacy (his company); Jorge Roig (provider),West Virginia - Harrison County (Bridgeport); West Virginia - Brooke County (Weirton),Medicare; Medicaid,,490900.0,,Falsify certificate,Falsify certificate; other,civil settlement,"Two West Virginia providers used pre-signed, invalid prescriptions issued outside the usual course of professional practice to patients while they were traveling and not near their West Virginia offices; Salman and his company Bridgeport Pharmacy also submitted Medicare and Medicaid claims for such services (paying $325,000), and Roig, who also collected controlled substances without proper registration or disposal records, paid $165,900."
nurse-practitioner-convicted-for-illegal-distribution-of-controlled-substances_ec350307368e.pdf,2026-06-02,"U.S. District Court for the Middle District of Tennessee; U.S. Attorney's Office, Middle District of Tennessee; DOJ National Fraud Enforcement Division",2016-09 to 2018-05,Heather Marks (Advanced Registered Nurse Practitioner at Lifeforce Pain and Wellness); Lifeforce Pain and Wellness (pain clinic),Tennessee - Smith County (Carthage),,,,,Illegal controlled substance distribution,Illegal controlled substance distribution; FakeEncounter,convicted at trial,"Marks, a DEA-registered nurse practitioner at a small rural pain clinic in Carthage, Tennessee, prescribed nearly a million opioid pills (oxycodone, oxymorphone) to about 1,000 patients outside the usual course of professional practice, ignoring signs of illegal drug use and diversion; patients traveled hundreds of miles to obtain the prescriptions to abuse or resell. Convicted of conspiracy plus eight distribution counts; sentencing set for September 1, 2026."
nurse-practitioner-sentenced-to-87-months-in-prison-for-12m-medicare-fraud_4e060d0d4399.pdf,2026-06-17,"U.S. Attorney's Office, Eastern District of Louisiana; Department of Justice, National Fraud Enforcement Division",2018-10 to 2019-10,"Scharmaine Lawson Baker (licensed nurse practitioner and Medicare provider, independent contractor for telehealth company)",Louisiana,Medicare,12100000.0,1508868.0,87,FakeEncounter,FakeEncounter; kickback_Bribery For Referral; Falsify certificate,sentenced,"A nurse practitioner working as an independent contractor for a purported telehealth company signed hundreds of orders for medically unnecessary cancer genetic tests after phone calls typically under 30 seconds and without examining patients (including ordering ovarian and cervical cancer tests for male patients), in exchange for kickbacks from the telehealth company; laboratories billed Medicare over $12.1 million and were reimbursed over $1.5 million."
o-c-medical-scan-provider-agrees-to-pay-8-3-million-to-resolve-false-claims-allegations-it-unlawfully-paid-doc_36e972bc8b7d.pdf,2026-05-01,"U.S. Attorney's Office, Central District of California",2016-09 to 2025-01,Modern Nuclear Inc. (MNI) (La Habra-based mobile PET scan company),California - Orange County (La Habra),Medicare; TRICARE,,8334350.0,,kickback_Bribery For Referral,kickback_Bribery For Referral,civil settlement,"MNI allegedly paid referring cardiologists above-fair-market-value 'supervision' fees for PET scans - including paying for time the cardiologists spent in their own offices treating other patients or when off-site, and for services rarely or never provided - and then submitted the resulting referral-tainted PET scan claims to federal health care programs; resolved by an $8,334,350 FCA settlement plus future-revenue payments and a five-year corporate integrity agreement, following a qui tam suit."
oakland-county-lab-agrees-to-settle-false-claims-act-allegations-for-6-494-290-00_16b42b5d4b92.pdf,2026-07-29,"U.S. Attorney's Office, Eastern District of Michigan",2023-03 to 2023-05,Orchard Laboratories Corporation (clinical reference laboratory),Michigan - Oakland County,Medicare,,6494290.0,,Phantom Claims,Phantom Claims,civil settlement,"Orchard Laboratories, a participant in Medicare's over-the-counter COVID-19 test program, allegedly billed Medicare for OTC COVID tests that beneficiaries never requested and that were never delivered, collecting payment for undelivered kits between March 1 and May 11, 2023."
oakland-county-sleep-specialists-agree-to-pay-763-954-74-to-settle-false-claims-act-allegations_1af920aefafc.pdf,2026-02-06,"U.S. Attorney's Office, Eastern District of Michigan",2018-01 to 2024-12,"Troy Sleep Center PLC; Care One Medical Equipment and Supplies, Inc.; Michel Alkhalil, M.D. (co-owner of TSC); Peggy Rahal, M.D. (co-owner of TSC, owner of Care One)",Michigan - Oakland County (Troy),Federal health care programs; Michigan Medicaid,,763954.0,,FakeEncounter,FakeEncounter; Unbundling; other,civil settlement,"Troy Sleep Center and its physician owners allegedly billed federal health care programs from Jan 2018 through Dec 2024 for sleep studies performed without properly trained and certified sleep technicians as federal regulations require, and obtained $480,000 in PPP loans while engaged in that billing; separately, Care One allegedly billed Michigan Medicaid (Jan 2018-May 2024) for PAP machine accessories that Medicaid does not allow to be billed separately from the machine rental rate. All defendants together agreed to pay $763,954.74 to resolve the qui tam False Claims Act allegations."
oasis-acupuncture-llc-and-its-owner-agree-to-pay-100-000-to-settle-false-claims-act-liability_5a15ea518e2b.pdf,2026-04-02,"U.S. Attorney's Office, Middle District of Florida",,Oasis Acupuncture LLC; Dr. Hui-Li Yuan (owner),Florida,"Department of Veterans Affairs, Veterans Health Administration",,100000.0,,Upcoding,Upcoding,civil settlement,"Oasis Acupuncture and its owner allegedly submitted inflated claims to the VA for acupuncture needle reinsertion services that did not meet the required minimum of 15 minutes per reinsertion, causing the VA to overpay; resolved for $100,000 with no admission of liability."
ob-gyn-physician-agrees-to-pay-507-500-to-resolve-false-claims-act-allegations-connected-to-fraudulent-prescri_89012522e14c.pdf,2026-03-26,"U.S. Attorney's Office, District of Maryland",2014-11 to 2018-01,"Valinda R. Nwadike, MD (OB/GYN physician)",Maryland,Medicare; TRICARE,,507500.0,,FakeEncounter,FakeEncounter; Falsify certificate,civil settlement,"As part of a telemarketing scheme, the physician created and signed thousands of prescriptions for compounded creams and durable medical equipment such as knee braces after only a cursory phone call, without physically examining patients or reviewing medical histories; Medicare and TRICARE paid for the resulting medically unnecessary items."
oglethorpe-inc-and-top-executives-agree-to-pay-32m-to-resolve-false-claims-act-allegations_285cf5d05574.pdf,2026-05-27,"U.S. Department of Justice, Civil Division and U.S. Attorney's Office, Middle District of Florida",2021 to 2026,Oglethorpe Inc. (operator of psychiatric hospitals); Robert Cohen (founder and principal owner); John Picciano (CEO); James O'Shea (Chief Operating Officer),"Ohio; Florida - Hillsborough County (Tampa, headquarters)",Medicare,,32000000.0,,other,other; FakeEncounter,civil settlement,"Oglethorpe and its executives allegedly failed to return Medicare overpayments that their own consultants had identified for beneficiaries admitted as inpatients to two Ohio behavioral hospitals (Ridgeview and Georgetown) and a substance abuse clinic (The Woods at Parkside) who did not qualify for inpatient psychiatric care; the $32 million settlement is joint across the company and three executives, who also accepted a 10-year voluntary exclusion from federal health care programs after violating a 2021 Corporate Integrity Agreement."
ohio-couple-sentenced-for-arson-in-profit-scheme-to-fraudulently-collect-millions-in-insurance-payouts_ebd8be1846fe.pdf,2026-02-02,"U.S. Attorney's Office, Northern District of Ohio",2013 to 2019,Lonnie White; Lisa Ogletree (spouse),Ohio - Cuyahoga County (Cleveland); Ohio - Lake County (Willoughby Hills),,2300000.0,2375861.0,53,Arson insurance fraud,Arson insurance fraud; Money laundering of proceeds,sentenced,"White and Ogletree bought houses on Cleveland's east side, transferred them to nominal owners with fake renters, insured them for hundreds of thousands of dollars, arranged for the houses to be set on fire so the fires appeared accidental, and submitted fraudulent property insurance claims; nominal owners passed the payouts back to the couple, who moved the funds through other bank accounts. At least six fires and more than $2.3 million in fraudulent claims; White received 53 months and $2,375,861 restitution, Ogletree received probation and home confinement.  Not a health care payer case."
ohio-doctor-sentenced-to-prison-for-14m-healthcare-fraud-scheme_e0c25a6555f7.pdf,2026-01-14,"U.S. Attorney's Office, Northern District of Ohio",,"Timothy Sutton (licensed medical doctor, North Ridgeville, Ohio)",Ohio - Lorain County (North Ridgeville),Medicare,14500000.0,6000000.0,64,Falsify certificate,Falsify certificate; Phantom Claims; FakeEncounter,sentenced,"Sutton, working for two Florida telemedicine companies, digitally signed pre-completed orders for durable medical equipment (braces) and cancer genetic testing, falsely affirming he had examined the patients via telemedicine and was their treating physician when he never examined any of them; the signed orders were forwarded or sold to other medical businesses that billed Medicare more than $14.5 million."
oklahoma-city-woman-sentenced-to-federal-prison-for-1-1-million-health-care-fraud-scheme_4de3d594bd7f.pdf,2026-05-01,"U.S. Attorney's Office, Western District of Oklahoma",2021-01 to 2023-12,Natasha Allmon (behavioral health counseling provider),Oklahoma - Oklahoma County (Oklahoma City),Blue Cross Blue Shield,1400000.0,1100000.0,20,Phantom Claims,Phantom Claims,sentenced,"Allmon, who had an agreement with BCBS to provide behavioral health counseling, submitted thousands of false claims for 60-minute psychiatric sessions purportedly given to her own family members nearly every day of the year, at times billing more than 24 hours of treatment in a single day, collecting about $1.1 million on $1.4 million in claims."
oklahoma-medical-supply-company-owner-indicted-for-30m-health-care-fraud-scheme_12b3ec49102d.pdf,2026-01-08,"U.S. District Court for the Middle District of Florida; Department of Justice, Criminal Division, Fraud Section; U.S. Attorney's Office, Middle District of Florida",,"Mark Loftis (chiropractor and owner of Back Pain Home Supplies LLC, d/b/a EZ Medical Supply); Back Pain Home Supplies LLC d/b/a EZ Medical Supply",Oklahoma - Payne County (Cushing),Medicare; TRICARE; CHAMPVA; HHS Provider Relief Fund (CARES Act),30000000.0,,,kickback_Bribery For Referral,kickback_Bribery For Referral; FakeEncounter; Falsify certificate; Phantom Claims; other,charged,"Loftis allegedly paid kickbacks to marketers for Medicare patient referrals and to marketers/telemedicine companies for signed doctors' orders issued without meaningful patient evaluation, then used those orders to bill Medicare, TRICARE and CHAMPVA roughly $30 million (about $8 million paid) for medically unnecessary orthotic braces and other DME that was not provided as billed; he also allegedly kept over $133,000 in COVID-19 Provider Relief Fund money by falsely attesting to its use and spent it on the DME scheme and personal expenses."
one-sentenced-one-convicted-for-conspiring-with-annandale-based-doctor-to-illegally-distribute-promethazine-co_9ae149464eb9.pdf,2026-05-08,"U.S. Attorney's Office, Western District of Virginia",2023 to 2024,"Obioma Alozie Ndubuka a.k.a. 'Bank Roll' (co-conspirator/distributor); Kenechukwu Brian Okwara a.k.a. 'Kene' (co-conspirator, sold 'slots' with the doctor); Dr. Rotimi Iluyomade (Annandale-based physician, Crossover Medical Center); Cameron Isaiah Lewis; Elhadj Malick Diallo; Zion Oluwademilade Adeduwon; Yared Michael Tesfaye a.k.a. 'Yar'; Raymono Alfonzo Russel II","Virginia - Annandale (Fairfax County); Virginia - Roanoke, Radford, Tazewell, Floyd and Honaker (Russell County); Maryland; California; Colorado; Nebraska; Arizona; Missouri; Florida; Pennsylvania; New Jersey; Delaware; Rhode Island; Georgia; Wisconsin; Texas; West Virginia",,,,42,Prescription drug diversion,Prescription drug diversion; Falsify certificate; Phantom Claims,sentenced,"A physician at an Annandale, Va. clinic wrote fraudulent prescriptions for oxycodone, hydrocodone-chlorpheniramine ('Tussionex') and promethazine-codeine ('lean') for fictitious patients supplied on lists by co-conspirators using fake names, name variations and false addresses (134 prescriptions under variants of the 'Ndubuka' surname, 56 addresses but one shared phone number); the prescriptions were transmitted to pharmacies in many states, picked up by conspirators who paid roughly $300 per prescription, and the drugs resold for profit, including via social media. Figures span multiple defendants: Ndubuka sentenced to 24 months, Adeduwon to 42 months, Okwara pleaded guilty, others charged."
operators-of-day-treatment-program-for-children-agree-to-15-2-million-civil-judgment-to-resolve-medicaid-fraud_c8a54def9aa9.pdf,2026-05-15,"U.S. Attorney's Office, Eastern District of Kentucky",2022-08 to 2025-06,"Recovery Center of Kentucky, LLC; Recovery Center of Ohio, LLC; Recovery Center of Maryland, LLC; Recovery Center of USA (parent company); Dr. Warrick Stewart (CEO)","Kentucky - Elizabethtown, Lexington, Louisville, Radcliff; Ohio - Cincinnati",Medicaid (Kentucky Medicaid; Ohio Medicaid),,15248240.0,,Upcoding,Upcoding; Falsify certificate; Phantom Claims,civil settlement,"Operators of the Aspire Day Program billed Kentucky and Ohio Medicaid for children's non-covered education, recreation and lunch break time as if it were behavioral health day treatment, and Recovery Center of Kentucky misrepresented clinician credentials, billing services delivered by lower-level or unqualified staff as if provided by higher-licensed professionals to obtain higher reimbursement. Resolved by a $15,248,240.66 civil judgment against all defendants plus a five-year Corporate Integrity Agreement."
opioid-manufacturer-purdue-pharma-sentenced-for-fraud-and-kickback-conspiracies_65ea608fa266.pdf,2026-04-28,"U.S. Department of Justice, Criminal Division Fraud Section; U.S. Attorney's Office, District of New Jersey; U.S. Attorney's Office, District of Vermont (federal court in Newark, New Jersey)",2007 to 2017,Purdue Pharma LP (opioid manufacturer),,,,5544000000.0,,kickback_Bribery For Referral,kickback_Bribery For Referral; other,sentenced,"Purdue marketed opioid products to hundreds of prescribers it had reason to believe were prescribing without a legitimate medical purpose, and defrauded the DEA by misrepresenting the effectiveness of its anti-diversion programs and using prescriptions written by problematic prescribers to justify requests to increase manufacturing quotas; it also paid kickbacks to prescribers via its doctor speaker program and to an electronic health record platform to induce more opioid prescriptions. Sentenced to a $3.544 billion criminal fine plus $2 billion forfeiture (up to $1.775 billion creditable if it emerges from bankruptcy as a public benefit company)."
orange-county-judge-agrees-to-plead-guilty-to-knowingly-paying-convicted-doctor-to-work-on-workers-comp-cases-_4f77088c9a21.pdf,2026-01-07,"U.S. Attorney's Office, Central District of California",2018-10,Israel Claustro (Orange County Superior Court judge; former Orange County prosecutor; operator of Liberty Medical Group Inc.); Liberty Medical Group Inc. (Rancho Cucamonga medical corporation); Dr. Kevin Tien Do (suspended physician employee),California - Orange County (Santa Ana); California - San Bernardino County (Rancho Cucamonga),California workers' compensation program - Subsequent Injuries Benefits Trust Fund (SIBTF),38670.0,,,Falsify certificate,Falsify certificate; other,charged,"Claustro, a non-physician, operated Liberty Medical Group and paid Dr. Kevin Tien Do more than $300,000 to prepare medical evaluations, record reviews and med-legal reports after Do had been suspended from California's workers' compensation program due to a prior health care fraud conviction; Liberty mailed the reports to California's SIBTF with other doctors' names listed on the billing forms and reports to conceal Do's authorship, resulting in approximately $38,670 in payments tied to Claustro's conduct. Do separately pleaded guilty in January 2025 to conspiracy to commit mail fraud and filing a false tax return."
orange-county-man-pleads-guilty-to-orchestrating-fraud-scheme-that-submitted-nearly-270-million-in-bogus-claim_870f63097bc5.pdf,2026-04-07,"U.S. Attorney's Office, Central District of California",2022-05 to 2023-04,Paul Richard Randall (organizer); Kyrollos Mekail; Patricia Anderson (prescriber); Monte Vista Pharmacy,California - Orange County; California - Los Angeles County; California - Riverside County (Moreno Valley),Medicaid (Medi-Cal),269120829.0,,,Phantom Claims,Phantom Claims; FakeEncounter; kickback_Bribery For Referral; Money laundering of proceeds,pleaded guilty,"Through Monte Vista Pharmacy, Randall and co-schemers exploited Medi-Cal's temporary suspension of prior-authorization requirements to bill tens of millions per month for 19 high-reimbursement, non-contracted generic drugs (including over-the-counter Folite vitamin tablets) that were medically unnecessary and frequently never dispensed; prescriptions were written by Anderson and procured via kickbacks, with proceeds laundered through a third party. Monte Vista billed over $269 million and was paid over $178 million; Randall pleaded guilty, Mekail pleaded guilty in Aug 2024, and Anderson remains charged."
oregon-mother-and-daughter-facing-new-charges-related-to-forced-labor-and-health-care-fraud_af45689776ae.pdf,2026-01-26,"U.S. Department of Justice, Office of Public Affairs; U.S. Attorney's Office, District of Oregon",2023-09 to 2024-08,Marie Gertrude Jean Valmont (owner/operator of Velida's Home Care); Yolandita Marie Andre (owner/operator of Velida's Home Care),Oregon - Washington County (Tigard),Medicaid (Oregon); Oregon Department of Human Services,,,,Falsify certificate,Falsify certificate; Phantom Claims; other,charged,"Mother and daughter operating an adult foster care home allegedly obtained Medicaid/ODHS 'exceptional payments' for extra caregiver hours for residents with exceptional care needs while paying the three trafficked Haitian caregivers little or nothing, lied about the victims' residence in the home, and Valmont falsified a disability claim so Andre could bill hourly as her Homecare Worker, including for periods when Andre was not actually providing care."
orlando-man-sentenced-to-prison-for-construction-payroll-scheme-that-defrauded-the-irs-and-workers-compensatio_027fd22cde25.pdf,2026-06-09,"U.S. Attorney's Office, Middle District of Florida",,Santiago Humberto Erazo-Zelaya (shell company owner/operator); Gregorio Jose Fuentes-Zelaya (co-defendant),Florida - Orlando (Orange County); various Florida counties (construction project sites),Unnamed workers' compensation insurance company; IRS (payroll taxes),3000000.0,973695.0,33,Falsify certificate,Falsify certificate; other,sentenced,"Erazo-Zelaya set up a shell construction company and bought a workers' compensation policy covering a minimal $100,800 payroll, then 'rented' certificates of insurance to work crews so contractors would believe the crews were insured employees of the shell company; contractors' payroll checks (approx. $3 million) were cashed by the conspirators, who kept about 6% (approx. $181,500) and paid no payroll taxes (approx. $765,000 owed to the IRS), and the insurer also paid a $26,720 workers' compensation claim. Figures span both co-defendants: Erazo-Zelaya received 14 months plus $765,446 IRS restitution, $26,720.12 insurer restitution and a $181,529 money judgment; Fuentes-Zelaya was previously sentenced to 33 months."
over-12-million-medicaid-fraud-scheme-leads-to-14-years-of-prison-for-substance-abuse-facility-owner-complianc_263936a6f12d.pdf,2026-03-05,"U.S. Attorney's Office, Eastern District of North Carolina",2018 to 2023,"Keke Komeko Johnson (compliance officer, Life Touch, LLC); Francine Sims Super (Kinston office manager); Kimberly Mable Sims (owner, 1 Choice Healthcare Services); Brandon Eugene Sims (owner, Life Touch, LLC); Life Touch, LLC (substance abuse facility); 1 Choice Healthcare Services (urine drug screening company)",North Carolina - Lenoir County (Kinston); North Carolina - Wayne County (Goldsboro),Medicaid (North Carolina Medicaid),12762511.0,62987577.0,72,kickback_Bribery For Referral,kickback_Bribery For Referral; Phantom Claims; Falsify certificate; FakeEncounter; other,sentenced,"Operators of Life Touch, LLC, a purported substance abuse facility, paid over $1 million in gift-card kickbacks to Medicaid beneficiaries who were drug users to induce them to appear for costly substance abuse counseling and urine drug screening services, which were billed to North Carolina Medicaid by Life Touch and affiliated lab 1 Choice Healthcare Services (including fake lab services ordered by Life Touch), totaling more than $12.7 million in billings; the defendants also lied and falsified documents during Managed Care Organization (Eastpointe) audits and a Medicaid Investigations Division civil probe to conceal the kickbacks, and failed to file/pay taxes on the proceeds. Figures span four individual defendants and the corporate defendant: restitution and IRS amounts across defendants plus a $15 million corporate fine, with over $6 million in cash, vehicles and real estate seized/forfeited."
owner-and-operations-manager-of-wholesale-drug-distributor-admit-conspiring-to-divert-nearly-50m-of-cancer-med_b8f8f1ff4211.pdf,2026-03-03,"U.S. Attorney's Office, District of New Jersey",2012-06 to 2019-01,Stephen Corba (owner of wholesale drug distributor); Frank Incognito (operations manager); Anise Kachadourian (doctor); Jon Paul Dadaian (doctor); Joel Lerner (doctor),"New Jersey - Middlesex County (Sewaren); New Jersey - Monmouth County (Englishtown, Farmingdale)",,47500000.0,,,Drug diversion,Drug diversion; Falsify certificate,pleaded guilty,"Corba and Incognito, who ran a wholesale drug distributor, conspired with physicians to 'straw-purchase' expensive cold-chain biologic oncology and ophthalmology infusion drugs from pharmaceutical manufacturers and authorized distributors using the doctors' medical licenses, falsely representing the drugs would treat the doctors' own patients and would not be resold; the drugs were instead diverted and resold to the distributor's customers for profit, totaling more than $47.5 million in drugs over June 2012-January 2019. Three doctors also pleaded guilty; sentencing for Corba and Incognito is pending, with restitution agreed for the full loss amount."
owner-of-chicago-area-convenience-stores-sentenced-to-four-years-in-prison-for-defrauding-low-income-food-prog_5b6986c0af3c.pdf,2026-03-04,"U.S. Attorney's Office, Northern District of Illinois",2010 to 2018,"Hassan Abdellatif (owner of several Chicago-area convenience stores); eight other convenience store owners or workers (charged, pleaded guilty)",Illinois - Cook County (Chicago area),"USDA Women, Infants, and Children (WIC) program",19000000.0,8800000.0,48,Ineligible item benefit redemption,Ineligible item benefit redemption; other,sentenced,"Abdellatif and eight co-schemers who owned or worked at Chicago-area convenience stores let customers use federally funded WIC checks to pay for items not covered by the program, often at inflated prices, and then redeemed those checks for reimbursement; ten stores in the scheme redeemed over $19 million in WIC checks. Abdellatif was convicted at trial on wire fraud, fraudulently obtaining government benefits, and failing to file corporate tax returns, and was sentenced to 48 months plus $8.8 million restitution; the eight co-defendants pleaded guilty and await sentencing."
owner-of-defunct-prenatal-care-coordination-company-sentenced-to-111-months-imprisonment-for-healthcare-fraud-_e966a3ac35e9.pdf,2026-01-22,"U.S. Attorney's Office, Eastern District of Wisconsin",,Precious Cruse (owner of defunct prenatal care coordination company),Wisconsin,Medicaid,780600.0,780600.0,111,Phantom Claims,Phantom Claims; Falsify certificate; kickback_Bribery For Referral; Money laundering of proceeds; Identity theft,sentenced,"Cruse, through her prenatal care coordination company, billed a Wisconsin Medicaid benefit intended for at-risk pregnant women and women with young children, stealing $780,600.07; a jury convicted her of nine counts of health care fraud, two counts of false statements relating to health care matters, two anti-kickback violations, money laundering, and two counts of aggravated identity theft (indicating use of patient identities and kickbacks to obtain claims payments)."
owner-of-durable-medical-equipment-company-sentenced-for-59m-medicare-fraud_ac8b2034a037.pdf,2026-03-09,"U.S. Attorney's Office, Southern District of Texas; Justice Department Criminal Division, Fraud Section",,Patrick Cassells (owner/operator of three durable medical equipment companies),Texas - Fort Bend County (Fulshear); Texas - Harris County (Houston),Medicare,59900000.0,25402614.0,90,kickback_Bribery For Referral,kickback_Bribery For Referral; FakeEncounter; Falsify certificate; Ineligible provider enrollment,sentenced,"Cassells owned three DME companies (hiding his ownership of one by naming a straw owner on the Medicare enrollment application) and paid kickbacks, disguised as payments for 'leads' and 'marketing,' to co-conspirators who supplied signed doctors' orders for orthotic braces issued without any patient examination; he then billed Medicare over $59.9 million falsely certifying the braces as medically necessary, collecting over $27 million."
owner-of-health-care-software-company-convicted-of-1-billion-dollar-medicare-fraud-conspiracy_d81a5ba4f8db.pdf,2026-05-14,"U.S. District Court for the Southern District of Florida; U.S. Department of Justice, Criminal Division Fraud Section / National Fraud Enforcement Division and U.S. Attorney's Office, Southern District of Florida",2017-09,"Brett Blackman (founder, owner and CEO of HealthSplash); HealthSplash; Power Mobility Doctor Rx, LLC (DMERx); Gary Cox (co-defendant)",Florida (Southern District of Florida); Kansas - Johnson County (defendant's residence),Medicare; other federal health care benefit programs (military/TRICARE and VA programs referenced); other insurers,1000000000.0,,180,kickback_Bribery For Referral,kickback_Bribery For Referral; Falsify certificate; FakeEncounter,convicted at trial,"Blackman owned the DMERx internet platform, which generated false doctors' orders and prescriptions for orthotic braces, other DME and pharmacy items; foreign call centers and spam mailers recruited hundreds of thousands of Medicare beneficiaries, and telemedicine doctors were paid kickbacks to sign orders falsely stating they had examined and tested patients they often never spoke to, while DME suppliers and pharmacies paying kickbacks for the orders billed Medicare and other programs over $1 billion and were paid more than $450 million; the scheme was hidden via sham contracts and order manipulation to evade audits. Co-defendant Gary Cox was convicted in a prior trial and sentenced to 15 years; Blackman awaits sentencing on Aug. 26, 2026."
owner-of-long-island-ambulette-services-company-sentenced-to-prison-for-multimillion-dollar-healthcare-fraud-s_8a03b59d8867.pdf,2026-07-21,"U.S. Attorney's Office, Eastern District of New York",2020-12 to 2024-06,"Adnan Arshad, a/k/a 'Eddie' (owner of MTK Taxi LLC and co-owner of All-Star Taxi LLC); at least five unnamed co-conspirators who pleaded guilty","New York - Suffolk County (Montauk, Ronkonkoma, Mount Sinai), Long Island; New York City",Medicaid (New York State Medicaid),19000000.0,19000000.0,97,Phantom Claims,Phantom Claims; kickback_Bribery For Referral; Upcoding; other,sentenced,"Arshad, who owned/co-owned Long Island ambulette/taxi companies, paid kickbacks to Medicaid beneficiaries to order medical transportation (purportedly to methadone/addiction treatment) through his companies, then billed Medicaid over $19 million for rides that were never provided, including for beneficiaries who were deceased, hospitalized or incarcerated; he also inflated reimbursements by directing beneficiaries to distant New York City clinics and to give false pickup addresses to make trips appear longer, billing over $16 million for trips to three NYC treatment centers, and laundered proceeds into homes and luxury vehicles. At least five co-conspirators have pleaded guilty and await sentencing."
owner-of-now-closed-milwaukee-prenatal-care-coordination-company-sentenced-to-121-months-imprisonment-for-heal_2bd95b5afa7d.pdf,2026-03-18,"U.S. Attorney's Office, Eastern District of Wisconsin",,Markita Barnes (owner of a now-closed Milwaukee prenatal care coordination company),Wisconsin - Milwaukee County (Milwaukee),Medicaid (Wisconsin),2361799.0,2361799.0,121,Phantom Claims,Phantom Claims; kickback_Bribery For Referral; Falsify certificate; Money laundering of proceeds; Identity theft,sentenced,"Barnes, who owned a Milwaukee prenatal care coordination company, billed a Wisconsin Medicaid benefit program intended for at-risk pregnant women and women with young children, stealing $2,361,799.17; a jury convicted her of ten counts of health care fraud, three counts of false statements in health care matters, three anti-kickback violations, obstruction of a health care fraud investigation, money laundering, and two counts of aggravated identity theft."
owner-of-now-closed-milwaukee-prenatal-care-coordination-company-sentenced-to-60-months-imprisonment-for-healt_95d710f85d32.pdf,2026-03-23,"U.S. Attorney's Office, Eastern District of Wisconsin",,Lakia Jackson (owner of now-closed Milwaukee prenatal care coordination company),Wisconsin - Milwaukee County (Milwaukee),Wisconsin Medicaid,2655463.0,2361799.0,60,Phantom Claims,Phantom Claims; kickback_Bribery For Referral; Identity theft,sentenced,"Jackson, who ran a Milwaukee prenatal care coordination company, paid women kickbacks in exchange for their Medicaid numbers and then billed Wisconsin Medicaid's prenatal care coordination benefit at nearly the maximum amount permitted per month per beneficiary, while she and her employees provided few or no covered services, stealing $2,655,463.63."
owners-and-ceo-of-wholesale-pharmaceutical-company-sentenced-for-distributing-more-than-92m-of-black-market-hi_832a15c3f5c3.pdf,2026-03-16,"U.S. Attorney's Office, Southern District of Florida; Justice Department Criminal Division, Fraud Section",2020-04 to 2021-09,"Patrick Boyd (owner and Managing Partner, Safe Chain Solutions); Charles Boyd (owner and CEO, Safe Chain Solutions); Safe Chain Solutions (wholesale pharmaceutical distributor); Adam Brosius (co-conspirator)",Maryland; Florida - Southern District of Florida,Medicare; Medicaid; commercial insurers,92800000.0,21850000.0,240,other,other; Falsify certificate,sentenced,"The Boyd brothers, through wholesale distributor Safe Chain Solutions, bought more than 28,000 bottles of HIV medication diverted from patients via black-market 'buyback' suppliers (labels removed, bottles dirty/unsealed, sometimes shipped in scavenged boxes), then resold them to pharmacies with falsified pedigree paperwork so the drugs re-entered the legitimate supply chain; Medicare, Medicaid and commercial insurers were billed and paid for these illicit drugs. They paid over $92.8 million for the drugs; Patrick Boyd received 18 years, Charles Boyd 20 years, co-defendant Adam Brosius 97 months, and the Boyds were ordered to forfeit $21,850,000."
pa-lifesharing-lcc-agrees-to-pay-1-2m-to-settle-false-claims-act-allegations_e99ba825a877.pdf,2026-04-30,"U.S. Attorney's Office, Middle District of Pennsylvania",2022-01 to 2024-12,"PA Lifesharing, LLC (provider); Carolyn Bennett Carson; Rajkumar Wale",Pennsylvania,Medicaid,,1211095.0,,FakeEncounter,FakeEncounter; Falsify certificate,civil settlement,"PA Lifesharing billed Pennsylvania Medicaid for 1:1 direct support services rendered by Direct Support Professionals whom it knew were not properly cleared and/or trained, making them unqualified under Medicaid rules; resolved via a $1,211,095.53 FCA settlement arising from a qui tam suit, with $242,219 to the whistleblower."
pain-clinic-owner-sentenced-l5-medical-holdings-to-pay-nearly-5-million-in-restitution_3a48694c4db0.pdf,2026-01-09,"U.S. Attorney's Office, Western District of Virginia",2014,John Gregory 'Greg' Barnes (owner of pain clinics); L5 Medical Holdings (corporate entity); Jennifer Adams (chief operating officer); Duane Dixon (doctor); Charles Wilson Adams (falsely held out as a doctor); Wendell Randall (doctor); Debra Shaffer (nurse practitioner),Virginia - Lynchburg; Virginia - Madison Heights (Amherst County); Virginia - Christiansburg (Montgomery County); Virginia - Woodlawn (Carroll County),Medicare; Virginia Medicaid,,5138426.0,45,FakeEncounter,FakeEncounter; Falsify certificate; Phantom Claims; Illegal distribution of controlled substances,sentenced,"Barnes, with no medical training, bought and ran L5 pain clinics that prioritized revenue over care: non-medical staff made prescribing/treatment decisions and their patient interactions were billed to Medicare and Virginia Medicaid under the names of providers who had not seen the patient (sometimes doctors in another city or state), and urine drug tests were ordered at the maximum volume insurers would reimburse regardless of medical need; one doctor rented out his DEA credentials so others could prescribe Suboxone. Barnes and L5 jointly owe $4,888,426.11 restitution plus $250,000 forfeiture; co-defendants were separately ordered to pay over $1,000,000 (Dixon), over $3,000,000 (Jennifer Adams), $30,000 (Charles Wilson Adams) and $5,000 (Shaffer), and received sentences of 45, 40, 36, 24 and 18 months."
pair-plead-guilty-to-conspiring-with-annandale-based-doctor-to-illegally-distributing-oxycodone-and-other-cont_a05f0d1df1fe.pdf,2026-02-09,"U.S. Attorney's Office, Western District of Virginia",2023 to 2024,Obioma Alozie Ndubuka a.k.a. 'Bank Roll' (co-conspirator/distributor); Raymono Alfonzo Russell II (co-conspirator/distributor); Dr. Rotimi Iluyomade (Annandale-based prescribing physician); Cameron Isaiah Lewis; Elhadj Malick Diallo; Zion Oluwademilade Adeduwon; Kenechukwu Brian Okwara a.k.a. 'Kene'; Yared Michael Tesfaye a.k.a. 'Yar',"Virginia - Fairfax County (Annandale); Virginia - Russell County (Honaker); Virginia - Roanoke, Radford, Tazewell and Floyd; Maryland - Montgomery County and Prince George's County",,,140000.0,,Prescription drug diversion,Prescription drug diversion; Falsify certificate; Phantom Claims,pleaded guilty,"Co-conspirators brought Dr. Iluyomade lists of fake 'patients' (fabricated names, variations of surnames, false addresses, and identities of homeless people) and paid roughly $300 per script so he would electronically transmit fraudulent oxycodone, tussionex and promethazine-codeine prescriptions to pharmacies in numerous states; the conspirators (or paid stand-ins) picked up the filled prescriptions and resold the drugs for profit. Forfeitures total $140,000 across Russell ($40,000) and Adeduwon ($100,000)."
pakistani-national-residing-in-southern-california-charged-with-fraudulently-billing-medicare-plans_465357d6d682.pdf,2026-03-24,"U.S. Attorney's Office, District of Oregon",2025-06 to 2026-01,Jahangeer Ali (owner of Oregon Clinical Laboratory); Oregon Clinical Laboratory,Oregon - Klamath County (Klamath Falls),Medicare Advantage plans,46000000.0,,,Phantom Claims,Phantom Claims; Falsify certificate,charged,Oregon Clinical Laboratory submitted more than $46 million in claims to Medicare Advantage plans for laboratory testing that was never ordered by any provider and never received by the listed beneficiaries; the plans paid over $28 million before Ali was arrested at LAX attempting to fly to Turkey en route to Pakistan.
paterson-doctor-sentenced-to-87-months-in-prison-for-conspiracy-to-distribute-opioids_e164247a3722.pdf,2026-01-22,"U.S. Attorney's Office, District of New Jersey",2019-01 to 2023-09,"Lisa Ferraro (physician, internal medicine)",New Jersey - Passaic County (Paterson),,,,87,FakeEncounter,FakeEncounter; Illegal prescribing/drug diversion,sentenced,"Paterson internal medicine physician conspired to write oxycodone prescriptions for individuals who posed as patients, never physically examining them or asking about symptoms; she issued prescriptions for tens of thousands of 30mg oxycodone pills outside the usual course of professional practice."
pennsylvania-brothers-convicted-of-decades-long-racketeering-conspiracy_b92cfa8c0f52.pdf,2026-03-09,"U.S. Department of Justice, Criminal Division (Money Laundering, Narcotics and Forfeiture Section) and U.S. Attorney's Office for the Eastern District of Pennsylvania",,"Bhaskar Savani (dentist, controlled Savani Group dental practices); Arun Savani (controlled finances and real property of the Savani Group); Aleksandra ""Ola"" Radomiak (long-term employee and executive of the Savani Group)",Pennsylvania,Medicaid (Pennsylvania Medicaid),32000000.0,,,Falsify certificate,Falsify certificate; Ineligible provider enrollment; Money laundering of proceeds; other,convicted at trial,"The Savani brothers ran a racketeering enterprise (""the Savani Group"") of dental practices that, after the group's Medicaid contracts were terminated, continued billing Pennsylvania Medicaid through nominee-owned dental practices and submitted claims in the names of dentists who did not treat the patients, obtaining over $32 million; proceeds were laundered through a web of companies and accounts, and the scheme also involved false H-1B visa applications, salary kickbacks from foreign workers, and obstruction of a grand jury investigation. All three defendants were convicted at trial; sentencing is pending."
pensacola-pharmacist-and-conspirator-charged-with-illegal-drug-diversion-conspiracy_77e289e01071.pdf,2026-01-27,"U.S. Attorney's Office, Northern District of Florida",,Douglas Craig Reid Jr. (pharmacist); Martrice Lamar Portis (conspirator),Florida - Escambia County (Pensacola),,,,,Drug diversion,Drug diversion; other,charged,A Pensacola pharmacist and a co-conspirator were indicted for conspiring to unlawfully dispense and distribute controlled substances and to obtain controlled substances by fraud; the case is related to a prior drug-diversion prosecution charged under DOJ's 2025 National Health Care Fraud Takedown. No billing amounts or payers are identified in the document.
pharmacist-and-business-owner-pleads-guilty-to-3m-medicare-medicaid-and-private-insurer-fraud-scheme_12247ded671a.pdf,2026-02-24,"U.S. Attorney's Office, Eastern District of Michigan",,Mohammad Hamdan (pharmacist and owner of two pharmacies),Michigan,Medicare; Medicaid; Blue Cross Blue Shield of Michigan,3200000.0,,,Phantom Claims,Phantom Claims; FakeEncounter,pleaded guilty,"Over a five-year period the defendant used his two pharmacies to submit false claims to Medicare, Medicaid and Blue Cross Blue Shield of Michigan for prescription drugs that were medically unnecessary or never actually dispensed; in many instances the pharmacies lacked the inventory for the drugs yet billed as if they had been dispensed, totaling over $3.2 million in claims and over $3 million in loss."
pharmacist-sentenced-to-30-months-in-prison-for-role-in-2m-health-care-fraud-scheme_6bfa98cc9f78.pdf,2026-04-24,"U.S. Attorney's Office, Western District of Kentucky",2017 to 2021,"Michael Shawn Boaz (licensed pharmacist); Christopher Clayton Augustus (licensed pharmacist, co-conspirator)",Kentucky - McCracken County (Paducah); Kentucky - Hickman County (Clinton),Medicaid (Kentucky); other health care benefit programs,2185739.0,1806212.0,30,Phantom Claims,Phantom Claims; Falsify certificate,sentenced,"Two pharmacists at two Kentucky pharmacies added boutique vitamins to customers' prescription orders, telling customers the vitamins were free while billing health care benefit programs $1,000-$6,000 per bottle, and submitted unauthorized prescription claims for the antihistamine Carbinoxamine Maleate purchased for $605 and billed at $2,000-$16,000 each, causing $2,185,739.52 in losses. Boaz was sentenced to 30 months and $1,806,212.90 restitution; co-conspirator Augustus pleaded guilty and awaits sentencing."
pharmacy-technician-pleads-guilty-to-5-6m-health-care-fraud-scheme-and-illegal-distribution-of-oxycodone_2dd73012540c.pdf,2026-04-30,"U.S. Department of Justice, Office of Public Affairs; U.S. Attorney's Office, Eastern District of Michigan",2019 to 2022,Ali Naserdean (pharmacy technician),Michigan - Wayne County (Dearborn Heights/metro Detroit),Medicare; Medicaid; Blue Cross Blue Shield of Michigan,5600000.0,,,Phantom Claims,Phantom Claims; Falsify certificate; other,pleaded guilty,"Working as a pharmacy technician at three metro-Detroit pharmacies, Naserdean and a co-conspirator billed Medicare, Medicaid and Blue Cross Blue Shield of Michigan over $5.6 million for prescription drugs that were never ordered by a doctor and never dispensed, using forged physician prescriptions to conceal the scheme; he also sold unlawful oxycodone prescriptions to drug traffickers for cash."
pharmacy-technician-pleads-guilty-to-5-6m-health-care-fraud-scheme-and-illegal-distribution-of-oxycodone_769b314b4068.pdf,2026-05-01,"U.S. Attorney's Office, Eastern District of Michigan",2019 to 2022,Ali Naserdean (pharmacy technician),Michigan - Wayne County (Dearborn Heights/metro Detroit),Medicare; Medicaid; Blue Cross Blue Shield of Michigan,5600000.0,,,Phantom Claims,Phantom Claims; Falsify certificate; other,pleaded guilty,"A pharmacy technician at three metro-Detroit pharmacies and a co-conspirator billed Medicare, Medicaid and Blue Cross Blue Shield of Michigan over $5.6 million for prescription drugs that were never ordered by a doctor and never dispensed, using forged physician prescriptions to conceal the scheme; he also sold unlawful oxycodone prescriptions to drug traffickers for cash."
philadelphia-in-home-care-services-provider-agrees-to-pay-1-million-to-resolve-allegations-of-false-claims-act_08acfb6ec1b7.pdf,2026-08-04,"U.S. Attorney's Office, Eastern District of Pennsylvania",2015-01 to 2023-12,Blessings 4 Ever Home Care Agency LLC (in-home care provider); V&V Management Solutions LLC (related management services entity),Pennsylvania - Philadelphia County (Philadelphia),Medicaid (Pennsylvania Medicaid Program),,1000000.0,,Falsify certificate,Falsify certificate; Phantom Claims,civil settlement,"Home care agency allegedly fabricated or backdated 181 training certificates and personnel documents so personal care attendants appeared to meet state and Medicaid training requirements, and billed Medicaid for their in-home services; it also billed 1,141 claims for in-home personal care for 209 beneficiaries on days those beneficiaries were hospital inpatients all day. Resolved via $1 million civil False Claims Act settlement from a qui tam action, with the relator receiving 21% of the federal recovery."
pittsfield-man-indicted-for-health-care-fraud-false-statements-and-aggravated-identity-theft_02f04d361b42.pdf,2026-07-06,"U.S. Attorney's Office, District of Massachusetts",1994 to 2026-02,James D. Sommers,Massachusetts - Berkshire County (Pittsfield); Massachusetts - Hampshire County (Northampton),U.S. Department of Veterans Affairs (VA); Social Security Administration,30000.0,,,Identity theft for benefits eligibility,Identity theft for benefits eligibility; Falsify certificate,charged,"Defendant allegedly stole the identity of an honorably discharged Army veteran and impersonated him for over 30 years to establish VA eligibility, obtaining nearly $30,000 in medical care and medications from VA medical centers (most recently at the Northampton, Mass. VA Medical Center in February 2026) plus thousands of dollars in Social Security benefits, and using the victim's name for transitional veterans housing."
podiatrist-and-pharmaceutical-sales-representative-sentenced-in-3-2-million-healthcare-fraud-conspiracy-involv_26a8fdaa42e0.pdf,2026-04-13,"U.S. Attorney's Office, Eastern District of California",2021-06 to 2024-01,"Felipe Ruiz (podiatrist, sole owner of West Coast Podiatry Inc.); Jose Gabriel Aguirre (pharmaceutical sales representative); West Coast Podiatry Inc.",California - Fresno County; California - Madera County; California - Stanislaus County,Medicare; Medicaid; Medi-Cal (California Medicaid),3200000.0,14700000.0,63,FakeEncounter,FakeEncounter; Falsify certificate; Phantom Claims,sentenced,"A podiatrist allowed an unlicensed pharmaceutical sales representative who sold him skin grafts to perform sharp wound debridement and apply skin grafts to Medicare/Medicaid/Medi-Cal patients unsupervised, then billed roughly $3.2 million in claims falsely representing that Ruiz or other physicians performed the procedures - including $150,000 in 2023 claims attributed to a physician who was out of the country. Forfeiture totals include nine properties plus $2.6 million (Aguirre) and $12.1 million (Ruiz) personal money judgments; both were sentenced to 63 months."
president-of-insurance-brokerage-firm-and-ceo-of-marketing-company-sentenced-in-233m-affordable-care-act-enrol_66a5a503beb8.pdf,2026-02-18,"U.S. Department of Justice, Criminal Division Fraud Section and U.S. Attorney's Office, Southern District of Florida",,Cory Lloyd (president of insurance brokerage firm); Steven Strong (CEO of marketing company); Dafud Iza (co-defendant),"Florida - Southern District of Florida (defendant Lloyd of Stuart, Florida); Texas - Mansfield (defendant Strong)",Federal government - Affordable Care Act premium subsidies (CMS/HHS); private insurance companies paying broker commissions,233000000.0,180600000.0,240,Falsify certificate,Falsify certificate; kickback_Bribery For Referral; other,sentenced,"Lloyd and Strong used 'street marketers', sometimes paying bribes, to recruit homeless, unemployed and addicted individuals and submitted false ACA marketplace applications overstating their income so the consumers qualified for fully federally subsidized plans, generating over $233 million in claimed subsidies (at least $180 million paid) and millions in insurer commissions that Lloyd shared with Strong for referrals; they also filed thousands of Medicaid applications designed to be denied to create year-round special enrollment opportunities, and used proceeds for luxury homes, an 80-foot yacht and a Tesla. Both were sentenced to 20 years and jointly ordered to pay $180.6 million restitution; co-defendant Dafud Iza pleaded guilty and received 35 months."
prison-time-for-healthcare-employees-in-multimillion-dollar-adult-daycare-fraud-scheme_fd24ec731878.pdf,2026-01-13,"U.S. Attorney's Office, Southern District of Texas",2016-01 to 2017-12,"Osama Nahas (owner and physician, Crosspoint Medical Clinic); Isabel Pruneda (medical assistant, Crosspoint Medical Clinic)","Texas - Hidalgo County (McAllen, Edinburg, Rio Grande Valley)",Medicare,,3100000.0,120,kickback_Bribery For Referral,kickback_Bribery For Referral; FakeEncounter; Falsify certificate; other,sentenced,"A physician traveled to adult day care centers across the Rio Grande Valley ordering medically unnecessary lab tests and prescriptions for elderly and disabled clients, directing them to specific labs and pharmacies in exchange for kickbacks, and paid adult day care owners bribes disguised as 'rent' for facility access; his medical assistant forged patient signatures on consent forms, committed aggravated identity theft, and misappropriated pain creams distributed as 'goodie bags' to induce patients to agree to testing. Both were sentenced (120 and 97 months) and jointly ordered to pay over $3.1 million restitution to Medicare."
psychiatrist-reaches-civil-settlement-of-360-000-to-resolve-allegations-of-false-claims-to-federal-health-care_fbda3924ebe9.pdf,2026-03-09,"U.S. Attorney's Office, Eastern District of Missouri",2019-01 to 2024-05,Dr. Shazia Malik (psychiatrist employed at Behavioral Health Services LLC); Modh Azfar Malik (part-owner of Behavioral Health Services),Missouri - St. Louis,Medicare; Missouri Medicaid,,861556.0,,Phantom Claims,Phantom Claims; FakeEncounter,civil settlement,"Psychiatrist Shazia Malik billed Medicare and Missouri Medicaid for face-to-face psychotherapy she did not personally provide, including claims for dates when she was out of town and for services actually rendered by other practitioners; she settled FCA allegations for $360,000 (restitution of $155,000 to Medicare and $25,000 to Missouri Medicaid, doubled under the FCA) after pleading guilty in December 2025 to two counts of false statements relating to health care matters. Her brother and part-owner Modh Azfar Malik separately paid $501,556 in July 2025 for similar conduct."
puerto-rico-pharmacies-agree-to-pay-4-6-million-to-federal-authorities-in-medicare-and-medicaid-fraud-cases_a1e9701c95fc.pdf,2026-06-04,"U.S. Attorney's Office, District of Puerto Rico",2021-01 to 2024-01,Farmacia Unity (Aibonito); Raúl Morera (owner); Enid Rivera (owner); Farmacia La Rampla (Yabucoa); Edwin Gómez (owner); Farmacia Monte Verde (Bayamón); María T. Rivera (owner); Valerie Cintrón (owner); Farmacia Santa Olaya (Bayamón); Jaime Figueroa (owner),Puerto Rico - Aibonito; Puerto Rico - Yabucoa; Puerto Rico - Bayamón,Medicare; Medicaid,,4600000.0,,Diverted drug billing,Diverted drug billing; Falsify certificate,civil settlement,"Four Puerto Rico pharmacies and their owners allegedly billed Medicare and Medicaid for prescription drugs that had been diverted and obtained from unverifiable sources, while misrepresenting them to patients and the programs as properly sourced from approved distributors; the four settlements total $4.6 million (with over $4.1 million collected to date), ranging from $600,000 for Farmacia Unity to $2 million for Farmacia Santa Olaya."
queens-home-care-agency-and-home-health-aide-training-center-to-pay-2-3-million-to-settle-claims-that-they-def_3e5bcfb7e565.pdf,2026-05-19,"U.S. Attorney's Office, Eastern District of New York",,"Kris Agency & Home Care, Inc. (Queens home care agency); Career Development Center of Queens, Inc. (home health aide training center)",New York - Queens County,U.S. Small Business Administration (Paycheck Protection Program),1800000.0,2347133.0,,COVID-19 relief loan fraud,COVID-19 relief loan fraud; Falsify certificate,civil settlement,"A Queens home care agency and an affiliated home health aide training center allegedly obtained over $1.8 million in second-draw PPP loans, and forgiveness of those loans, by falsely certifying that they and their affiliates had fewer than 300 employees and by failing to disclose that they were affiliates of each other; the qui tam False Claims Act case settled for $2,347,133.10 with no determination of liability."
queens-pharmacy-owner-sentenced-to-63-months-in-prison-for-money-laundering-scheme_1d80ac29e848.pdf,2026-04-24,"U.S. Attorney's Office, Eastern District of New York",2015 to 2022,"Taesung Kim, a/k/a 'Terry' (pharmacy co-owner); Feng Jiang, a/k/a 'Jeff' (co-owner/co-conspirator)",New York - Kings County (Brooklyn); New York - Queens County,Medicare; Medicaid,24400000.0,30400000.0,63,kickback_Bribery For Referral,kickback_Bribery For Referral; FakeEncounter; Money laundering of proceeds,sentenced,"Kim co-owned retail pharmacies in Brooklyn and Queens that billed Medicare roughly $24.4 million for medically unnecessary prescription drugs obtained by paying bribes to medical providers (office rent and staff) to steer prescriptions and paying patients cash and supermarket gift certificates to fill them; proceeds were laundered through trading companies to disguise the payments and distribute profits. Kim received 63 months, $24.4M restitution and $6M forfeiture; co-conspirator Feng Jiang was previously sentenced to 15 months."
queens-pharmacy-owner-sentenced-to-over-five-years-in-prison-for-money-laundering-scheme_5841e1750045.pdf,2026-04-24,"U.S. Attorney's Office, Eastern District of New York; U.S. Department of Justice, National Fraud Enforcement Division",2015 to 2022,"Taesung ""Terry"" Kim (co-owner of retail pharmacies); Feng ""Jeff"" Jiang (partner/co-conspirator)",New York - Kings County (Brooklyn); New York - Queens County (Queens),Medicare; Medicaid,24400000.0,30400000.0,63,kickback_Bribery For Referral,kickback_Bribery For Referral; FakeEncounter; Money laundering of proceeds,sentenced,"Kim co-owned Brooklyn and Queens retail pharmacies that billed Medicare roughly $24.4 million for medically unnecessary prescription drugs, obtaining the prescriptions by bribing medical providers with office rent and staff and paying patients cash and supermarket gift certificates to fill them; proceeds were laundered through trading companies to disguise the kickbacks and distribute profits. Kim received 63 months, $24.4 million restitution and $6 million forfeiture; co-conspirator Feng Jiang received 15 months."
raleigh-man-pleads-guilty-to-receiving-more-than-60-million-in-fraudulent-claims-from-paying-kickbacks-for-pat_16487ef25257.pdf,2026-06-24,"U.S. Attorney's Office, Eastern District of North Carolina",2023-08 to 2025-06,"James Shuford Price, III (owner/operator of Golden Star Labs); Golden Star Labs (Los Angeles clinical laboratory)",California - Los Angeles County (Los Angeles); North Carolina - Wake County (Raleigh),Medicaid (California Medical Assistance Program - Medi-Cal); Medicare,96000000.0,6000000.0,,kickback_Bribery For Referral,kickback_Bribery For Referral; Phantom Claims; Falsify certificate; other,pleaded guilty,"Price's Los Angeles lab, Golden Star Labs, paid 'collectors' over $17 million on a per-specimen basis (disguised by sham fixed-fee contracts) to supply bulk bogus respiratory test samples obtained through identity theft, then billed Medi-Cal (over $85 million) and Medicare (over $11 million) for multi-panel COVID-19/flu/RSV testing using fraudulent test authorizations generated from stolen clinician identifiers, collecting more than $60 million; he also pleaded guilty to filing a false 2022 federal tax return."
repeat-health-care-fraud-offender-sentenced-for-defrauding-new-hampshire-medicaid_cba17d6f5d41.pdf,2026-01-28,"U.S. Attorney's Office, District of New Hampshire",2022-03,"Erik X. Alonso (psychotherapist, excluded provider); LifeWorks Counseling Associates, PLLC (telehealth mental health provider); Dr. David Ferruolo (owner)","New Hampshire; Florida - Miami-Dade County (Miami, defendant's residence)",New Hampshire Medicaid,173998.0,473999.0,12,Excluded provider billing,Excluded provider billing; Phantom Claims; FakeEncounter,sentenced,"Alonso, a psychotherapist on the HHS-OIG Exclusion List after a 2015 health care fraud conviction, began working in March 2022 for a New Hampshire telehealth mental health provider and caused psychotherapy/counseling sessions he rendered to be billed to New Hampshire Medicaid despite his exclusion, including claims for counseling services not provided as represented (e.g., sessions in which he asked a patient for help with personal tasks), causing roughly $173,998 in Medicaid payments; he was sentenced to a year and a day and ordered to pay $173,998.83 restitution, while the provider LifeWorks Counseling Associates and owner Dr. David Ferruolo paid $300,000 to settle parallel False Claims Act allegations."
restaurateur-charged-in-multimillion-dollar-insurance-fraud-scheme-and-money-laundering-conspiracy_4d258c459bc1.pdf,2026-04-01,"U.S. Attorney's Office, Southern District of New York",,"Zhan Petrosyants, a/k/a 'Johnny' (organizer of no-fault clinic billing scheme; restaurateur)",New York - New York County (Manhattan),New York no-fault automobile insurance companies (private auto insurers),,,,Phantom Claims,Phantom Claims; FakeEncounter; Ineligible provider enrollment; Falsify certificate; kickback_Bribery For Referral; Money laundering of proceeds,charged,"Petrosyants and co-conspirators allegedly billed New York no-fault auto insurers tens of millions of dollars for services never rendered or medically unnecessary through nominee medical corporations that were secretly owned and controlled by non-physicians, using recruited physicians'/psychologists' license information and signatures on the claim forms. They then monetized the fraudulent receivables via advances from a law-firm-affiliated funding company, with Petrosyants taking referral fees and kickbacks (partly via blank pre-signed clinic checks), and routed advances paid to two non-medical shell corporations into a Diamond District jewelry business account."
rheumatologist-agrees-to-resolve-false-claims-act-allegations-related-to-unapproved-drugs_5ab3f34c05ae.pdf,2026-01-28,"U.S. Attorney's Office, Western District of North Carolina",2019 to 2019,"Steven L. Mendelsohn (medical doctor, rheumatologist)",North Carolina,Medicare,,549554.0,,Non-FDA-approved drug billing,Non-FDA-approved drug billing,civil settlement,"The United States alleged that in 2019 the rheumatologist purchased intravenous immunosuppressive arthritis drugs that were intended for foreign markets and not obtained from a licensed or authorized U.S. distributor, administered them to patients, and then sought full Medicare reimbursement for these FDA-unapproved drugs; he agreed to pay $549,554.26 to resolve the False Claims Act allegations."
rhode-island-department-of-human-services-supervisor-pleads-guilty-in-scheme-to-defraud-supplemental-nutrition_097d2c4d79ea.pdf,2026-08-05,"U.S. Attorney's Office, District of Rhode Island",,Nadine Jean Baptiste (Rhode Island Department of Human Services supervisor),Rhode Island - Kent County (Warwick); Rhode Island - Providence County (Providence),Supplemental Nutrition Assistance Program (SNAP) - USDA,300000.0,,,Benefit theft by insider,Benefit theft by insider; other,pleaded guilty,"A RI Department of Human Services supervisor used her official access to repeatedly obtain SNAP EBT card information, make unauthorized telephonic balance inquiries and change card PINs - often for juvenile, homeless or incarcerated recipients - and, with her daughter, allegedly used the diverted benefits for personal purchases; EBT cards holding more than $300,000 in benefits were improperly accessed."
rochester-man-sentenced-for-defrauding-medicare_a292b3e07c5b.pdf,2026-05-26,"U.S. Attorney's Office, Western District of New York",2017-09 to 2018-08,John Weinmann (independent insurance broker),New York - Monroe County (Rochester),Medicare,32150.0,2000.0,,kickback_Bribery For Referral,kickback_Bribery For Referral; FakeEncounter,sentenced,"Weinmann, an independent insurance broker, agreed with a Syracuse, NY company to target Low Income Subsidy Medicare beneficiaries and was paid a kickback for each prescription medication he got filled and paid for under a beneficiary's Medicare coverage; he recommended and arranged purchases of medically unnecessary prescription drugs, receiving $32,150 in kickbacks. Sentenced to three years' probation and a $2,000 fine."
romanian-man-guilty-of-card-skimming-conspiracy_4cf869e03af6.pdf,2026-02-26,"U.S. Attorney's Office, Eastern District of Louisiana",,"Daniel Iulian Teutoc, a/k/a 'Simon Mikula'; Constantin Calin (codefendant)",Louisiana - St. John the Baptist Parish (Laplace); St. Tammany Parish (Slidell); Jefferson Parish (Harvey); St. Charles Parish (Boutte); St. Bernard Parish (Chalmette); Orleans Parish (New Orleans),,,11000000.0,,other,Payment card skimming / wire fraud,pleaded guilty,"Defendant and a codefendant visited Walmart stores across southeast Louisiana and used magnets to activate card-skimming devices previously installed at points of sale by other conspirators, downloading stolen credit, debit and EBT card data to their cell phones and forwarding it to a coconspirator so fraudulent charges could be made; not a health care payer fraud, though restitution of over $11 million was agreed."
russian-citizen-charged-with-laundering-over-1-2m-connected-to-400m-in-fraudulent-medicare-claims_e1743ca69035.pdf,2026-03-05,"U.S. Department of Justice, Criminal Division, Fraud Section; U.S. Attorney's Office, Southern District of Texas",2025-07 to 2026-01,"Nikolai Buzolin (registered owner/president of Verisola, Inc.); Verisola, Inc. (durable medical equipment company)",Texas - Harris County (Houston),Medicare (Medicare Advantage Organizations administering Medicare Part C),400000000.0,,,Phantom Claims,Phantom Claims; Money laundering of proceeds; other,charged,"Buzolin registered Verisola, Inc. as a DME supplier in Houston and opened eight bank accounts at eight institutions using false documentation claiming sole ownership; Verisola then submitted over $400 million in claims to Medicare Advantage Organizations for orthotic braces and glucose monitors never provided, collecting at least $1.7 million, of which at least $1.2 million was wired to overseas entities and accounts."
san-francisco-company-agrees-to-pay-over-three-million-dollars-to-resolve-allegations-that-they-submitted-fals_355d116ef014.pdf,2026-06-10,"U.S. Attorney's Office, Northern District of California",2018-01 to 2025-05,"Circle Medical Care of California; Circle Medical Technologies, Inc.; Dr. Nicole Tsang, D.O. (Chief Medical Officer and medical director)",California - San Francisco County (San Francisco),Medicare; Medicaid (California); TRICARE; California commercial insurers,,3325000.0,,Falsify certificate,Falsify certificate; FakeEncounter,civil settlement,"Circle's telehealth platform submitted claims to Medicare, Medicaid, TRICARE and California commercial insurers listing the name and NPI of rendering providers who did not actually perform or supervise the services, and failed to properly supervise the nurse practitioners and physician assistants who treated patients; resolved via a $3,325,000 False Claims Act settlement ($475,000 federal, $2,850,000 California) arising from a qui tam action."
sarasota-lab-agrees-to-pay-980-000-to-resolve-false-claims-act-violations_2a5a73367a27.pdf,2026-03-05,"U.S. Attorney's Office, Middle District of Florida",2023-01 to 2023-06,Allin IP DX LLC (laboratory),Florida - Sarasota County (Sarasota),Medicare,,980000.0,,kickback_Bribery For Referral,kickback_Bribery For Referral,civil settlement,"Allin IP DX, a Sarasota lab, paid remuneration to independent marketers in exchange for referrals of lab specimens from Medicare beneficiaries, resulting in false claims to Medicare; the lab self-disclosed and settled for $980,000."
sarcone-leads-revival-of-ndny-health-care-fraud-task-force_0b5392ba1f8e.pdf,2026-06-10,"U.S. Attorney's Office, Northern District of New York",,,New York - Albany County (Albany),,,,,other,other,other,"No specific fraud case is described. The press release announces the revival of the NDNY Health Care Fraud Task Force, convening federal agencies (FBI, HHS-OIG, DCIS, DEA, VA-OIG), New York State agencies (MFCU, OMIG, OSC, DFS, BNE), a program integrity contractor, and private insurers (UnitedHealthcare, MVP, Excellus BCBS, Fidelis, CDPHP, MetLife) to coordinate health care fraud investigations and enforcement."
savani-group-owners-and-associate-convicted-of-racketeering-conspiracy_707d80d9d948.pdf,2026-03-09,"U.S. Attorney's Office, Eastern District of Pennsylvania",,"Dr. Bhaskar Savani (dentist, co-owner of the Savani Group); Arun Savani (co-owner, controlled Savani Group finances); Aleksandra Radomiak a/k/a 'Ola' (associate); Savani Group","Pennsylvania - Philadelphia; Pennsylvania - Montgomery County (Ambler, Blue Bell, Lansdale)",Medicaid,30000000.0,,,Ineligible provider enrollment,Ineligible provider enrollment; Falsify certificate; FakeEncounter; Phantom Claims; Money laundering of proceeds; other,convicted at trial,"After Savani Group dental practices were terminated from Medicaid contracts, the brothers used nominee business owners to re-obtain Medicaid contracts and bill Medicaid, defrauding the program of more than $30 million; they also submitted false Medicaid bills under another dentist's NPI on dates when that dentist was outside the United States and for services actually performed by uncredentialed dentists, then laundered the proceeds through a web of corporate bank accounts. The enterprise also involved H-1B visa fraud with wage kickbacks from foreign workers, tax/wire fraud on roughly $1.6 million of unreported personal income and $1.1 million of employee income, and implanting FDA-uncleared prototype dental implants labeled 'Not For Human Use' in patients. Figures span three convicted defendants tried together."
scammer-pharmacist-guilty-in-20-million-healthcare-kickback-scheme_e9988946af56.pdf,2026-08-12,"U.S. Attorney's Office, Southern District of Texas",2015-11 to 2017-09,"Tronown Thomas (licensed pharmacist, owner/operator of Rayford ACP Pharmacy); Rayford ACP Pharmacy",Texas - Harris County (Houston); Texas - Spring,Department of Labor Office of Workers' Compensation Programs (DOL-OWCP),20000000.0,,,kickback_Bribery For Referral,kickback_Bribery For Referral,convicted at trial,"Thomas, a pharmacist who owned Rayford ACP Pharmacy, paid over $2 million in kickbacks to a Houston clinic owner in exchange for referrals of DOL-OWCP-insured patients prescribed high-reimbursement compounded medications, then billed DOL-OWCP for those compounded drugs, receiving more than $20 million in reimbursements."
scranton-heart-institute-agrees-to-pay-48-709-20-to-settle-false-claims-act-allegations_36fd60874f30.pdf,2026-01-28,"U.S. Attorney's Office, Middle District of Pennsylvania",2020-12 to 2023-05,Scranton Heart Institute (cardiology practice),Pennsylvania - Lackawanna County (Scranton),Medicare,,48709.0,,kickback_Bribery For Referral,kickback_Bribery For Referral,civil settlement,"SHI allegedly accepted remuneration from a mobile PET scan company - substantial hourly payments labeled as professional supervision fees plus the ability to bill and keep the Medicare professional component for the mobile imaging - to induce referral of its Medicare patients for PET scans, making the resulting claims false under the Anti-Kickback Statute and the physician self-referral (Stark) law."
sdtx-recovers-nearly-150-million-for-victims-and-the-american-taxpayer-in-2025_5344ec3bd741.pdf,2026-02-02,"U.S. Attorney's Office, Southern District of Texas",,Emylee Thai (owner/operator of genetic testing laboratory); David Jenson (podiatrist); Nestor Rafael Romero Magallanes (self-proclaimed CEO of a local medical clinic),Texas - Southern District of Texas (Houston); Texas - Spring,Medicare,90000000.0,5000000.0,,Phantom Claims,Phantom Claims; Falsify certificate; kickback_Bribery For Referral; FakeEncounter,other,"Annual district collections release describing two health care fraud matters: Emylee Thai allegedly owned a lab that billed Medicare for medically unnecessary genetic testing induced by kickbacks, with false dates of service and diagnosis codes to inflate reimbursement (she fled the country; a civil forfeiture default judgment forfeited about $5 million in real property), and David Jenson and Nestor Rafael Romero Magallanes allegedly billed Medicare about $90 million for skin substitute products for patients with no qualifying wounds, falsifying medical records to support the claims, with roughly $83 million in alleged proceeds (nearly $70 million in cryptocurrency) seized and subject to pending forfeiture."
sea-box-inc-agrees-to-pay-2-6-million-to-settle-claims-it-used-foreign-flagged-vessels-to-transport-shipping-c_dd4dfb7944c1.pdf,2026-02-23,"U.S. Attorney's Office, District of New Jersey",2017 to 2021,"SEA BOX, Inc. (shipping container designer/manufacturer, government contractor)",New Jersey - Cinnaminson,,,2600000.0,,other,Government procurement contract violation (False Claims Act),civil settlement,"Under approximately 35 Defense Logistics Agency contracts to supply ISO shipping containers to the Army and Air Force, Sea Box shipped the containers on cheaper foreign-flagged vessels in violation of the Cargo Preference Act and contract terms, lowering its bid costs and undercutting compliant competitors, then gave military authorities inaccurate and misleading information when questioned; it agreed to pay $2.6 million plus interest over three years under the civil False Claims Act. Not a health care payer case."
settlement-for-1-7-million-with-former-physician-don-j-wagoner-and-his-business-entity-for-fraudulently-billin_ef2f67b37b5d.pdf,2026-01-28,"U.S. Attorney's Office, Northern District of Indiana",2011 to 2013,"Don J. Wagoner (former physician, sole owner); Wagoner Medical Center, L.L.C.",Indiana - Burlington,Indiana Medicaid,1000000.0,1700000.0,,Unbundling,Unbundling; Falsify certificate,civil settlement,"Patients seeking opioid prescriptions were required to give a single urine sample, which was tested once with a roughly $10 multiplexed screening kit covering nine or more drug classes; defendants then billed Indiana Medicaid $171.27 or more per patient by falsely certifying that nine or more separate samples had been collected and analyzed, instead of the allowed $20.83, across over 5,000 claims for nearly $1 million in overpayments, resolved by a False Claims Act settlement of nearly $1.7 million."
seven-people-sentenced-to-prison-for-their-roles-in-31m-coupon-fraud-scheme_de22ee8c349c.pdf,2026-06-16,"U.S. Attorney's Office, Eastern District of Virginia",2017-04 to 2020-05,"Lori Ann Talens (creator/seller of counterfeit coupons); Pacifico Talens Jr. (husband, assisted and profited); Sherise Williams (bulk purchaser); Amber Lynn Teague, aka Amber Johnson (purchaser); Jennifer Irene Snyder (purchaser); Melissa Kay Apodaca (purchaser); Cindi Suzette Swindle (purchaser)",Virginia - Virginia Beach,,31817997.0,,144,Counterfeit coupon fraud,Counterfeit coupon fraud,sentenced,"Lori Ann Talens designed and printed counterfeit manufacturer coupons, often with inflated values, at her Virginia Beach home and sold them in bulk via social media and apps to coupon enthusiasts (customers received about $50 in counterfeit coupons per $1 paid), causing roughly $31.8 million in losses to retailers and manufacturers; her husband assisted and profited. Seven defendants were sentenced (longest 12 years for Lori Ann Talens; Williams' purchases alone caused an estimated $991,067 loss), and Lori Ann Talens also pleaded guilty to wire fraud and health care fraud for a separate, unspecified scheme."
shelby-township-resident-sentenced-for-multi-million-dollar-pandemic-assistance-fraud-scheme_ab8f7fb406a5.pdf,2026-02-13,"U.S. Attorney's Office, Eastern District of Michigan",,"Samer Kammo; Rita Shaba (co-defendant); Christina Anasi (Kammo's wife, awaiting sentencing)",Michigan - Shelby Township (Detroit area),,2500000.0,2493348.0,36,PPP loan fraud,PPP loan fraud; Falsify certificate; other,sentenced,"Kammo and co-conspirators submitted fraudulent Paycheck Protection Program loan applications for several business entities, misrepresenting payroll information, falsely certifying permissible use of funds, and supporting the applications with fictitious payroll, health insurance, bank and tax records; they also misused personal identifying information of Kammo's family members. Kammo and family received nearly $2.5 million in PPP funds; he received 36 months and $2,493,348.50 restitution, while co-defendant Rita Shaba received 27 months."
six-individuals-including-a-pharmacist-and-doctor-charged-in-connection-with-20-million-healthcare-fraud-and-k_39e07790a74f.pdf,2026-07-09,"U.S. Attorney's Office, District of New Jersey",2022-10 to 2025-11,"Sherif Elmasri (pharmacy owner/pharmacist); Boris Veysman (emergency medicine doctor); Stephanie Cupo (employee of Veysman, prior authorizations); Nikki Steidle (advanced practice nurse); Janet Tadros (office manager of neurology practice); Ashlee Maixner (advanced practice nurse)","New Jersey - Monmouth County (Morganville, Freehold); New Jersey - Middlesex County (South Plainfield); New Jersey - Ocean County (Toms River, Lakehurst); New Jersey - Hudson County (Union City, Jersey City)",Medicare; Medicaid,20684264.0,,,kickback_Bribery For Referral,kickback_Bribery For Referral; FakeEncounter; Falsify certificate; Phantom Claims,pleaded guilty,"Pharmacy owner Elmasri paid cash kickbacks to a doctor, nurse practitioners and a neurology office manager to issue medically unnecessary prescriptions for high-reimbursement medications he selected, which his pharmacies then billed to Medicare and Medicaid; some prescriptions were issued without examining patients or without the prescriber's knowledge, and an employee submitted prior authorizations containing false information to get them approved. Five of the six defendants pleaded guilty; Maixner was indicted and pleaded not guilty."
six-sentenced-in-healthcare-fraud-conspiracy-that-stole-10-million-from-medicaid-over-six-year-period_b6c124cc19a9.pdf,2026-03-17,"U.S. Attorney's Office, Western District of Virginia",2017 to 2023,"Carolyn Bryant-Taylor (owner, 1st Adult N Pediatric Healthcare Services); Kafomdi Josephine Okocha (owner); Samuel Okocha (owner); Shekita Gore (director of nursing); Eno Utuk (nurse/personal care employee); Elizabeth Ilome (nurse/personal care employee); 1st Adult N Pediatric Healthcare Services (home health agency)",Virginia - Western District of Virginia (Lynchburg),Medicaid (Virginia Medicaid),10000000.0,10000000.0,120,Phantom Claims,Phantom Claims; Falsify certificate; Upcoding; kickback_Bribery For Referral,sentenced,"Owners and staff of a Medicaid-enrolled home health agency billed Virginia Medicaid for private duty nursing, personal care and respite services that were never provided or were billed in excess of services actually rendered, supporting the claims with falsified records; two owners paid parents/guardians of patients for blank, pre-signed nursing notes that were then filled out to justify billing. Six defendants sentenced (longest 120 months) with $10 million total restitution ordered."
slidell-chiropractor-sentenced-for-health-care-fraud_837ea66f4976.pdf,2026-01-28,"U.S. Attorney's Office, Eastern District of Louisiana",2022-11 to 2023-05,"John Dennis Michael Peyroux (chiropractor, clinic owner); Steven D. Peyroux (brother, co-conspirator)",Louisiana - St. Tammany Parish (Slidell),Medicare,3300000.0,4212761.0,12,Phantom Claims,Phantom Claims; Falsify certificate; FakeEncounter,sentenced,"Peyroux bought Medicare beneficiary identifiers and fabricated audio recordings of people posing as beneficiaries 'requesting' over-the-counter COVID-19 test kits, then billed Medicare through his chiropractic clinic for kits that were never requested, including for beneficiaries who were deceased or in hospice/inpatient care and thus ineligible; he also misappropriated a former nurse practitioner's credentials to list her falsely as the referring provider. He billed about $3.3 million in roughly six months and was reimbursed about $3.2 million; restitution of $3,212,761.44 was ordered plus over $1 million forfeited from his bank accounts. His brother Steven D. Peyroux pleaded guilty and awaits sentencing."
slidell-doctor-sentenced-for-6-6-million-in-health-care-fraud_81f5e2f5095f.pdf,2026-04-10,"U.S. Attorney's Office, Eastern District of Louisiana",2019-02 to 2019-09,"Robert Tassin, M.D. (physician working for purported telemedicine companies)",Louisiana - Slidell (St. Tammany Parish); New Orleans,Medicare,6600000.0,2150399.0,,Falsify certificate,Falsify certificate; kickback_Bribery For Referral; FakeEncounter,sentenced,"Working for purported telemedicine companies, Tassin signed doctors' orders for cancer genetic (CGx) tests for Medicare beneficiaries he never saw, spoke to, or treated, falsely certifying in medical records that the tests were medically necessary; he was paid a set fee (typically $30) per order, and the orders generated over $6.6 million in claims to Medicare, of which over $2 million was paid. Sentenced to three years probation (first 12 months home confinement), $2,043,542.23 restitution and $106,757 forfeiture."
south-carolina-laboratory-pleads-guilty-and-agrees-to-pay-at-least-6-8m-to-settle-allegations-of-kickbacks-to-_b3b8e46ccd98.pdf,2026-01-07,"U.S. Department of Justice, Civil Division and U.S. Attorney's Office, District of South Carolina",2016-09 to 2021-11,"LTD Holding LLC, formerly known as Labtech Diagnostics LLC (clinical laboratory); Joseph Labash (founder and CEO)",South Carolina - Anderson County (Anderson); North Carolina - Mecklenburg County (Charlotte); North Carolina - Rowan County (Landis),Medicare; Medicaid; TRICARE,,6903552.0,,kickback_Bribery For Referral,kickback_Bribery For Referral; Falsify certificate,pleaded guilty,"Labtech and its CEO allegedly paid doctors five types of kickbacks - disguised as office space rent, phlebotomy and toxicology payments, an inflated purchase price for used lab equipment from a Charlotte physician practice, and free drug-screen services/supplies to a Landis pain practice - to induce referrals of laboratory testing billed to federal health care programs, concealing the payments via hand-delivered money orders, sham contracts, and falsified square footage and hours on 'fraud and abuse' certification forms. Labtech pleaded guilty to five Anti-Kickback counts and will pay $103,551.90 restitution, while Labtech and Labash jointly agreed to a $6.8 million civil FCA settlement (plus up to $3,271,536 more contingently); total DOJ recoveries relating to Labtech, including nine doctors, exceed $11.5 million, with the relator receiving $1.36 million."
south-carolina-man-and-coal-mine-owner-sentenced-for-tax-fraud_81705c071355.pdf,2026-02-05,"U.S. Attorney's Office, Eastern District of Kentucky",2019-10 to 2025-03,John Quintrell (sole owner of Civil LLC); Civil LLC (mining business),Kentucky - Harlan County,,22146389.0,22146389.0,48,Payroll tax fraud,Payroll tax fraud,sentenced,"Quintrell, sole owner of coal mining company Civil LLC, withheld federal income and FICA (Medicare/Social Security) taxes from employee paychecks but willfully failed to account for and pay over approximately $22.1 million, including the employer's share of payroll taxes, to the IRS; no health care payer was billed."
south-dakota-man-pleads-guilty-to-aggravated-identity-theft-and-obtaining-drugs-by-fraud_67cccd4e82ad.pdf,2026-07-02,"U.S. Attorney's Office, District of Delaware",,Ty Mauldin (medical biller and credentialer),Delaware,Medicaid (Delaware); private health insurer (unnamed),,,,Falsify certificate,Falsify certificate; FakeEncounter; Identity theft to divert controlled substances,pleaded guilty,"Mauldin used his job access as a medical biller/credentialer to steal medical professionals' licensure information and order thousands of opioid pills for himself from wholesale pharmaceutical suppliers; he also falsified his own electronic medical records to pose as a cancer patient and obtain pain management services (intrathecal pain pump, opioid prescriptions) paid by his private insurer, and falsely held himself out as a licensed nurse to perform Transcranial Magnetic Stimulation therapy on patients that was then billed to Medicaid."
south-texas-doctors-agree-to-pay-nearly-5-million-to-settle-false-claims-act-liability_cd0a36898e34.pdf,2026-02-25,"U.S. Attorney's Office, Southern District of Texas",2020-01 to 2023-05,"Javier Cabello (doctor/owner); Ammar Halloum (doctor/owner); Jamil Madi (doctor/owner); Jairo Rodriguez (doctor/owner); Ricardo Schwarcz (doctor/owner); Stanley Sy (doctor/owner); Benchmark Inpatient Services PLLC dba Beyond Inpatient Services; Brownsville Pulmonary Center, P.A. dba Benchmark Pulmonary Center","Texas - Cameron County (Harlingen, Brownsville, San Benito, Olmito, Rancho Viejo); Texas - Hidalgo County (Weslaco, Pharr)",Medicare; Medicaid (Texas); TRICARE,,4855844.0,,FakeEncounter,FakeEncounter; Phantom Claims; Upcoding,civil settlement,"Six doctors and their inpatient and pulmonary practices allegedly billed Medicare, Medicaid and TRICARE for critical care services on stable patients, unnecessary follow-up visits, or visits never performed, and billed routine or never-performed pulmonary function testing not supported by medical records; the group collectively agreed to pay $4,855,844 to resolve the qui tam False Claims Act allegations."
southern-district-of-iowa-announces-cases-related-to-the-2026-national-health-care-fraud-takedown_9ebdc0673c6a.pdf,2026-06-29,"U.S. Attorney's Office, Southern District of Iowa",2016-04 to 2022-03,"Eugene J. Cherny (plastic surgeon); Heartland Plastic & Reconstructive Surgery, P.C.; Genesis Health System; Mercy Health Network, Inc.; Trinity Health Corporation",Iowa - Polk County (Des Moines); Iowa - Scott County (Davenport),Medicare,2000000.0,4643128.0,,Falsify certificate,Falsify certificate; FakeEncounter,civil settlement,"Two Southern District of Iowa matters announced in the 2026 national takedown: (1) a civil False Claims Act complaint alleging Dr. Eugene Cherny and his practice obtained dual invoices from a skin-substitute distributor and submitted only the artificially inflated 'list price' invoice to a Medicare contractor, resulting in more than $2 million in federal health program payments; and (2) a $4,643,128 settlement, following voluntary self-disclosure, with Genesis Health System, Mercy Health Network and Trinity Health over Genesis's overuse and consequent over-billing of the Impella heart pump device from April 2016 to March 2022."
st-louis-county-home-healthcare-company-owner-associates-accused-of-1-46-million-fraud_b7fd6865df0e.pdf,2026-02-17,"U.S. Attorney's Office, Eastern District of Missouri",2020-07 to 2026-02,Daniell Green (owner/operator of A&L Angels Home Healthcare Services LLC); Dejuan Bingham; Kimberly Diazascencio; Thomas Keith; A&L Angels Home Healthcare Services LLC,Missouri - St. Louis County (Bridgeton),Missouri Medicaid,1460000.0,,,Phantom Claims,Phantom Claims; Falsify certificate; FakeEncounter,charged,"Indictment alleges the owner of a Bridgeton home health company and her associates billed Missouri Medicaid $1.46 million using fabricated timesheets for home health services never rendered - including on dates patients were hospitalized or when listed workers were working elsewhere - and recruited Medicaid patients to lend their names to false claims; the owner also allegedly submitted a false participation agreement claiming providers were on the Family Care Safety Registry and background-checked, concealing a co-defendant's felony conviction, with proceeds spent on vacations and luxury goods."
st-margarets-center-pays-1-3-million-under-the-false-claims-act_b4d98b818391.pdf,2026-02-12,"U.S. Attorney's Office, Northern District of New York",2018-01 to 2023-12,"Center for Disability Services Holding Corporation, d/b/a St. Margaret's Center (skilled nursing facility)",New York - Albany County (Albany),Medicaid (New York State Medicaid); Medicare,,1300000.0,,Falsify certificate,Falsify certificate; other,civil settlement,"A skilled nursing facility caring for medically fragile children billed federal and state Medicaid for care alleged to be grossly substandard and therefore worthless (insufficient nursing staff, medication errors, deficient respiratory/tracheostomy care), and annually falsely certified as a condition of payment that it had adopted and implemented an effective quality-of-care compliance program; resolved for $1.3 million plus a five-year HHS-OIG Corporate Integrity Agreement following a qui tam suit by two former employees who receive about $247,000."
stern-therapy-consultants-agrees-to-pay-315-000-to-settle-allegations-of-causing-false-claims-to-medicare_c13603bbf15f.pdf,2026-03-04,"U.S. Attorney's Office, District of Massachusetts",2017-01 to 2019-09,"Stern Therapy Consultants (long-term care therapy provider); RegalCare Management Group, LLC and RegalCare Management 2.0 (skilled nursing facility operator, case ongoing); Eliyahu Mirlis (RegalCare owner, case ongoing); Hector Caraballo (RegalCare executive, case ongoing)",Massachusetts,Medicare,,315000.0,,FakeEncounter,FakeEncounter; Falsify certificate,civil settlement,"Stern's therapists delivered Ultra High RUG skilled nursing facility rehabilitation therapy - the highest-reimbursing tier - to RegalCare's Medicare patients after documenting that therapy should stop and after patients said they were unable or refused to perform it, causing RegalCare to bill Medicare for medically unnecessary services; a Stern Senior Regional Director with no clinical license also certified that a terminated employee had performed Ultra High RUG therapy for a patient without confirming the services occurred, to justify billing. Stern paid $315,000 (relator share $61,875) to settle; claims against RegalCare, Mirlis and Caraballo remain pending."
suburban-chicago-chiropractor-convicted-of-healthcare-fraud_75dcf626805a.pdf,2026-06-18,"U.S. Attorney's Office, Northern District of Illinois",2016 to 2019,"Seung Han Lim (chiropractor, owner of Movement Health and Rehab, aka Motu Chiropractic and Motu Chiromassage); Movement Health and Rehab",Illinois - Lake County (Libertyville),Blue Cross Blue Shield of Illinois,600000.0,,,Phantom Claims,Phantom Claims; Falsify certificate,convicted at trial,"Chiropractor billed Blue Cross Blue Shield of Illinois more than $600,000 for chiropractic services never rendered, including claims for dates when he or the patient were out of state and claims for services purportedly provided by another chiropractor to Lim and his own family; when the insurer audited, he created and submitted false patient medical records to support the bogus claims."
suspected-dominican-national-charged-with-possession-with-intent-to-distribute-fentanyl-analog-healthcare-bene_7bfccc0caf82.pdf,2026-07-10,"U.S. Attorney's Office, District of Massachusetts",,"John Doe (suspected Dominican national, unlawfully residing in Boston; true identity unknown)",Massachusetts - Suffolk County (Boston),Medicaid (MassHealth),30000.0,,,Falsify certificate,Falsify certificate; Ineligible beneficiary enrollment; other,charged,"Defendant allegedly used a U.S. citizen's stolen identity and Social Security number, falsely representing himself as a U.S. citizen in a MassHealth healthcare benefits application and supporting sworn affidavit, thereby obtaining over $30,000 in MassHealth (Massachusetts Medicaid) benefits for which he was ineligible; he was also charged with possession with intent to distribute a fentanyl analogue and aggravated identity theft."
syracuse-area-man-pleads-guilty-to-operating-kickback-scheme-involving-medicare-and-medicaid_aea3ecd530fd.pdf,2026-01-27,"U.S. Attorney's Office, Western District of New York",2017-02 to 2018-09,"Timothy Klein (operator of JRS Group, LLC); JRS Group, LLC",New York - Onondaga County (Fayetteville/Syracuse area),Medicare; Medicare Part D drug plan sponsors; Medicaid,,,,kickback_Bribery For Referral,kickback_Bribery For Referral; FakeEncounter; Falsify certificate,pleaded guilty,"Klein, through JRS Group, paid kickbacks to insurance brokers who recruited Medicare beneficiaries for 'no cost' prescription drugs, paid Advanced Telehealth for doctors to conduct telemedicine visits and sign prescriptions Klein had preselected/pre-filled, then collected per-prescription payments from ProRX and SunRise Pharmacy (e.g., a $95,479.05 check from ProRx on Sept. 17, 2018) for medically unnecessary drugs billed to Medicare Part D."
takeda-agrees-to-pay-13-6m-to-resolve-false-claims-allegations-relating-to-improper-payments-to-physicians_5de8d8cb4cfe.pdf,2026-05-14,"U.S. Department of Justice, Civil Division and U.S. Attorney's Office, Eastern District of California",2014-01 to 2020-10,"Takeda Pharmaceuticals, U.S.A. Inc. (drug manufacturer)",,Medicare; TRICARE; other federal health care programs,,13670921.0,,kickback_Bribery For Referral,kickback_Bribery For Referral,civil settlement,"Takeda allegedly paid healthcare providers speaker-bureau honoraria and high-end restaurant meals - including for duplicate programs on the same topic with no educational benefit - to induce them to prescribe the antidepressant Trintellix, causing false claims for those prescriptions to be submitted to Medicare and other federal health care programs; resolved for $13,670,921."
takeda-pharmaceuticals-agrees-to-pay-13-6-million-to-resolve-false-claims-allegations-relating-to-improper-pay_55835c94acc3.pdf,2026-05-14,"U.S. Attorney's Office, Eastern District of California",2014-01 to 2020-10,"Takeda Pharmaceuticals, U.S.A., Inc. (pharmaceutical manufacturer)",California - Sacramento County (Sacramento),Medicare; other federal health care programs,,13670921.0,,kickback_Bribery For Referral,kickback_Bribery For Referral,civil settlement,"Takeda allegedly paid healthcare providers speaker-bureau honoraria and high-end restaurant meals to induce them to prescribe the antidepressant Trintellix, including paying prescribers to attend duplicative speaker programs with no educational value, thereby causing false claims for the drug to be submitted to Medicare and other federal health care programs."
team-rehab-physical-therapy-agrees-to-pay-nearly-5-million-to-resolve-false-claims-act-allegations-related-to-_46bc0eba1110.pdf,2026-03-25,"U.S. Attorney's Office, Eastern District of Michigan",2018-01 to 2024-12,"Team Rehabilitation Services, LLC (""Team Rehab"") (operator of approximately 140 physical therapy clinics)",Michigan; Illinois; Indiana; Wisconsin; Georgia,Medicare; Medicaid; TRICARE; Federal Employees Health Benefits Program (FEHBP); U.S. Department of Veterans Affairs,,4969494.0,,Upcoding,Upcoding,civil settlement,"Team Rehab billed federal health care programs using time-based CPT codes reserved for one-to-one physical therapy, when the therapy was actually delivered in a group setting without sufficient direct one-on-one patient contact, thereby collecting higher payment than warranted. Resolved for $4,969,494 following a qui tam suit; the whistleblower receives $919,356."
telemedicine-company-owner-pleads-guilty-to-46m-medicare-fraud-scheme_a500b00aa9e2.pdf,2026-03-27,"U.S. Department of Justice, Criminal Division, Fraud Section (Office of Public Affairs)",,Christopher Harwood (owner/operator of telemedicine company TelevisitMD and multiple Florida DME supply companies),Florida - Broward County (Fort Lauderdale),Medicare,46200000.0,17900000.0,,kickback_Bribery For Referral,kickback_Bribery For Referral; FakeEncounter; Falsify certificate,pleaded guilty,"Harwood used telemarketing to recruit Medicare beneficiaries for unnecessary orthotic braces and genetic tests, paid doctors through his telemedicine company TelevisitMD to sign orders without legitimate patient relationships or compliant telehealth visits, then sold the signed orders to DME suppliers, labs and marketers and also billed Medicare through his own Florida DME companies; $46.2 million in false claims were submitted, Medicare paid $17.9 million and Harwood personally received over $10.4 million."
telemedicine-company-owner-sentenced-to-7-years-in-prison-for-56m-medicare-fraud-scheme_7e9d68868ccc.pdf,2026-02-26,"U.S. Department of Justice, Criminal Division, Fraud Section",2017 to 2019,Reinaldo Wilson (owner of two telemedicine companies),New Jersey - Bayonne (Hudson County),Medicare,56000000.0,27900000.0,84,kickback_Bribery For Referral,kickback_Bribery For Referral; FakeEncounter; Falsify certificate,sentenced,"Wilson used two New Jersey telemedicine companies to pay kickbacks to medical providers to sign orders for medically unnecessary orthotic braces for Medicare beneficiaries, then sold the signed orders to marketing companies that resold them to DME brace suppliers, which billed Medicare over $56 million (Medicare paid $27.9 million); he also set up a new telemedicine company in a church member's name using $20,000 from her to conceal the scheme."
texas-doctor-charged-with-illegally-distributing-millions-of-opioid-pills_88d5929d9592.pdf,2026-04-02,"U.S. Department of Justice, Criminal Division, Fraud Section; Southern District of Texas",,"James Robles (medical doctor, owner/operator of cash-only Houston clinic)",Texas - Harris County (Houston),,2000000.0,,,FakeEncounter,FakeEncounter; other,charged,"Robles allegedly ran a cash-only Houston clinic selling prescriptions for oxycodone, hydrocodone and carisoprodol to 'crew leaders' who recruited people to pose as patients; he often prescribed without seeing or examining them, and the pills (approx. 2.9M hydrocodone, 1.3M oxycodone, 1.1M carisoprodol over four years) were filled at complicit pharmacies and resold on the black market, with more than $2 million in cash deposited into his accounts."
texas-doctor-sentenced-to-8-5-years-in-prison-for-145-million-health-care-fraud-scheme_0ff0b0a73598.pdf,2026-02-24,"U.S. Department of Justice, Criminal Division, Fraud Section; U.S. District Court for the Northern District of Texas",2014-05 to 2017-03,"Michael Taba (orthopedic surgeon); co-defendant pharmacy owners (owners/operators of three pharmacies in Fort Worth and Arlington, Texas)","Texas - Tarrant County (Fort Worth, Arlington); Texas - Collin County (McKinney)",U.S. Department of Labor Office of Workers' Compensation Programs (DOL-OWCP); Blue Cross Blue Shield,145000000.0,13000000.0,102,kickback_Bribery For Referral,kickback_Bribery For Referral; FakeEncounter; other,sentenced,"Pharmacy owners paid Dr. Taba and other doctors millions in bribes to write prescriptions for medically unnecessary compound creams for injured federal workers; the creams were mixed by untrained teenagers in pharmacy back rooms at about $15 per prescription and billed to DOL-OWCP and Blue Cross Blue Shield for as much as $16,000 each, totaling over $145 million billed and more than $90 million paid. Taba was convicted at trial and sentenced to 102 months with over $13 million restitution."
texas-fugitive-apprehended-and-sentenced-to-over-12-years-in-prison-for-61m-telemarketing-fraud-scheme-targeti_c761942da601.pdf,2026-03-27,"U.S. Department of Justice, Criminal Division, Fraud Section (Health Care Fraud Strike Force)",,"Robert ""Bobby"" Leon Smith III (owner/operator of seven durable medical equipment supply companies and a marketing company)",Texas - Archer City (Archer County); Florida; Maryland,Medicare,61500000.0,39373833.0,150,FakeEncounter,FakeEncounter; kickback_Bribery For Referral; Falsify certificate; other,sentenced,"Smith used a Texas marketing company and an offshore call center in the Philippines to pressure Medicare beneficiaries nationwide into accepting medically unnecessary orthotic braces, foot baths, and genetic tests; he paid kickbacks to illegitimate telemedicine companies for doctors' orders (later using forged physician signatures), billed Medicare through his seven DME companies, and sold surplus orders to other suppliers who he knew would submit false claims, totaling $61.5 million."
texas-laboratory-former-ceo-and-florida-businessman-pay-36-4-million-to-settle-health-care-fraud-allegations_5337818d64d8.pdf,2026-07-30,"U.S. Attorney's Office, Northern District of Georgia",2018-01 to 2020-01,"Access DX Laboratory (Houston, Texas laboratory); Michael Stewart (former CEO); Harold Shatz (Florida businessman)",Texas - Harris County (Houston); Florida; Georgia,Medicare; Medicaid,,36400000.0,,kickback_Bribery For Referral,kickback_Bribery For Referral; FakeEncounter; Unbundling; Falsify certificate,civil settlement,"Access DX, a Houston lab, together with its CEO and a Florida businessman, allegedly paid kickbacks to marketers for referrals of Medicare and Medicaid beneficiaries for genetic testing, paid telemedicine providers for false doctors' orders, unbundled genetic testing billing codes, and billed for medically unnecessary genetic tests; the $36.4 million civil FCA settlement is combined across the lab and the two individuals, who also pleaded guilty criminally in the Southern District of Texas, and includes a $7.2 million whistleblower share."
texas-laboratory-former-ceo-and-florida-businessman-pay-a-total-of-36-4m-to-settle-allegations-of-kickbacks-an_8fcb171a2b84.pdf,2026-07-30,"U.S. Department of Justice, Civil Division, Commercial Litigation Branch, Fraud Section; U.S. Attorney's Office, Northern District of Georgia",2018-01 to 2020-01,"Access DX Laboratory (Houston, Texas clinical laboratory); Michael Stewart (former CEO of Access DX); Harold Shatz (Florida businessman)",Texas - Harris County (Houston),Medicare; Medicaid,,36400000.0,,kickback_Bribery For Referral,kickback_Bribery For Referral; FakeEncounter; Unbundling; Falsify certificate,civil settlement,"Access DX, its former CEO and a Florida businessman allegedly paid kickbacks to marketers for referrals of Medicare/Medicaid beneficiaries for genetic testing, paid telemedicine providers to generate false doctors' orders for medically unnecessary tests, and unbundled genetic testing billing codes to increase reimbursement; the three defendants together paid $36.4 million to resolve FCA claims (whistleblower receiving $7.2 million), with both individuals also agreeing to plead guilty to conspiracy under 18 U.S.C. § 371."
the-district-of-new-hampshire-and-the-new-england-strike-force-charges-money-laundering-operation-tied-to-near_03ecd1db66ab.pdf,2026-06-25,"U.S. Attorney's Office, District of New Hampshire (with the New England Strike Force)",,"Kakha Bendeliani (alleged associate of Transnational Criminal Organization, money laundering); Goga Danelia (alleged associate of Transnational Criminal Organization, money laundering); Centennial Med Supply LLC (fraudulent DME company linked to the defendants)",New Hampshire; New England and nationwide,Medicare; Medicare Supplemental Insurers; private health insurance companies,3000000000.0,,,Phantom Claims,Phantom Claims; Money laundering of proceeds; Falsify certificate,charged,"A Russia-based transnational criminal organization allegedly used stolen identities of Medicare beneficiaries and doctors to submit nearly $3 billion in claims for durable medical equipment (e.g., catheters) that was never prescribed or delivered, with Medicare and supplemental insurers paying at least about $12.5 million to Centennial Med Supply LLC. Bendeliani and Danelia are charged with conspiring to launder the proceeds by using nominee owners with false sale and corporate registration documents to open bank accounts, then funneling the fraud payments through shell companies to overseas banks."
the-fraud-division-announces-enforcement-actions-from-across-the-country-representing-nearly-1-billion-in-frau_dd8c559b09ca.pdf,2026-05-08,"U.S. Department of Justice, National Fraud Enforcement Division (Office of Public Affairs)",,"Unnamed defendants in multiple cases, including two men convicted in a genetic testing scheme; a former NFL player; an optometric physician (Tennessee practice owner); a pharmacy technician (Michigan); a behavioral health biller (Oklahoma City); tax preparers (Florida and California); four defendants including two former U.S. Postal Service employees",Pennsylvania (Middle District); Florida (South Florida; Jacksonville); Michigan; Tennessee; Oklahoma - Oklahoma City; California; New York,Medicare; Medicaid; private health insurance companies; Civilian Health and Medical Program of the Department of Veterans Affairs (CHAMPVA); U.S. Department of Veterans Affairs; workers' compensation insurers,1000000000.0,127103646.0,192,FakeEncounter,FakeEncounter; Phantom Claims; other,other,"Roundup press release summarizing multiple unrelated enforcement actions totaling nearly $1 billion. Health care items include over $522 million in claims to Medicare, Medicaid and private insurers for medically unnecessary genetic tests (151- and 36-month sentences); a nearly $200 million Medicare/CHAMPVA conspiracy by a former NFL player (over 16 years in prison, $110 million restitution and about $17 million forfeiture); a Tennessee optometric physician billing Medicare $6.9 million for wound care products never purchased or used; a Michigan pharmacy technician billing Medicare/Medicaid $5.6 million for prescriptions never dispensed while selling oxycodone prescriptions for cash; and an Oklahoma City defendant sentenced to 20 months for $1.1 million in false private-insurance claims for behavioral health counseling sessions purportedly given to family members. Figures span multiple defendants and separate cases."
the-fraud-division-launches-west-coast-strike-force-to-target-health-care-fraud-schemes-across-arizona-nevada-_e1ca1238cb6c.pdf,2026-04-30,"U.S. Department of Justice, National Fraud Enforcement Division (Health Care Fraud Section), with the U.S. Attorney's Offices for the District of Arizona, District of Nevada, and Northern District of California",,"Gehrke and King (wound graft company owners, D. Ariz.); Ali (owner of a Pakistan-based medical billing company, D. Ariz.); Schena (president of a Silicon Valley medical technology company, N.D. Cal.); unnamed CEO and Chief Medical Officer of a digital health technology company (N.D. Cal.)",Arizona; Nevada; California - Northern District (San Francisco),Medicare; Medicaid (Arizona Medicaid); TRICARE; private insurers,,126000000.0,186,other,other; FakeEncounter; kickback_Bribery For Referral; Phantom Claims,other,"Announcement of the launch of the West Coast Health Care Fraud Strike Force rather than a single prosecution; it recaps prior matters spanning multiple defendants: a $1.2 billion wound graft billing scheme against Medicare and Medicaid (Gehrke and King, sentenced to 15.5 and 14 years, $126 million in cash, luxury vehicles and gold bars seized), an indicted Pakistan-based biller alleged to have exploited substance abuse patients at over 41 clinics to bill Arizona Medicaid more than $650 million, Schena's COVID-19 testing securities/kickback case (8-year sentence), and a digital health company CEO/CMO convicted of a $100 million scheme tied to internet Adderall prescribing."
the-senate-confirms-brian-d-miller-as-united-states-attorney-for-the-middle-district-of-pennsylvania_bb6d3f3762d7.pdf,2026-05-19,"U.S. Attorney's Office, Middle District of Pennsylvania",,,,,,,,other,other,other,"Not a fraud case: this press release announces the Senate confirmation of Brian D. Miller as United States Attorney for the Middle District of Pennsylvania and summarizes his career, which included service as Special Counsel on Health Care Fraud. No fraud scheme, defendant, or loss amount is described."
this-week-in-fraud-dojs-new-fraud-division-announces-numerous-fraud-enforcement-actions-and-a-new-strike-force_2bf2d6768a4b.pdf,2026-05-01,"U.S. Department of Justice, National Fraud Enforcement Division (Office of Public Affairs); seizure authorized by federal court in Los Angeles",2025-09 to 2026-04,Unnamed Michigan pharmacy technician; Expert Wound Care PC (California-based clinic),Michigan; California - Los Angeles,Medicare; Medicaid; private insurers,46600000.0,2000000.0,,Phantom Claims,Phantom Claims; other,pleaded guilty,"Figures span two separate health care matters in a DOJ weekly roundup: a Michigan pharmacy technician pleaded guilty to a $5.6 million scheme billing Medicare, Medicaid and private insurers for prescription drugs he never dispensed and to illegally supplying oxycodone prescriptions to drug traffickers for cash; and Expert Wound Care PC, a California clinic, submitted over $46.6 million in Medicare claims (about $34 million paid) for skin graft substitutes and services never provided, leading to a court-authorized seizure of roughly $2 million."
this-week-in-fraud-the-fraud-division-announced-expansion-of-midwest-task-force-and-authorization-to-hire-15-n_5b5363e95768.pdf,2026-05-22,"U.S. Department of Justice, National Fraud Enforcement Division (with U.S. Attorney Daniel Rosen, Minnesota)",,15 unnamed defendants charged in Minnesota Medicaid fraud schemes,Minnesota,Medicaid (Minnesota); federal benefit programs,90000000.0,,,other,other,charged,"DOJ announced charges against 15 defendants who allegedly participated in various schemes to defraud federal benefit programs, principally Medicaid, totaling over $90 million in intended loss, including what the Department described as the two largest Medicaid fraud cases ever charged in Minnesota and first-of-their-kind charges involving certain Medicaid programs; the document does not describe the billing mechanics."
three-affiliated-skilled-nursing-facilities-to-pay-300-000-to-resolve-false-claims-act-allegations-related-to-_16994f6ebac6.pdf,2026-05-08,"U.S. Department of Justice — Civil Division; U.S. Attorney's Office, Northern District of Illinois",2014-01 to 2019-09,Symphony Jackson Square LLC d/b/a Symphony of Chicago West (skilled nursing facility); Symphony Park South LLC d/b/a Symphony of Morgan Park (skilled nursing facility); Symphony Midway LLC (skilled nursing facility),Illinois - Cook County (Chicago),Medicare,,300000.0,,FakeEncounter,FakeEncounter; Upcoding,civil settlement,"Three affiliated Illinois skilled nursing facilities allegedly billed Medicare for physical, occupational and speech therapy provided for longer than medically necessary and without regard to individual patient needs, inflating patients' resource utilization group (RUG) levels to obtain higher per-week reimbursement; they agreed to pay $300,000 (ability-to-pay based), with $45,000 to the qui tam relator Integra Med Analytics LLC."
three-former-employees-of-the-psychiatric-institute-of-washington-indicted-for-criminal-negligence-in-the-deat_df81744eabab.pdf,2026-04-08,"U.S. Attorney's Office, District of Columbia; Superior Court of the District of Columbia",,"Nelson Kuma (psychiatric counselor, Psychiatric Institute of Washington); Richard Hounnou (psychiatric counselor, Psychiatric Institute of Washington); Norma Munoz-Bent (registered nurse, Psychiatric Institute of Washington)","District of Columbia - Washington, D.C.",,,,,Patient neglect resulting in death,Patient neglect resulting in death,charged,"Not a billing scheme: three Psychiatric Institute of Washington staff members (two psychiatric counselors and a registered nurse) allegedly found a 58-year-old patient unresponsive and not breathing but failed to assess him, perform CPR, or provide any lifesaving measures for at least 21 minutes, after which he could not be resuscitated; the case was investigated by the D.C. OIG Medicaid Fraud Control Unit and charged as criminal negligence."
three-members-of-international-criminal-organization-sentenced-to-lengthy-prison-sentences-in-2-billion-teleme_4593958e233e.pdf,2026-05-19,"U.S. Attorney's Office, Eastern District of New York",2017 to 2022,"Anthony Santamaria (managed teams of billers); Hershel Tsikman (coordinated laundering of proceeds through straw owners and shell entities); Hafizullah Ebady (coordinated pharmacy purchases, on-the-ground manager); Dela Saidazim (recruited physicians, personal assistant); David Bishoff (pharmacy logistics); Brycen Millett (oversaw call centers); Joshua Alegria (custom software, forwarded fraudulent prescriptions); Brian Sutton (leader, at large)",New York - Kings County (Brooklyn); New York - Richmond County (Staten Island); New York - New York County (Manhattan); New York - Long Island; New Jersey; Pennsylvania; Texas; Michigan; Alabama; Utah,Private health insurers,1970000000.0,5000000.0,120,Phantom Claims,Phantom Claims; FakeEncounter; Falsify certificate; other,sentenced,"Moscow-based organization used call centers in Utah and Russia to cold-call privately insured beneficiaries offering no-cost medications without exams, then generated fraudulent prescriptions under recruited physicians' names and NPI numbers though in most cases no telemedicine visit occurred and many beneficiaries never received medications; the group bought dozens of brick-and-mortar pharmacies through straw owners and had Moscow-based billers remotely submit over $1.97 billion in claims, of which private insurers paid over $758 million, with proceeds laundered through shell companies. Figures span all eight co-defendants; forfeiture totals $3.2 million (Santamaria) and over $1.8 million (Ebady), with restitution to be determined."
three-members-of-international-criminal-organization-sentenced-to-lengthy-sentences-in-2-billion-telemedicine-_134eb1777f96.pdf,2026-05-19,"U.S. Attorney's Office, Eastern District of New York; U.S. Department of Justice, Criminal Division / National Fraud Enforcement Division; U.S. District Court for the Eastern District of New York",2017 to 2022,"Anthony Santamaria (trained and managed teams of billers submitting reimbursement requests); Hershel Tsikman (coordinated laundering of proceeds through straw owners and shell entities); Hafizullah Ebady (coordinated pharmacy purchases, 'boots-on-the-ground manager' for at least 30 pharmacies); Dela Saidazim (recruited licensed physicians, personal assistant to leader); David Bishoff (coordinated pharmacy logistics); Brycen Millett (oversaw call centers in Utah and Russia); Joshua Alegria (oversaw custom software, forwarded fraudulent prescriptions to physicians); Brian Sutton (leader of the Moscow-based criminal organization, at large)","New York - Kings County (Brooklyn); New York - Richmond County (Staten Island); New York - New York County (Manhattan); New York - Long Island; New Jersey; Pennsylvania; Texas; Michigan; Alabama; Utah (call centers); Moscow, Russia (operations)",Private health insurers (unnamed commercial payers),1970000000.0,5000000.0,120,Phantom Claims,Phantom Claims; FakeEncounter; Falsify certificate; other,sentenced,"A Moscow-based organization ran call centers (first in Utah, later Russia) that cold-called privately insured beneficiaries offering free medications without exams, then generated prescriptions under recruited physicians' names and NPI numbers even though the purported telemedicine visits never occurred and many beneficiaries never received the drugs; the group bought dozens of brick-and-mortar pharmacies nationwide through straw owners and used Moscow-based 'billers' to remotely submit over $1.97 billion in claims, of which private insurers paid over $758 million, with proceeds laundered through pass-through shell companies. Figures and sentences span multiple co-defendants: Santamaria and Tsikman each 120 months, Ebady 97 months, Saidazim time served; forfeitures of $3.2 million (Santamaria) and over $1.8 million (Ebady), restitution to be determined."
three-sentenced-to-prison-for-laundering-medicare-fraud-proceeds_86a3123f703c.pdf,2026-05-21,"U.S. Department of Justice, Criminal Division Fraud Section; U.S. Attorney's Office, Southern District of Florida",2022-01 to 2023-02,Marco Scamarone (owner/operator of DME companies); Jose Mendez (owner/operator of DME companies); Renee Vazquez (owner/operator of DME companies); Braces and Orthotics LLC (DME company); Stone Oak Durable Medical Equipment LLC (DME company),Florida (Southern District of Florida; defendants of Tamarac and Coral Springs); Virginia (Eastern District of Virginia),Medicare,6900000.0,9207330.0,78,Money laundering of proceeds,Money laundering of proceeds; kickback_Bribery For Referral; FakeEncounter; Falsify certificate,sentenced,"Defendants owned two DME companies that billed Medicare approximately $6.9 million for medically unnecessary orthotic braces, obtaining beneficiary referrals and fraudulent doctors' orders by paying kickbacks to an offshore marketing company, then laundered more than $2.2 million of the proceeds through shell companies they or their associates controlled. Forfeiture and restitution figures span three defendants (Scamarone and Mendez: $2,217,840.35 forfeiture and $3,016,324.20 restitution; Vazquez: $1,723,773.18 forfeiture and $2,249,392.09 restitution)."
three-sentenced-to-prison-for-laundering-medicare-fraud-proceeds_cc8b4a8ad9a4.pdf,2026-06-01,"U.S. Attorney's Office, Southern District of Florida",2022-01 to 2023-02,Marco Scamarone (owner/operator of DME companies); Jose Mendez (owner/operator of DME companies); Renee Vazquez (owner/operator of DME companies); Braces and Orthotics LLC; Stone Oak Durable Medical Equipment LLC,"Florida - Broward County (Tamarac, Coral Springs); Florida - Miami-Dade County (Miami); Virginia (Eastern District of Virginia)",Medicare,6900000.0,9207330.0,78,FakeEncounter,FakeEncounter; kickback_Bribery For Referral; Falsify certificate; Money laundering of proceeds,sentenced,"Defendants owned two durable medical equipment companies (Braces and Orthotics LLC in Virginia and Stone Oak DME LLC in Florida) that billed Medicare roughly $6.9 million for orthotic braces that were medically unnecessary and ineligible for reimbursement, obtaining beneficiary referrals and fraudulent doctors' orders by paying kickbacks and bribes to an offshore marketing company; over $2.2 million in proceeds were laundered through shell companies. All three pleaded guilty to money laundering conspiracy; Scamarone and Mendez were each ordered to pay $2,217,840.35 forfeiture and $3,016,324.20 restitution and Vazquez $1,723,773.18 forfeiture and $2,249,392.09 restitution, with sentences of 70, 78, and 60 months."
traditions-health-agrees-to-pay-34m-to-resolve-false-claims-act-liability-relating-to-home-health-services-fol_8801c4f3369c.pdf,2026-01-22,"U.S. Department of Justice, Civil Division and U.S. Attorney's Office for the Eastern District of Oklahoma",2019 to 2024,Traditions Health LLC (home health provider),Oklahoma - Pittsburg County (McAlester); Texas,Medicare,,34000000.0,,FakeEncounter,FakeEncounter; kickback_Bribery For Referral,civil settlement,"Traditions Health billed Medicare from its McAlester, Oklahoma location for home health services that were not medically necessary (2021-2024) and paid remuneration to physician-medical directors in Oklahoma and Texas who referred Medicare beneficiaries for home health services (2019-2024), potentially violating the Anti-Kickback Statute and Stark Law; the company self-disclosed and agreed to pay $34 million."
tri-area-community-health-agrees-to-pay-513-000-to-resolve-medicare-billing-allegations_a05690f9e71d.pdf,2026-04-27,"U.S. Attorney's Office, Western District of Virginia",2022-08 to 2025-12,Tri-Area Community Health (TACH) (Federally Qualified Health Center),Virginia - Laurel Pike (Western District of Virginia),Medicare,,513729.0,,Falsify certificate,Falsify certificate; FakeEncounter,civil settlement,"TACH billed Medicare for Annual Wellness Visits that were performed by pharmacists without required physician supervision or presence, submitting the claims under the names of physicians who had no involvement in the visits; it agreed to pay $513,729.90, having already repaid $321,075.56."
trinity-hospital-agrees-to-pay-1-7m-to-resolve-alleged-stark-law-violations_552281cd9c90.pdf,2026-04-02,"U.S. Department of Justice, Civil Division, Commercial Litigation Branch, Fraud Section",2014 to 2020,Trinity Hospital Holding Company (hospital operator),Ohio - Jefferson County (Steubenville),Medicare,,1700000.0,,kickback_Bribery For Referral,kickback_Bribery For Referral,civil settlement,"Trinity allegedly rented office space from two referring physicians at rates exceeding fair market value, creating improper financial relationships, and then billed for services referred by those physicians in violation of the Stark Law; Trinity self-disclosed and settled for $1.7 million with cooperation credit."
two-additional-ophthalmology-practices-agree-to-pay-2-3m-to-resolve-allegations-of-fraudulent-claims-to-medica_092d81a63097.pdf,2026-07-31,"U.S. Department of Justice, Civil Division; U.S. Attorney's Office, Middle District of Florida",,"Mark D. Fromer, P.C. d/b/a Fromer Eye Centers (ophthalmology practice); Estate of Mark Fromer (former owner of Fromer Eye Centers); Floral Park Ophthalmology P.C. (ophthalmology practice)",New York,Medicare; Medicaid (New York State Medicaid),,2300000.0,,kickback_Bribery For Referral,kickback_Bribery For Referral; FakeEncounter; Falsify certificate,civil settlement,"The practices performed trans-cranial doppler ultrasounds (TCDs) on thousands of patients through a third-party testing company and billed Medicare and Medicaid hundreds of dollars per test; before results were returned, patients were labeled with a serious qualifying diagnosis that nearly none actually had, and Floral Park Ophthalmology allegedly received remuneration from the testing company to induce TCD referrals, violating the Anti-Kickback Statute and Stark Law. Fromer Eye Centers/Estate of Mark Fromer pay $1,800,000 and Floral Park Ophthalmology pays $500,000, with $384,000 going to New York's Medicaid share and a whistleblower receiving about $132,000."
two-charged-in-multi-year-conspiracy-to-buy-and-sell-stolen-medicare-beneficiary-information-from-major-south-_744cb7b0d228.pdf,2026-06-09,"U.S. Attorney's Office, Southern District of Florida",2022-01 to 2025-02,"Kenia Marrero (organizer/purchaser and reseller of stolen patient data); Joan Navarro Bruguet (former employee of Miami-based health care provider network 'Provider A'); Juan Carlos Cardella (co-conspirator, previously sentenced on related charges)",Florida - Miami-Dade County (Miami),Medicare,5000000.0,,,other,other; Phantom Claims; kickback_Bribery For Referral; Money laundering of proceeds,charged,"A hospital network employee photographed confidential patient records (names, DOBs, Medicare beneficiary identifier numbers) from his work computer screen and sent them via encrypted messaging to Marrero, who paid about $500 per list of ~100 beneficiaries and resold the lists for up to $7,000 each to Medicare fraudsters; over 6,000 beneficiaries' data was disclosed and Marrero also participated in a DME scheme that billed Medicare more than $5 million using the stolen identifiers, depositing over $460,000 in proceeds into the DME company's bank account."
two-charged-in-the-district-of-oregon-as-part-of-the-national-health-care-fraud-takedown_cb952f35d646.pdf,2026-06-23,"U.S. Attorney's Office, District of Oregon",,"Jahangeer Ali (owner, Oregon Clinical Laboratory); Mehrdad Gerami (owner/operator, Coastal Diagnostic Testing Group and Coastal Diagnostic)",Oregon - Coos County (Coos Bay); Oregon,Medicare (Medicare Advantage plans); U.S. Department of Health and Human Services; Veterans Health Administration; private insurance companies,17124363.0,,,Phantom Claims,Phantom Claims; Upcoding,charged,"Two separate defendants charged by information in one takedown announcement: Ali's Oregon Clinical Laboratory allegedly billed Medicare Advantage plans over $15 million for genetic tests that were never performed, using beneficiary and physician identifiers of people who had never heard of the lab; Gerami's Coastal Diagnostic entities allegedly billed HHS, the Veterans Health Administration and private insurers at least $2,124,363.41 for sleep studies claimed as performed in-office when they were actually done at home or not at all."
two-civil-complaints-filed-in-the-southern-district-of-mississippi-as-part-of-national-health-care-fraud-taked_956cbe681b6c.pdf,2026-07-17,"U.S. Attorney's Office, Southern District of Mississippi",,"Clint's Pharmacy; Clint Bane (former owner/operator of Clint's Pharmacy); Rommel Asagwara (owner of Lemmor Holdings, LLC d/b/a Dream Weight Clinic); Lemmor Holdings, LLC d/b/a Dream Weight Clinic",Mississippi - Brookhaven; Missouri - Kansas City,,,,,Controlled substance recordkeeping/diversion violations,Controlled substance recordkeeping/diversion violations,charged,"Two civil complaints under the Controlled Substances Act: Clint's Pharmacy and its former owner Clint Bane could not account for 11,853 controlled substance pills found missing during on-site regulatory inspections, each pill alleged as a recordkeeping violation plus unlawful dispensing; separately, Rommel Asagwara, operating Dream Weight Clinic, allegedly negligently dispensed controlled substances outside the usual course of professional practice, failed to keep controlled substances at the registered location, and failed to maintain records/inventory for over 433,000 pills, with the United States seeking over $8 billion in civil penalties."
two-corinth-pharmacists-sentenced-for-conspiracy-to-commit-healthcare-fraud_dd1d68245bbb.pdf,2026-06-29,"U.S. Attorney's Office, Northern District of Mississippi",,"Ricky Wayne Quinn (pharmacist, owner-operator of Medical Plaza at Alcorn, LLC); John Anthony ""Andy"" Null (pharmacist, employee of Medical Plaza Pharmacy)",Mississippi - Alcorn County (Corinth),Medicare; Medicaid,800000.0,786972.0,30,Phantom Claims,Phantom Claims,sentenced,"Two pharmacists at a Corinth, Mississippi pharmacy repeatedly billed Medicare and Medicaid multiple times for the same single dispensed prescription drug product, focusing on high-reimbursement items such as diabetic insulin pens, asthma inhalers and psychotropic medications, taking nearly $800,000. Quinn received 30 months in prison and both defendants were jointly ordered to pay $786,972.10 in restitution to Medicare."
two-defendants-charged-with-multi-million-dollar-health-care-fraud-scheme_63c18aa201fd.pdf,2026-07-02,"U.S. Attorney's Office, Eastern District of New York",2019-01 to 2025-10,"Saad Aziz (owner/operator of Tri-Hamlet Taxi Inc.); Zabed Chowdhury, a/k/a 'Jared' (owner/operator of Tri-Hamlet Taxi Inc.); Tri-Hamlet Taxi Inc.",New York - Suffolk County (Long Island); New York - New York City,Medicaid,35000000.0,,,Phantom Claims,Phantom Claims; kickback_Bribery For Referral; Upcoding; Money laundering of proceeds,charged,"Defendants who owned Tri-Hamlet Taxi Inc. allegedly paid cash kickbacks to Medicaid beneficiaries to induce them to request ambulette transportation (mainly to methadone treatment), then billed Medicaid for trips never provided, and directed beneficiaries to request rides to distant New York City addiction treatment centers and give false pickup/drop-off addresses so they could bill for longer, higher-paying trips (over $18 million in claims for rides exceeding 75 miles; more than $35 million billed overall). Proceeds allegedly funded homes and investment properties worth about $6 million; forfeiture/restitution of at least $35 million is sought."
two-foreign-nationals-indicted-in-chicago-as-part-of-10-million-health-care-fraud-scheme_1b88eec07cd8.pdf,2026-02-12,"U.S. Attorney's Office, Northern District of Illinois",2023 to 2024,"Burhan Mirza (organizer, resided in Pakistan); Kashif Iqbal (associated with durable medical equipment providers; money launderer); Mir Akbar Khan (recruited nominee owners); Fasiur Rahman Syed (nominee owner); Navaid Rasheed (tracked payments and disbursed proceeds)",Illinois - Cook County (Chicago); Illinois - DuPage County (West Chicago); Texas - Collin County (Lavon and Plano),Medicare; private health insurers,10000000.0,,,Phantom Claims,Phantom Claims; other; Ineligible provider enrollment,charged,"Defendants allegedly used nominee-owned laboratories and durable medical equipment companies to submit roughly $10 million in claims to Medicare and private insurers for items and services never provided, using stolen identifying information of patients, providers, and insurers; proceeds were laundered and transferred to Pakistan. Mirza and Iqbal are charged by indictment, while three co-schemers (Khan, Syed, Rasheed) have pleaded guilty and await sentencing."
two-foreign-nationals-indicted-in-chicago-as-part-of-10m-health-care-fraud-scheme_81be99704a45.pdf,2026-02-12,"U.S. Attorney's Office, Northern District of Illinois; U.S. Department of Justice, Office of Public Affairs",2023 to 2024,"Burhan Mirza (organizer, Pakistani national); Kashif Iqbal (associated with durable medical equipment providers, money launderer); Mir Akbar Khan (recruiter/manager of nominee owners); Fasiur Rahman Syed (nominee owner); Navaid Rasheed (tracked fraud payments and disbursements)","Illinois - Cook County (Chicago); Illinois - DuPage County (West Chicago); Texas - Collin County (Lavon, Plano)",Medicare; private health care benefit programs (private insurers),10000000.0,,,Phantom Claims,Phantom Claims; Money laundering of proceeds; Ineligible provider enrollment; other,charged,"Defendants used nominee-owned laboratories and durable medical equipment companies, staffed with recruited straw owners, to submit roughly $10 million in claims to Medicare and private insurers for items and services never provided, using identifying information of patients, providers, and insurers obtained without their knowledge; proceeds were laundered and wired to Pakistan. Mirza and Iqbal are charged by indictment; three co-schemers (Khan, Syed, Rasheed) previously pleaded guilty and await sentencing."
two-georgia-men-charged-in-national-health-care-fraud-takedown_d6158d117d4a.pdf,2026-06-24,"U.S. Attorney's Office, Northern District of Georgia",2017-01 to 2025-04,"Murrell Carnel Rutledge, Jr. (owner of Rutledge Medical Associates); Lonnie Releford (purported licensed practical nurse); Rutledge Medical Associates",Georgia - Fulton County (Atlanta; East Point),Georgia Medicaid; Medicare,4300000.0,,,Phantom Claims,Phantom Claims; FakeEncounter; Falsify certificate; other,charged,"Rutledge, through his East Point medical practice, allegedly billed Georgia Medicaid for thousands of services never performed - nearly 900 claims for excision of complex pilonidal cysts, ~1,500 for incision and drainage of deep abscesses/hematomas, ~7,900 for extended face-to-face psychotherapy, and over 1,000 for medically unnecessary percutaneous allergy tests - seeking $4.3 million and receiving about $2.6 million. In a separate charge in the same announcement, Releford allegedly obtained nursing jobs at metro Atlanta hospitals and nursing homes by falsifying his education/credentials and stealing a real LPN's identity, causing providers to bill Medicare and Medicaid for services he was not licensed to perform; combined alleged proceeds across both defendants were $2.7 million."
two-healthcare-executives-convicted-for-exploiting-elderly-medicare-advantage-beneficiaries-in-34-million-frau_5a8c59ee5a57.pdf,2026-01-07,"U.S. Attorney's Office, Southern District of Florida",,Michael Kochen (owner of dozens of durable medical equipment companies); Sandro Herek (director of overseas call centers),Florida - Miami-Dade County (Miami),Medicare Advantage plans,34000000.0,,,FakeEncounter,FakeEncounter; kickback_Bribery For Referral; Falsify certificate,convicted at trial,"Kochen's DME companies and Herek's overseas (Egypt and other) call centers cold-called elderly Medicare Advantage beneficiaries with high-pressure telemarketing to push back, knee, shoulder and ankle braces regardless of medical necessity; physicians issued boilerplate authorizations based only on call recordings (often without speaking to the beneficiary), and Kochen paid kickbacks to telemedicine companies for the brace orders, yielding about $34 million in claims and over $17 million paid."
two-home-health-providers-agree-to-pay-702-541-to-resolve-self-referral-allegations_9ef0bd636963.pdf,2026-01-26,"U.S. Attorney's Office, Southern District of Florida",2017-02 to 2025-02,"Medical Services of America, Inc.; Traditional Home Care, Inc. d/b/a Community Home Health Services (home health providers)",Florida - Miami,Medicare,,702541.0,,kickback_Bribery For Referral,kickback_Bribery For Referral,civil settlement,"Home health providers allegedly paid bonuses to an employee based on the volume of Medicare patient referrals made by the employee's physician spouse, then furnished the referred designated health services and billed Medicare, in violation of the Stark Law; settlement of $702,541.20 includes $379,752 restitution, arising from a qui tam suit."
two-individuals-plead-guilty-to-68-million-fraud-scheme-at-brooklyn-based-adult-day-cares-and-home-health-care_bc8bc0b2df76.pdf,2026-01-15,"U.S. Attorney's Office, Eastern District of New York",2017-10 to 2024-07,Elaine Antao (marketer/recruiter); Manal Wasef (marketer/recruiter); Amran Hashmi; Joseph Helmy; Amal Ismail; Zakia Khan; Seema Memon; Happy Family Social Adult Day Care Center Inc.; Family Social Adult Day Care Center Inc.; Responsible Care Staffing Inc. (home health care fiscal intermediary),New York - Kings County (Brooklyn),Medicaid,68000000.0,1000000.0,,kickback_Bribery For Referral,kickback_Bribery For Referral; Phantom Claims; Money laundering of proceeds,pleaded guilty,"Antao and Wasef acted as marketers/recruiters who referred Medicaid recipients to two Brooklyn social adult day cares and a home health fiscal intermediary in exchange for kickbacks, and paid cash bribes to beneficiaries so that over $68 million in adult day care and home health services could be billed to Medicaid though not actually provided; multiple business entities were used to launder proceeds and generate cash for the bribes. Figures span the scheme; the two defendants agreed to forfeit approximately $1 million collectively, and five others previously pleaded guilty."
two-individuals-plead-guilty-to-68m-adult-day-care-fraud-scheme_446faf1fbb3e.pdf,2026-01-15,"U.S. Department of Justice, Criminal Division, Fraud Section; U.S. Attorney's Office, Eastern District of New York",2017-10 to 2024-07,Manal Wasef (marketer/recruiter); Elaine Antao (marketer/recruiter); Happy Family Social Adult Day Care Center Inc.; Family Social Adult Day Care Center Inc.; Responsible Care Staffing Inc. (home health care fiscal intermediary),New York - Kings County (Brooklyn),Medicaid,68000000.0,1000000.0,,kickback_Bribery For Referral,kickback_Bribery For Referral; Phantom Claims; Money laundering of proceeds,pleaded guilty,"Two Brooklyn marketers/recruiters referred Medicaid recipients to two social adult day care centers and a home health fiscal intermediary in exchange for kickbacks, and paid cash bribes to the beneficiaries themselves so that over $68 million in social adult day care and home health services could be billed to Medicaid though not actually provided; multiple business entities were used to launder proceeds and generate the cash for bribes. Both defendants agreed to forfeit approximately $1 million collectively, and they are the sixth and seventh individuals to plead guilty in the case."
two-men-sentenced-to-prison-for-identity-theft-and-fraud-conspiracy_4757c3c3c5b2.pdf,2026-06-30,"U.S. Attorney's Office, Northern District of New York",,Christopher Alexander Jr. (purchaser and user of fraudulent identification documents); Devin Latrell Coleman (supplier of fraudulent identification documents),New York - Onondaga County (Syracuse),,,45500.0,40,other,other,sentenced,"Coleman sold Alexander counterfeit driver's licenses, passport cards and Social Security cards bearing Alexander's photo with stolen victims' identifying information, and coached him via an encrypted messaging app on their use; Alexander used the documents to obtain bank loans, lines of credit and an apartment lease. Not a health care payer case - bank fraud and aggravated identity theft; restitution figures span both defendants ($30,500 for Alexander plus a $15,000 forfeiture judgment, with Coleman liable for $15,000 jointly and severally)."
two-pittsburgh-convenience-store-employees-charged-with-food-stamp-trafficking-as-part-of-nationwide-health-ca_b4107e6ffc8b.pdf,2026-06-23,"U.S. Attorney's Office, Western District of Pennsylvania",,Abdou Jallow (convenience store manager); Alicia Mastrantoni (store employee),Pennsylvania - Allegheny County (Pittsburgh),U.S. Department of Agriculture - Supplemental Nutrition Assistance Program (SNAP),550000.0,,,SNAP benefit trafficking,SNAP benefit trafficking; other,charged,"Jallow, the manager of a Pittsburgh convenience store, and Mastrantoni, an employee, allegedly exchanged customers' SNAP food-stamp benefits for cash (which many customers used to buy illegal drugs), concealing the transactions by entering fraudulent UPC codes on the store register; over $550,000 in SNAP benefits were allegedly trafficked. Charged by criminal complaint as part of the 2026 National Health Care Fraud Takedown."
two-queens-men-charged-with-120m-adult-day-care-and-pharmacy-fraud-on-medicare-and-medicaid_4cbff32e9f5a.pdf,2026-02-09,"U.S. Attorney's Office, Eastern District of New York; U.S. Department of Justice, Criminal Division, Fraud Section",2016 to 2026,"Inwoo Kim, aka 'Tony Kim' and 'Long Jin' (owner of pharmacy and two social adult day care centers - Z & W Empire Enterprise Inc. d/b/a Royal Adult Daycare and Happy Life Inc.); Daniel Lee, aka 'Daniel Yang' and 'Donghee Yang' (program director at Happy Life)",New York - Queens County (Flushing); New York - Kings County (Brooklyn),Medicare; Medicaid (New York),120000000.0,,,kickback_Bribery For Referral,kickback_Bribery For Referral; Phantom Claims; FakeEncounter,charged,"Defendants allegedly paid cash and supermarket gift certificates to Medicare beneficiaries and Medicaid recipients to induce them to fill prescriptions at Kim's pharmacy and to enroll at his social adult day care centers, then billed Medicare and Medicaid roughly $120 million for prescription drugs and day care services that were medically unnecessary, never provided, or induced by kickbacks - including day care claims exceeding the centers' permitted capacity. Cash for the bribes was withdrawn from bank accounts they controlled."
two-sentenced-to-prison-for-522m-genetic-testing-fraud-and-illegal-kickback-scheme-targeting-medicare-and-medi_b05f845d659c.pdf,2026-05-04,"U.S. Department of Justice, National Fraud Enforcement Division (Criminal Division, Fraud Section)",2018-01 to 2020-08,"Reyad Salahaldeen (controlled four laboratories); Mohamad Mustafa (co-owner/controller of Express Diagnostics and BioConfirm); Express Diagnostics, LLC; BioConfirm Laboratory USA, LLC; BioConfirm Laboratories, LLC; Tox Management, LLC; Tri-State Toxicology, LLC; Travores Wills (marketer); Elijua Watson (marketer); Diego Pancha Valencia (marketer); Shauntae Walker (nurse practitioner); Cassandra Latham (nurse practitioner); LaTosha McCune (marketer); Vinit Patel (physician); Jose Rodriguez Ospina (physician); Edward Giles (marketer); Derek McCune (marketer); Nelson Giraldo (physician)",Georgia (Buford; Duluth); New Jersey; Texas,Medicare; Medicaid; private health insurance companies,522000000.0,151940600.0,151,kickback_Bribery For Referral,kickback_Bribery For Referral; FakeEncounter; Falsify certificate,sentenced,"Salahaldeen and Mustafa paid kickbacks and bribes to 'marketers' who solicited Medicare, Medicaid and privately insured beneficiaries by telemarketing, door-to-door and health fairs to collect insurance information and DNA swabs, then paid providers who never treated the patients to sign laboratory requisition forms for expensive cancer/pharmacogenetic tests; the four labs billed about $522 million and were paid about $84 million, with sham marketing contracts, invoices, falsified requisitions and letters of medical necessity used to disguise the kickbacks. Figures and sentences span both sentenced defendants plus eleven previously sentenced co-conspirators (longest of those, 46 months)."
u-s-attorney-039-s-office-announces-15-arrests-for-benefit-fraud_6654f0dbee77.pdf,2026-06-18,"U.S. Attorney's Office, District of Massachusetts",,"Heriberto Rodriguez; Mirian Chalas; Santo Escolastico Cuello; John Doe (identity unknown, Quincy, Mass.); John Doe (identity unknown); John Doe (identity unknown, Lynn, Mass.); John Doe (identity unknown); Mario Baez Romero; Richard Odelis Vallegas Nunez; Miguel Diaz Matos; Mitul Patel; Santo Tejada Sanchez; Jennifer Ferran; Owen Landry a/k/a 'Oski'; Yahaira Diaz Gomez",Massachusetts - Framingham; Worcester; Quincy; Somerville; Allston (Boston); Lynn; Haverhill; Mattapan (Boston); New Hampshire - Salem,MassHealth (Massachusetts Medicaid); SNAP (USDA); Social Security Administration; HUD; state unemployment benefits,1400000.0,,,Falsify certificate,Falsify certificate; Beneficiary eligibility fraud; Identity theft,charged,"Fifteen defendants, most alleged to be in the U.S. illegally and several living under stolen identities, allegedly submitted false statements and fraudulent applications - often using stolen Social Security numbers and fraudulent identification/passport documents - to enroll in and collect MassHealth (Medicaid), SNAP, Social Security disability, HUD housing and unemployment benefits for which they were ineligible, totaling more than $1.4 million across all defendants (individual MassHealth losses ranged from about $32,717 to $266,000). One defendant is charged in a related scheme staging a fake armed robbery so participants could claim U Visas as crime victims."
u-s-attorney-039-s-office-entered-settlements-exceeding-900-million-and-collected-over-70-million-in-civil-and_01c225a7f49f.pdf,2026-03-25,"U.S. Attorney's Office, District of Massachusetts",,Teva Pharmaceuticals; Raytheon Company; Insys Therapeutics (founder and six former executives),Massachusetts - Suffolk County (Boston),,,900000000.0,,kickback_Bribery For Referral,kickback_Bribery For Referral; other,civil settlement,"Fiscal Year 2025 collections roundup: the District of Massachusetts entered settlements exceeding $900 million, including a $425 million resolution with Teva Pharmaceuticals for paying kickbacks through two co-pay assistance foundations in violation of the Anti-Kickback Statute and False Claims Act (largest co-pay assistance settlement to date), and a $575 million criminal/civil resolution with Raytheon over defense contract fraud; the office also completed collection of $48,344,036 in criminal restitution for victims of the Insys Therapeutics health care racketeering conspiracy. Figures span multiple defendants and cases."
u-s-attorney-039-s-office-for-the-district-of-new-mexico-weekly-immigration-and-border-crimes-report_8516caa66f4e.pdf,2026-02-20,"U.S. Attorney's Office, District of New Mexico",,,New Mexico,,,,,other,other,charged,"Not a health care fraud case: weekly immigration enforcement statistics for the District of New Mexico (illegal reentry, alien smuggling, illegal entry charges), including an alien-smuggling case involving a tractor trailer stopped at the Las Cruces checkpoint. Health care fraud is mentioned only as a prior conviction category for some illegal-reentry defendants; no payer, scheme, or amount is described."
u-s-attorney-039-s-office-reaches-300-000-false-claims-act-settlement-with-clarksville-clinic-over-allegations_015cf27dbd49.pdf,2026-04-28,"U.S. Attorney's Office, Middle District of Tennessee",2020-01 to 2025-06,"Pitts Therapies, LLC d/b/a Cornerstone Pediatric Therapies (pediatric therapy clinic)",Tennessee - Montgomery County (Clarksville),TRICARE,,300000.0,,Unbundling,Unbundling; other,civil settlement,"Pediatric therapy clinic allegedly billed TRICARE for two units of a billing code per day per beneficiary when only one unit per day was allowed (2020 through October 2022), and billed two separate codes for services where only one code was payable ('unbundling') from 2020 through mid-2025; settled for $300,000 with no determination of liability."
u-s-attorney-announces-2-2-million-settlement-with-urologists-for-submitting-false-claims-to-medicare_8a930f560b9d.pdf,2026-06-25,"U.S. Attorney's Office, Southern District of New York",2011-01 to 2022-12,Dr. Robert Simon (New Jersey-based urologist); Dr. Nicole Fleischmann (New York-based urologist),New York; New Jersey,Medicare,,2213740.0,,FakeEncounter,FakeEncounter; Falsify certificate; Unbundling,civil settlement,"Two urologists billed Medicare for permanent implantations of InterStim sacral nerve stimulators without completing the preoperative percutaneous nerve evaluation testing and voiding diaries required by NCD 230.18, and implanted two devices bilaterally in the same procedure without justification; Simon additionally falsely documented successful PNE results, performed unnecessary battery/device replacement and revision surgeries, and double-billed Medicare for lead removal. Combined settlement of $1,112,695.88 (Simon) and $1,101,044.80 (Fleischmann) plus interest resolved a whistleblower False Claims Act suit joined by the government."
u-s-attorney-announces-additional-enforcement-action-as-part-of-national-effort-to-combat-electrical-stimulati_54dd1c93f126.pdf,2026-03-16,"U.S. Attorney's Office, Eastern District of Pennsylvania",2018,"Michael Glickert (chiropractor); Joseph Novof (physician, Medical Director); The Vanguard Clinic LLC (integrated chiropractic clinic); Fleur de Lis, LLC (Sanexas device distributorship)",Missouri - St. Louis,Medicare,,,,Falsify certificate,Falsify certificate; Billing non-covered services; FakeEncounter,charged,"United States filed a False Claims Act complaint alleging that a chiropractor developed and promoted nationwide a scheme to bill Medicare for RST-Sanexas neoGEN electrical nerve stimulation treatments and accompanying vitamin injections that are not reimbursable when furnished in outpatient clinics for pain, supplying coding instructions to other providers; the clinic's medical director falsely certified the vitamin injections as medically necessary without even knowing their ingredients, and billing continued after the defendants admitted the services were not covered."
u-s-attorney-joseph-nocella-jr-announces-new-leadership-for-the-offices-long-island-division-and-criminal-sect_26dc90eaae28.pdf,2026-04-06,"U.S. Attorney's Office, Eastern District of New York",,,,,,,,other,other,other,"Document is a personnel announcement naming new leadership for the U.S. Attorney's Office Long Island Division; it describes no specific charged fraud case, only referencing in passing a past healthcare/wire fraud conviction handled by an appointee."
u-s-attorney-leah-b-foley-announces-fraud-coordinators-and-benefit-amp-voter-fraud-team_a9b348ad0bcd.pdf,2026-03-26,"U.S. Attorney's Office, District of Massachusetts",,"Fifteen unnamed individuals charged since December 2025, including nine individuals charged on March 26, 2026 (one a Dominican national)",Massachusetts,Medicaid (MassHealth); SNAP (USDA); Social Security Administration,9000000.0,,,other,other; Identity theft benefit fraud,charged,"Announcement of a new Benefit and Voter Fraud Team; the office has charged 15 individuals with nearly $9 million in benefit fraud since December 2025, including nine defendants charged the same day for allegedly using stolen identities to collect nearly $300,000 in SNAP, Social Security and MassHealth benefits. Cases were developed from recipient data analysis showing the same identities drawing benefits simultaneously in two or more states/territories (e.g., roughly 495 identities receiving Massachusetts DTA SNAP benefits while also receiving SNAP in Puerto Rico in December 2024)."
u-s-attorney-moore-capito-announces-fraud-conspiracy-charges-against-sober-living-home-founder-and-spouse_69a9a3ca911a.pdf,2026-06-23,"U.S. Attorney's Office, Southern District of West Virginia",2016-01 to 2020-01,"Raymond C. ""Rocky"" Meadows II (founder and director, Lifehouse Inc.); Helen Crutcher Meadows (collector supervisor, Lifehouse Inc.); West Virginia Sleep Centers, LLC (sleep laboratory)",West Virginia - Cabell County (Huntington); West Virginia - Raleigh County (Beckley),Medicaid (West Virginia); Veterans Administration Community Health program,,120000.0,,Falsify certificate,Falsify certificate; Phantom Claims; FakeEncounter,charged,"Two separate matters announced together: Raymond and Helen Meadows were charged by criminal complaint with conspiracy to commit wire fraud for falsifying and submitting timesheets to a drug-testing laboratory for drug testing work never performed at Lifehouse Inc., a sober living program - including routinely billing 32 hours of overtime per week and hours logged while on out-of-state vacations - with the laboratory paying on those timesheets and then obtaining reimbursement from federal and state health care programs. Separately, West Virginia Sleep Centers LLC paid $120,000 to settle allegations it billed Medicaid and the VA Community Health program from January 1, 2016 through January 9, 2020 for sleep studies and polysomnogram reports prepared and signed by unqualified non-physician staff."
u-s-attorney-robert-frazer-announces-appointment-of-joyce-m-malliet-as-first-assistant-u-s-attorney_35a8524dd59b.pdf,2026-06-01,"U.S. Attorney's Office, District of New Jersey",,,,,,,,other,other,other,Not a fraud case: personnel announcement of the appointment of Joyce M. Malliet as First Assistant U.S. Attorney for the District of New Jersey.
u-s-attorneys-office-and-south-dakota-attorney-generals-office-hold-joint-press-conference-on-combating-govern_80dfc43110aa.pdf,2026-03-26,"South Dakota Attorney General's Office (with U.S. Attorney's Office, District of South Dakota)",,"Sharon Monson (owner, At Home Nursing)",South Dakota - Pierre (Hughes County),South Dakota Medicaid,588000.0,,,other,other; Falsify certificate,charged,"Sharon Monson, owner of At Home Nursing in Pierre, was indicted on five state felony counts for allegedly defrauding the South Dakota Medicaid Program of roughly $588,000, with charges of unlawful receipt of medical benefits, aggravated grand theft, perjury, and failure to maintain necessary records; the release does not describe the billing mechanics. This case is one of several federal and state fraud matters summarized in a joint press conference release, but it is the only health care payer case."
u-s-attorneys-office-announces-charges-against-three-defendants-in-the-eastern-district-of-virginia-as-part-of_917793c253d5.pdf,2026-06-23,"U.S. Attorney's Office, Eastern District of Virginia",,"Jair Barbour (qualified mental health provider); Mikia Noble (Chief Operating Officer, Advancing Communities Everywhere); Abdul Rehman Sirhandi (straw owner, Pulse Medical Supply)",Virginia - Henrico County; Virginia - Chesterfield County (North Chesterfield); Virginia - Loudoun County (Aldie),Virginia Medicaid; Medicare,50726298.0,,,Phantom Claims,Phantom Claims; Falsify certificate; FakeEncounter; other,charged,"Three separate EDVA defendants charged as part of the 2026 national takedown: Barbour allegedly submitted hundreds of falsified progress notes for mental health sessions that never occurred and overstated hours worked, billing Virginia Medicaid $345,670.93; Noble, COO of Advancing Communities Everywhere, allegedly conspired to bill approximately $49.6 million (about $38.6 million paid) in crisis mental health claims for low-income and homeless Medicaid recipients who never received or did not need the services; Sirhandi allegedly served as straw owner of DME company Pulse Medical Supply and conspired with others in Texas and Pakistan to submit about $780,627 in false Medicare claims, of which about $313,233 was paid. Figures span three defendants."
u-s-attorneys-office-collected-16-million-in-civil-and-criminal-actions-in-fiscal-year-2025_acc8d0f3d759.pdf,2026-01-23,"U.S. Attorney's Office, Eastern District of Missouri",,Michael McCormac (former owner of a mail order pharmacy),,Medicare; Missouri Medicaid; Ohio Medicaid,,1323318.0,,kickback_Bribery For Referral,kickback_Bribery For Referral,pleaded guilty,"In an annual collections announcement, the office reported recovering $1,323,318 from Michael McCormac, a former mail order pharmacy owner who pleaded guilty to two Anti-Kickback Statute counts for paying kickbacks to marketing companies to generate prescriptions for expensive medications billed to Medicare and the Missouri and Ohio Medicaid programs. The release separately notes about $2.9 million collected in an unrelated disability fraud case involving two Jefferson County chiropractors and more than two dozen patients."
u-s-attorneys-office-collects-nearly-200-million-in-criminal-and-civil-actions-in-fiscal-year-2025_3a5c3fb78099.pdf,2026-02-06,U.S. Attorney's Office for the Southern District of Florida,,Israel Guardarrama,Florida,,,1722080.0,,other,other,sentenced,"In a fiscal year 2025 debt-collection summary, the office reported that Israel Guardarrama was convicted of conspiracy to commit health care fraud and wire fraud and ordered to pay $1,722,080.27 in restitution; $1.4 million was recovered through a criminal restitution judgment lien foreclosure action against his homestead and rental properties. The document gives no detail on the billing mechanics or payer. (The same release also lists non-health-care collections against Issa Asad/Q Link Wireless and Michael Scott Segal.)"
u-s-attorneys-office-collects-over-10-million-in-fiscal-year-2025_83d198a1cf38.pdf,2026-01-08,"U.S. Attorney's Office, Western District of Virginia",,Duane Dixon (former doctor),Virginia - Central and Southwest Virginia,,,200000.0,,other,other,other,"Annual district collections announcement reporting $10,621,656.97 collected in FY2025; it notes $200,000 collected from the conviction of former doctor Duane Dixon, who concealed health care fraud and prescribed highly addictive opioid painkillers to at-risk patients at pain clinics in Central and Southwest Virginia. No billing mechanics or payer are described."
u-s-attorneys-office-collects-over-33m-in-fiscal-year-2025_4db793f648fc.pdf,2026-01-15,"U.S. Attorney's Office, District of Maine",,"SVCMC Inc., formerly known as Saint Vincents Catholic Medical Centers of New York",New York,U.S. Department of Defense (healthcare for retired military members and their families),,29000000.0,,Retention of overpayments,Retention of overpayments,civil settlement,"As part of a January 2025 False Claims Act agreement, SVCMC Inc. paid $29 million to resolve allegations that it knowingly retained erroneously inflated payments it received from the Department of Defense for healthcare services provided to retired military members and their families; the payment was among $29,563,154.06 collected jointly with other DOJ components in FY2025 reported by the District of Maine."
u-s-attorneys-office-for-the-middle-district-of-florida-charges-defendants-as-part-of-national-health-care-fra_8749761785d3.pdf,2026-06-26,"U.S. Attorney's Office, Middle District of Florida",2020 to 2025-06,"Leigh Tesar (nurse practitioner); Walter Presha, Jr. (nurse); Koby Evans (nurse); Leo Corrigan (corporation owner); Konstantin Braverman (kickback middleman); Lawrence Waldman (former sales representative, ASAP Labs); Rustam Abdaev (operator of Sunny and Recovery Inc.); Henry Garcia (owner, New Level 3 and On-Point Medical Alliance); Marc Vincent Pazienza (attorney); Laurent Cassagnol (VA employee); Heriberto L. Rivera (CEO, Family Integrative Medicine of Orlando, LLC)","Florida - Sarasota County (Sarasota); Florida - Manatee County (Ellenton, Bradenton); Florida - Hillsborough County (Tampa, Apollo Beach); Florida - Palm Beach County (Lake Worth); Florida - Miami-Dade County (Miami); Florida - Pasco County; Florida - Orange County; Florida - Lake County",Medicare; Medicare Advantage (Medicare Part C); Florida Medicaid; TRICARE; U.S. Department of Veterans Affairs,173286669.0,5000000.0,,kickback_Bribery For Referral,kickback_Bribery For Referral; FakeEncounter; Phantom Claims; Falsify certificate; Money laundering of proceeds,charged,"Combined Middle District of Florida takedown covering multiple schemes: nurse practitioner Tesar billed Medicare over $118 million in 18 months (about $61 million paid) for medically unnecessary or never-applied skin allografts and wound care on patients referred by nurses Presha and Evans in exchange for kickbacks; Corrigan bought Medicare beneficiary ID numbers to bill over $7.5 million for unrequested OTC COVID-19 tests and sold beneficiary data to labs for genetic testing, taking $1.7 million in kickbacks; Braverman brokered marketer lists of beneficiary data to providers who shipped unrequested COVID-19 tests, causing about 152,000 claims and $14.4 million in Medicare reimbursements with $1.5 million to him; Waldman paid kickbacks from ASAP Labs to physicians to sign requisitions for unnecessary genetic and respiratory tests billed to Medicare, Medicaid and TRICARE (pleaded guilty; $5 million FCA civil settlement); Abdaev used Sunny and Recovery Inc. plus stolen beneficiary and physician identifiers to bill Medicare Part C and Florida Medicaid over $19 million for DME braces never provided ($941,000 paid) and wired proceeds abroad; Garcia's DME companies used offshore call centers and sham telehealth physician orders to bill Medicare Advantage for unneeded braces, paying kickbacks per reimbursed order; Rivera paid VA employee Cassagnol about $175,172 to steer VA patients to FIMO, generating about $14 million in VA claims ($11.9 million paid); attorney Pazienza stole over $300,000 of clients' Medicare-fraud proceeds he claimed to safeguard and produced false documents to a grand jury. Figures span multiple defendants and schemes."
u-s-attorneys-office-hosts-health-care-fraud-consortium-workshop-with-federal-partners_05c3cefa2621.pdf,2026-05-05,"U.S. Attorney's Office, District of Nevada",,,Nevada - Clark County (Las Vegas),,,,,other,other,other,"Not a case: press release announcing a Health Care Fraud Consortium Workshop hosted by the U.S. Attorney's Office for the District of Nevada with HHS-OIG, FBI, IRS-CI, and the DOJ Criminal Division Fraud Section, discussing fraud trends, the West Coast Health Care Fraud Strike Force, and the Corporate Whistleblower Awards Pilot Program. No defendant, scheme, or loss amount is described."
u-s-attorneys-office-reports-more-than-4-3m-in-criminal-and-civil-collections-for-january-march_24caf34e06c3.pdf,2026-04-21,"U.S. Attorney's Office, Northern District of Ohio",,"MP Lab Solutions, LLC",Ohio - Highland Heights,Medicare,,200000.0,,Phantom Claims,Phantom Claims,civil settlement,"The USAO and HHS-OIG settled allegations that MP Lab Solutions, LLC of Highland Heights, Ohio submitted false claims to Medicare for over-the-counter COVID-19 test kits; the company paid the $200,000 settlement in full. (Document is a quarterly collections release; other listed matters were non-health-care cases.)"
u-s-attorneys-office-seeks-potential-victims-in-case-against-columbia-missouri-doctor_f0102093677f.pdf,2026-06-03,"U.S. Attorney's Office, Eastern District of Missouri",2019-05 to 2025-04,"Jonathan Wayne Morris (physician, clinic owner)",Missouri - Boone County (Columbia),Medicare; Missouri Medicaid,,,,FakeEncounter,FakeEncounter; other,charged,"Indictment alleges the physician billed Medicare and Missouri Medicaid for clinic services falsely listing himself as the rendering provider when the services were actually performed by assistant physicians (medical school graduates requiring supervision), and caused claims for controlled substance prescriptions issued outside the usual course of professional practice, including to patients with substance use disorders and individuals with whom he had sexual relations."
union-leaders-convicted-of-racketeering-fraud-and-embezzlement-of-union-dues_4490dc3b0689.pdf,2026-06-05,"U.S. Department of Justice, Criminal Division (Violent Crime and Racketeering Section) and U.S. Attorney's Office, District of Kansas",,"Newton Jones (former President, International Brotherhood of Boilermakers); Kateryna Jones (spouse of Newton Jones, union employee); William Creeden (former Secretary Treasurer); Lawrence McManamon (former Vice President)",Kansas; North Carolina - Chapel Hill (Orange County); Missouri - Kearney; Ohio - Rocky River,Boilermakers Union health and welfare benefit plan (private employee benefit plan),,,,Ineligible beneficiary health plan benefits,Ineligible beneficiary health plan benefits; other,convicted at trial,"Union officers were convicted of RICO, embezzlement, wire fraud and health care fraud for looting Boilermakers Union dues over roughly 15 years - over $5 million in luxury foreign travel, nearly $2 million in salary/benefits for no-show jobs (including ~$1.8 million to Newton Jones's wife), over $160,000 in personal restaurant charges, unearned vacation payouts, theft from the union retirement plan, and a $7 million unauthorized union loan to the Bank of Labor where two defendants held paid positions. The health care fraud count involved unearned health benefits provided through the union plan to Kateryna Jones, charged against Newton Jones, Kateryna Jones and Creeden; figures span multiple defendants and no separate health care fraud loss amount was stated."
united-states-announces-36-5-million-settlement-of-medicare-fraud-lawsuit-against-matrix-medical-network_ac178e68c035.pdf,2026-06-03,"U.S. Attorney's Office, Southern District of New York",2014 to 2019,"Community Care Health Network, LLC d/b/a Matrix Medical Network (health services company performing in-home assessments for Medicare Advantage Organizations)",Tennessee - Nashville (headquarters); New York - New York County (Southern District of New York),"Medicare (Medicare Advantage / Part C, via Medicare Advantage Organizations and CMS)",,36500000.0,,Upcoding,Upcoding; Falsify certificate,civil settlement,"Matrix conducted nurse-practitioner in-home 'health assessments' of Medicare Advantage members (paid $350-$450 per assessment by 30+ MAOs) and reported risk-adjusting diagnosis codes - proliferative diabetic retinopathy, drug-induced and rheumatoid polyneuropathy, atrial fibrillation, rheumatoid arthritis, COPD, and simple chronic bronchitis - that lacked supporting clinical information or diagnostic testing and were not reported by any treating provider, so the MAOs received inflated risk-adjusted capitated payments from CMS; a related whistleblower FCA suit was joined and Matrix entered a five-year Corporate Integrity Agreement."
united-states-attorney-andrew-s-boutros-announces-charges-against-two-chicago-area-defendants-as-part-of-depar_f63845ad32a0.pdf,2026-06-23,"U.S. Attorney's Office, Northern District of Illinois",2024-01,"Amirali Bhimani (seller of Medicare beneficiary information); Daniel Robinson (Founder and CEO of ODA Solutions, Inc.); ODA Solutions, Inc.",Illinois - Chicago area (Naperville; Palos Park),Medicare; Illinois Medicaid,434000000.0,,,Phantom Claims,Phantom Claims; Falsify certificate; other,charged,"Two separate Chicago-area defendants charged in one announcement: Bhimani allegedly sold Medicare beneficiary information to laboratories that billed Medicare roughly $342 million (about $240 million paid) for over-the-counter Covid-19 test kits beneficiaries never requested or received, supplying labs with AI-generated fake recordings of beneficiaries purportedly consenting; Robinson allegedly directed staff at his company ODA Solutions to create fake medical records and bill Illinois Medicaid over $92 million (about $75 million paid) for behavioral health counseling never provided, including for deceased beneficiaries, then moved ~$45 million into brokerage/business accounts and spent over $7 million on real estate, vehicles, jewelry and a yacht. Figures span both defendants."
united-states-attorney-charles-c-calenda-announces-leadership-team_afdcb8a7985c.pdf,2026-03-24,"U.S. Attorney's Office, District of Rhode Island",,,,,,,,other,other,other,"Not a fraud case: this document is a personnel announcement naming the leadership team of the U.S. Attorney's Office for the District of Rhode Island. No scheme, defendant, payer, or loss amount is described."
united-states-attorney-for-the-middle-district-of-pennsylvania-reappointed-to-continue-as-the-united-states-at_99fa68c8abe7.pdf,2026-02-24,"U.S. Attorney's Office, Middle District of Pennsylvania",,,,,,,,other,other,other,"Not a fraud case: the document is an administrative announcement that Brian D. Miller was reappointed by the U.S. District Court to continue as United States Attorney for the Middle District of Pennsylvania. No fraud scheme, defendant, payer, or amount is described."
united-states-attorneys-office-collects-8-601-498-in-civil-and-criminal-actions-in-fiscal-year-2025_830a4ec1c289.pdf,2026-02-09,"U.S. Attorney's Office, Middle District of Pennsylvania",,"Eye Consultants of Pennsylvania, PC (ophthalmology practice); Florentina Mayko (chief executive officer of medical clinics)",Pennsylvania - Middle District of Pennsylvania,Medicare,,2199076.0,,FakeEncounter,FakeEncounter; Upcoding,other,"Annual collections release listing two Medicare matters: Eye Consultants of Pennsylvania, PC paid $790,000 to resolve False Claims Act allegations that it billed Medicare for Evaluation & Management services in violation of Medicare rules; and Florentina Mayko, CEO of medical clinics, conspired to defraud Medicare by billing for medically unnecessary urine drug tests on chronic opioid patients, and was ordered to pay $1,409,076.48 in restitution plus forfeiture of several properties (figures span two separate defendants)."
united-states-attorneys-office-collects-more-than-68-000-000-in-2025-based-on-fraud-waste-and-abuse_da83f191bda2.pdf,2026-03-20,"U.S. Attorney's Office, Western District of New York",,Pfizer Inc.; Biohaven (Pfizer subsidiary),,,,50000000.0,,kickback_Bribery For Referral,kickback_Bribery For Referral; other,civil settlement,"Year-end roundup announcing the Affirmative Civil Enforcement Unit recovered over $68 million in 2025, of which the principal health care matter was a False Claims Act settlement in which Pfizer, on behalf of its subsidiary Biohaven, paid more than $50 million to resolve allegations that Biohaven paid kickbacks to providers to induce them to prescribe its migraine drug Nurtec. The remaining recoveries included five Paycheck Protection Program fraud cases totaling more than $10 million and self-disclosed overpayments to federal health care programs."
united-states-attorneys-office-for-the-northern-district-of-west-virginia-hits-quarter-billion-dollar-mileston_426db1c06741.pdf,2026-01-28,"U.S. Attorney's Office, Northern District of West Virginia",,Four unnamed labor organizations (PPP loan recipients),West Virginia - Northern District of West Virginia,,,5100000.0,,other,other,civil settlement,"Aggregate annual report of the Affirmative Civil Enforcement Unit, which recovered $5,324,902 in FY2025 (over $250 million since 2003) under the False Claims Act and Controlled Substances Act; the largest single FY2025 settlement was approximately $5.1 million paid by four labor organizations alleged to have applied for and obtained COVID-19 Paycheck Protection Program loans they knew or should have known they were ineligible to receive. No specific health care fraud scheme is described."
united-states-files-civil-complaint-against-new-mexico-psychologist-alleging-improper-prescribing-of-controlle_4bf502cb7c61.pdf,2026-05-01,"U.S. Attorney's Office, District of New Mexico",2017 to 2020,"Rick Q. Wilson, aka Henry Quintero (psychologist/prescriber)",New Mexico,,,,,Unlawful prescribing of controlled substances,Unlawful prescribing of controlled substances,charged,"Civil complaint alleges a New Mexico psychologist issued more than 21,000 controlled substance prescriptions between 2017 and 2020 - high-dose benzodiazepines such as Xanax combined with other CNS depressants like Ambien - without legitimate medical purpose, using repetitive unsupported diagnoses, no individualized treatment plans or drug screening/PMP checks, while accepting primarily cash payments; the government seeks civil penalties for each unlawful prescription."
united-states-files-suit-against-naples-immunologist-for-false-and-fraudulent-claims-in-connection-with-subcut_fd02e96ac255.pdf,2026-04-30,"U.S. Attorney's Office, Middle District of Florida",,"Dr. Kevin Rosenbach (allergy and immunology physician); Kevin P. Rosenbach, M.D. P.A.",Florida - Collier County (Naples),Medicare (Part B),1900000.0,,,Falsify certificate,Falsify certificate; Upcoding,other,"The civil complaint alleges the physician changed or added a rare immunodeficiency disease diagnosis to patient records for patients who did not meet the disease definition, so that subcutaneous immune globulin therapy would be covered; specialty pharmacies dispensing the immune globulins then submitted the resulting false claims to Medicare Part B, causing over $1.9 million in losses."
united-states-obtains-3-4m-in-a-false-claims-act-judgment-against-nebraska-pharmacist_f1e84513fc26.pdf,2026-06-08,"U.S. Attorney's Office, District of Nebraska; U.S. District Court for the District of Nebraska",,"Joan Kicken (pharmacist, owner and operator); AME P.C. d/b/a Campbell Drug (pharmacy)",Nebraska - Oshkosh,Medicare; Nebraska Medicaid,,3423390.0,,Phantom Claims,Phantom Claims; Upcoding; Falsify certificate,civil settlement,"Pharmacist and her pharmacy allegedly billed Medicaid for prescription drugs that were never dispensed and for drugs lacking any valid prescription, and billed Medicare and Medicaid for higher-reimbursing name-brand medications while actually dispensing generic versions; a default judgment of $3,423,389.84 was entered under the False Claims Act after defendants failed to defend."
united-states-reaches-4-17-million-civil-settlement-and-three-year-compliance-agreement-with-west-virginia-uni_ed1136a45f76.pdf,2026-07-13,"U.S. Attorney's Office, Northern District of West Virginia (with U.S. Attorney's Office, Southern District of West Virginia)",2017 to 2024,"West Virginia United Health System, Inc., d/b/a West Virginia University Health System (WVUHS) (hospital system)",West Virginia,,,4177139.0,,Controlled Substances Act recordkeeping violations,Controlled Substances Act recordkeeping violations,civil settlement,"Following a DEA investigation, WVUHS agreed to pay $4,177,139 and enter a three-year Memorandum of Agreement to resolve civil allegations of Controlled Substances Act violations between 2017 and 2024, including failing to notify DEA of thefts or significant losses of controlled substances, errors in controlled substance orders, inaccurate inventory records, improper authority for use of DEA order forms, and noncompliant policies and procedures across registered facilities."
united-states-seizes-more-than-2-million-from-pasadena-based-advanced-wound-care-clinic-accused-of-medicare-fr_0a0504d5adec.pdf,2026-04-28,"U.S. Attorney's Office, Central District of California",2025-09 to 2026-04,Expert Wound Care PC (Pasadena-based advanced wound care clinic),California - Los Angeles County (Pasadena),Medicare,46600000.0,2039792.0,,Phantom Claims,Phantom Claims,other,"Clinic submitted more than $46.6 million in Medicare claims for skin substitute grafts, skin grafts and application procedures purportedly provided to 78 beneficiaries, receiving about $34 million; investigators found at least one beneficiary billed $2.6 million (52 graft applications, 27 December claims) never received any skin grafts or home services. The government obtained a seizure warrant for approximately $2,039,792 from the clinic's bank account."
united-states-sues-illinois-doctor-for-fraudulent-billing-in-durable-medical-equipment-scheme_2063eb57db2a.pdf,2026-04-15,"U.S. Attorney's Office, District of Massachusetts",2018-12 to 2019-04,"Dr. Alexandria Williams (physician who signed DME orders); Integrated Support Plus, Inc. (telemedicine company)",Massachusetts; Illinois,Medicare,630000.0,,,Falsify certificate,Falsify certificate; FakeEncounter; kickback_Bribery For Referral,charged,"Civil False Claims Act complaint alleges a doctor signed pre-populated orthotic brace orders generated from telemarketing calls to Medicare beneficiaries she never examined, falsely certifying she had evaluated the patients and discussed/instructed on orthotic use; she was paid per order reviewed via a staffing company connected to a telemedicine firm, and DME suppliers used the orders to bill Medicare roughly $630,000 for unnecessary braces."
utah-doctor-and-two-nurses-charged-with-health-care-fraud-after-submitting-false-claims-to-medicare-and-receiv_86139159d90a.pdf,2026-05-12,"U.S. Attorney's Office, District of Utah",2021-07 to 2025-12,"Ryan Scott Ellsworth (podiatrist, owner of Summit Foot and Ankle and Amble Medical); Emily Kelly (nurse practitioner); Drake Dell Broadbent (registered nurse); Summit Foot and Ankle; Amble Medical",Utah - Washington County (St. George); Utah - Utah County (Highland),Medicare,61000000.0,,,FakeEncounter,FakeEncounter; Falsify certificate; Copayment waiver as inducement,charged,"A podiatrist and two nurses allegedly billed Medicare for skin substitute applications on patients who lacked qualifying wounds and where the treatment was medically unnecessary, ignoring the requirement of 30 days of prior basic wound care; they routinely waived/never pursued large beneficiary copayments to keep patients coming, and Ellsworth allowed an unqualified nurse (Broadbent) to perform skin substitute services outside his scope while billing them under Ellsworth's own name and Medicare provider number. Ellsworth billed $44 million (Medicare paid over $19 million) and Kelly billed $17 million (over $10 million paid), with Medicare paying about $29 million in total."
vascular-practice-and-physician-agree-to-pay-more-than-6-73m-to-settle-false-claims-act-allegations-of-unneces_0b6d40a40768.pdf,2026-05-06,"U.S. Department of Justice, Civil Division and U.S. Attorney's Office, Central District of California",2016 to 2024,Serrano Kidney & Vascular Access Center (physician practice); Dr. Feliciano Serrano (physician),California - Los Angeles County (Huntington Park),Medicare; Medicaid (California Medi-Cal),,6730000.0,,FakeEncounter,FakeEncounter; Falsify certificate; Upcoding,civil settlement,"Dr. Serrano allegedly billed Medicare and California Medicaid for medically unnecessary dialysis access interventions (angioplasty/stents) and peripheral artery disease interventions (stents/atherectomies) on 20 beneficiaries, routinely repeating procedures every few days, weeks or months without clinical benefit; he overstated the degree of stenosis and falsely documented patient symptoms and conservative therapy in medical records to make the procedures appear justified. Settlement totals over $6.73 million: nearly $6.51 million to the United States and nearly $229,000 to California, with a qui tam relator receiving about $976,000."
veloxis-pharmaceuticals-agrees-to-pay-46-million-to-resolve-criminal-and-civil-liability-for-kickback-scheme_60375c4cf369.pdf,2026-08-10,"U.S. Attorney's Office, District of Massachusetts",2016-10 to 2023-06,"Veloxis Pharmaceuticals, Inc. (drug manufacturer)",North Carolina - Cary (company headquarters); Massachusetts (district of prosecution),Medicare; Medicaid (various state programs); TRICARE,,46040000.0,,kickback_Bribery For Referral,kickback_Bribery For Referral; Falsify certificate; other,civil settlement,"Veloxis paid transplant health care professionals lavish meals, alcohol, luxury resort stays, personal gifts and sham consulting fees, and paid specialty pharmacies per-patient/per-month fees disguised in contracts as 'enhanced services,' to induce prescriptions and purchases of its kidney transplant drug Envarsus XR, causing false claims to Medicare, Medicaid and TRICARE; employees falsified expense reports to conceal the payments and evade Open Payments (Sunshine Act) reporting. Resolution comprised a $10.04M criminal penalty under a three-year DPA, $34.45M False Claims Act civil settlement ($21,211,251 federal / $13,238,749 states) and a $1.55M CMS civil penalty."
veloxis-pharmaceuticals-agrees-to-pay-over-46m-to-resolve-criminal-and-civil-liability-for-kickback-schemes_3db1a04c29b4.pdf,2026-08-10,"U.S. Department of Justice, Civil Division and U.S. Attorney's Office, District of Massachusetts",2016-10 to 2023-06,Veloxis Pharmaceuticals Inc. (drug manufacturer),North Carolina - Cary; Massachusetts,Medicare; Medicaid (state Medicaid programs); TRICARE,,46000000.0,,kickback_Bribery For Referral,kickback_Bribery For Referral; Falsify certificate; other,civil settlement,"Veloxis, the maker of the kidney transplant immunosuppressant Envarsus XR, paid kickbacks to transplant health care providers (lavish dinners, alcohol, gifts, luxury resort trips styled as 'advisory boards', and sham consulting fees for work never performed) and per-patient/per-month payments to specialty pharmacies disguised in contracts as 'enhanced services' data/adherence fees, to induce prescriptions and purchases over a cheaper generic; the resulting Envarsus claims were billed to Medicare, Medicaid and TRICARE, and employees falsified expense reports to hide attendees and conceal payments, causing underreporting to CMS's Open Payments (Sunshine Act) program. Resolution: deferred prosecution agreement with a criminal penalty over $10 million, $21,211,251 to the United States and $13,238,749 to states under the False Claims Act, and a $1.55 million Sunshine Act civil penalty, plus a five-year Corporate Integrity Agreement."
vermilion-county-business-owner-sentenced-to-jail-for-tax-fraud_cac8484a1d27.pdf,2026-03-31,"U.S. Attorney's Office, Central District of Illinois",2013 to 2020,"Howard Keith Wilson (sole owner, Wilson's Body Shop)",Illinois - Vermilion County (Danville),,857023.0,614411.0,2,other,other,sentenced,"Wilson, sole owner of a collision repair shop, withheld federal employment taxes (including Social Security and Medicare withholdings) from employees' pay via Forms W-2 from 2013 through 2020 but never remitted them or the employer's share to the IRS ($351,152 loss), and failed to file personal income tax returns for 2018-2020 despite substantial income ($505,871 additional loss). No health care payer was billed; the case is tax fraud."
victim-advisory-divine-youth-case-updates_a85cbe4ebc41.pdf,2026-03-11,"U.S. Attorney's Office, Eastern District of Virginia",2022-01 to 2025-10,"Divine Youth Counseling, LLC (mental health agency); E'mon Ambers; Armone' Ambers; TraQuan Brown; T'Aisya Squire",Virginia - Richmond,Medicaid,11000000.0,,,Phantom Claims,Phantom Claims; kickback_Bribery For Referral; Upcoding; other,charged,"Divine Youth Counseling billed Medicaid more than $11 million for Crisis Stabilization and Mobile Crisis mental health services, falsely claiming two mental health professionals simultaneously provided 'Team Treatment' when at most one was present; the coconspirators also paid over $470,000 in kickbacks by buying hotel rooms for Medicaid recipients to induce them to obtain services from the agency, with proceeds laundered through monetary transactions. Charges cover four defendants; three await a May 2026 jury trial and one (Squire, false statements) is set to plead guilty."
warren-county-physician-and-nurse-practitioner-pay-500-000-to-resolve-unlawful-opioid-prescribing-and-fraudule_ec2a8f9a2db6.pdf,2026-06-23,"U.S. Attorney's Office, Northern District of New York",,"Dr. Douglas Cline (physician, owner/operator of Chronic Pain Management); Laurie McKenna (nurse practitioner)",New York - Warren County (Queensbury; Bolton Landing),TRICARE,,500000.0,,FakeEncounter,FakeEncounter; other; Fraudulent conveyance of assets,civil settlement,"Cline ran a cash-pay pain practice (Chronic Pain Management) in Queensbury, NY where hundreds of patients, including a combat-wounded TRICARE beneficiary and his spouse, received escalating high-dose opioid and benzodiazepine prescriptions tied to recurring appointment fees, often without being examined in person by any provider; after the federal investigation began Cline transferred a lake house worth over $1 million to his ex-wife, prompting a separate fraudulent conveyance action. The two defendants jointly agreed to pay $500,000 and are barred from DEA registration for 20 years."
watertown-pharmaceutical-company-to-pay-nearly-4-7-million-to-resolve-false-claims-act-allegations_76d83011d251.pdf,2026-07-17,"U.S. Attorney's Office, District of Massachusetts",2019-01 to 2023-03,"EyePoint, Inc., formerly EyePoint Pharmaceuticals, Inc. (pharmaceutical manufacturer)",Massachusetts - Watertown (Middlesex County),Medicare; Medicaid; TRICARE,,4704459.0,,kickback_Bribery For Referral,kickback_Bribery For Referral,civil settlement,"EyePoint allegedly induced ambulatory surgery centers to purchase and dispense its drug DEXYCU by (1) an 'Assurance Program' that reimbursed ASCs in cash or free replacement product when federal insurers denied coverage, and (2) giving thousands of free DEXYCU samples used on commercially insured patients whose insurers would not pay, eliminating ASCs' financial risk and driving DEXYCU claims billed to Medicare, Medicaid and TRICARE; resolved for $4,678,981 federal plus $25,478 to participating states, with a five-year Corporate Integrity Agreement and $791,768.74 to the qui tam relator."
waukesha-medical-equipment-company-agrees-to-pay-nearly-7-million-to-resolve-allegations-of-false-billings-to-_5f42db0cafac.pdf,2026-03-05,"U.S. Attorney's Office, Eastern District of Wisconsin",2019 to 2024,"Kinex Medical Company, LLC (durable medical equipment supplier)",Wisconsin - Waukesha County (Waukesha),Medicare; TRICARE; Federal Employees Health Benefits Program (FEHBP); Office of Workers Compensation Programs (U.S. Department of Labor),,6925000.0,,FakeEncounter,FakeEncounter; kickback_Bribery For Referral,civil settlement,"Kinex allegedly supplied knee, shoulder and hip braces that patients did not need and billed Medicare, TRICARE, FEHBP and OWCP as if medically necessary, inducing patients to accept the braces by waiving co-pays and giving free additional equipment; resolved via a $6.925 million False Claims Act settlement and a Corporate Integrity Agreement following a qui tam complaint."
western-district-of-missouri-recognizes-world-elder-abuse-awareness-day_b8aacefb06d2.pdf,2026-06-15,"U.S. Attorney's Office, Western District of Missouri",2019-01 to 2025-02,Syed Makki (government imposter wire fraud conspiracy participant/gold bar courier); Amanda Rutherford (purported caregiver); Peter A. Lee (attorney),Missouri - Jackson County (Kansas City); Missouri - Clay County; Missouri - Cedar County (Stockton); Kansas - Geary County (Junction City),,296140.0,,186,Elder financial exploitation,Elder financial exploitation; other,other,"General World Elder Abuse Awareness Day announcement summarizing several unrelated elder-fraud prosecutions rather than a health care billing scheme: Syed Makki was sentenced to 15.5 years for a government-imposter wire fraud conspiracy collecting gold bars from elderly victims; Amanda Rutherford got 6 years for stealing firearms and collector coins from an elderly couple she claimed to care for; attorney Peter A. Lee pleaded guilty to wire fraud after taking $296,140 in client funds from decedent estates and a special needs trust between January 2019 and February 2025; the office also seized $1.2 million in digital currency and over $325,000 in cryptocurrency tied to online investment scams targeting older victims."
western-district-of-oklahoma-cases-filed-as-part-of-national-health-care-fraud-takedown_61f4c8ffed1b.pdf,2026-06-23,"U.S. Attorney's Office, Western District of Oklahoma",2018-01 to 2024-12,"Stewart Johnson (operator, Combined Home Medical Equipment); Stephen Johnson (operator, Combined Home Medical Equipment); Combined Home Medical Equipment (durable medical equipment company); Judy Dennis (licensed speech-language pathologist)",Oklahoma - Comanche County (Lawton); Oklahoma - Oklahoma County (Oklahoma City),TRICARE; Medicare; Oklahoma Medicaid,29500000.0,,,Phantom Claims,Phantom Claims; FakeEncounter; Money laundering of proceeds,charged,"Two separate matters announced together: the Johnsons, who ran DME company Combined Home Medical Equipment supplying CPAP machines, allegedly submitted claims to TRICARE for more than 650,000 in-person CPAP-related services that were never provided and that they were not qualified to provide, collecting over $27 million (2018-2024); separately, speech-language pathologist Judy Dennis was sued civilly under the federal and Oklahoma False Claims Acts for more than $2.5 million in claims to Medicare, Oklahoma Medicaid and TRICARE for speech-language pathology services not rendered, not medically necessary, or non-compliant with program requirements. FraudAmt combines both matters."
westfield-woman-pleads-guilty-to-defrauding-elderly-victim-of-more-than-500-000_4b922660cd5d.pdf,2026-07-14,"U.S. Attorney's Office, Southern District of Indiana",,Shayna Williams (individual),Indiana - Hamilton County (Westfield); Indiana - Marion County (Indianapolis),,672086.0,,,Elder financial fraud (fabricated medical expenses),Elder financial fraud (fabricated medical expenses); Falsify certificate,pleaded guilty,"After a car accident, Williams spent six years lying to the elderly victim and the victim's friend about fabricated injuries, surgeries, medical equipment (walker, in-home elevator) and medical bills allegedly caused by the crash, and impersonated insurance agents via disguised-number text messages promising reimbursement, inducing the victim to pay more than $500,000 (total intended loss $672,086) which Williams spent on restaurants, travel and gambling."
wmata-train-operator-sentenced-in-four-year-scheme-to-defraud-aflac-insurance-of-more-than-360-000_424b7ee50f0f.pdf,2026-08-04,"U.S. Attorney's Office, District of Columbia",,"Michelle Shropshire (WMATA train operator, scheme organizer); Harlisha Jones (codefendant, WMATA employee); six other WMATA employees",District of Columbia - Washington,AFLAC,362035.0,442555.0,24,Phantom Claims,Phantom Claims; Falsify certificate; kickback_Bribery For Referral,sentenced,"Over about four years, a WMATA train operator prepared and submitted fraudulent disability and health care claims to AFLAC for herself and numerous WMATA coworkers for injuries never suffered, fabricating medical records and forging real doctors' signatures while the claimants kept working and drawing WMATA paychecks; each co-conspirator paid her roughly 20 percent of the fraudulent payout. Figures cover the lead defendant, who caused at least $362,035.14 in losses and personally profited $80,520.36; a codefendant and six other employees also pleaded guilty."
wmata-train-operators-plead-guilty-in-health-care-fraud-scheme_2c107e1ad202.pdf,2026-01-23,"U.S. Attorney's Office, District of Columbia",2021-06 to 2024-01,"Michelle Shropshire (WMATA train operator, scheme organizer); Harlisha Jones (WMATA train operator); five other former WMATA employees (previously pleaded guilty)",District of Columbia (Washington); Maryland,American Family Life Assurance Company of Columbus (AFLAC),362035.0,,24,Phantom Claims,Phantom Claims; Falsify certificate; kickback_Bribery For Referral,pleaded guilty,"Two WMATA train operators used Jones's AFLAC health and short-term disability policies to submit claims for injuries, treatments and disability periods that never occurred, supporting them with forged medical excuse notes and physician's statements bearing real doctors' names and forged signatures; AFLAC paid Jones about $58,750 and she kicked back roughly 20% to Shropshire, who ran the same scheme with five other WMATA employees for at least $362,035 in total payouts. Shropshire was later sentenced to 24 months in prison per an associated release."
woman-pleads-guilty-to-nearly-1-million-hearing-aid-fraud-scheme_2475fabc1fc5.pdf,2026-06-25,"U.S. Attorney's Office, Southern District of California",,Julianna C. Lung (marketer/seller of hearing devices),California - San Diego County (San Diego),Federal Employees Health Benefits (FEHB) program health plans,962500.0,,,Falsify certificate,Falsify certificate; FakeEncounter,pleaded guilty,"Lung sold hearing protection devices to Border Patrol agents, other federal employees and their families, telling buyers the devices were for hearing protection rather than treatment, then submitted approximately 385 claims to FEHB plans falsely representing that the beneficiaries had hearing loss or tinnitus requiring medically necessary hearing aids; plans paid about $2,500 per device, totaling roughly $962,500."
woman-who-posed-as-licensed-registered-nurse-sentenced-to-75-months-in-prison_50fbb72bb593.pdf,2026-01-27,"U.S. Attorney's Office, Western District of Michigan",2022-08 to 2023-05,Leticia Gallarzo (posed as licensed registered nurse; nursing home unit manager),"Michigan - Western District of Michigan (formerly of Wayland, Michigan)",,,,75,Falsify certificate,Falsify certificate; other,sentenced,"Gallarzo created a fake nursing license, diploma and identification documents and assumed the identity of a real Michigan-licensed registered nurse to obtain employment at a nursing home through Indeed.com, where she performed patient assessments, administered medications, started IV lines and was promoted to unit manager supervising other clinicians; after pleading guilty she fled and again fraudulently obtained work as a physician assistant and RN in Illinois and California."
worcester-pharmacy-agrees-to-pay-750-000-to-resolve-false-claims-act-allegations_6b8e821614fc.pdf,2026-01-22,"U.S. Attorney's Office, District of Massachusetts",2016-01 to 2023-01,Trang Pharmacy (Worcester-based pharmacy),Massachusetts - Worcester County (Worcester),Medicare (Part D),,750000.0,,Phantom Claims,Phantom Claims,civil settlement,"Trang Pharmacy submitted Medicare Part D claims for dispensing medications it could not prove it had ever purchased, i.e., it lacked the inventory to have dispensed the drugs billed to beneficiaries; it agreed to pay $750,000 to resolve the False Claims Act allegations."
yadkinville-woman-sentenced-in-connection-with-multi-million-dollar-medicaid-fraud-scheme_8f83817d3a43.pdf,2026-01-29,"U.S. Attorney's Office, Middle District of North Carolina",2018 to 2024-01,Kathy Briggs (co-owner); Neveah & Company d/b/a Restorative Medical,North Carolina - Forsyth County (Winston-Salem); North Carolina - Yadkin County (Yadkinville),Medicaid (North Carolina),2400000.0,2483855.0,24,Phantom Claims,Phantom Claims,sentenced,"Briggs's durable medical equipment company, which supplied incontinence products to about 50 assisted living facilities, billed Medicaid each month for the maximum reimbursable quantity of adult diapers per beneficiary (e.g., 200) regardless of how many were actually delivered, since employees only restocked shelves to that level; Medicaid paid about $2.4 million for undelivered product."
year-in-review-u-s-attorneys-office-in-chicago-cracked-down-on-crime-while-implementing-significant-new-polici_c2afca83a606.pdf,2026-01-08,"U.S. Attorney's Office, Northern District of Illinois",,Shawn Bashir (created fictitious therapy companies); Clarence W. Brown III (Chicago chiropractor); Walgreens (pharmacy chain); 13 unnamed defendants charged in the Northern District of Illinois as part of the national health care fraud takedown,Illinois - Cook County (Chicago),Medicare; HHS Health Resources and Services Administration (HRSA); unnamed private insurers,1830000000.0,350000000.0,72,Phantom Claims,Phantom Claims; Falsify certificate; other,other,"Year-in-review summary of the district's healthcare fraud docket: 13 defendants charged in the national takedown allegedly billed over $1.83 billion to HRSA, Medicare and private insurers (over $865 million paid); Shawn Bashir allegedly set up fictitious therapy companies to submit more than $17.3 million in false claims to a private insurer; chiropractor Clarence W. Brown III billed a private insurer over $2 million for nonexistent services and was sentenced to nearly six years; and Walgreens agreed to pay up to $350 million to resolve False Claims Act allegations that it filled invalid opioid prescriptions and billed Medicare and other federal programs for them.  Figures span multiple defendants."
zynex-inc-agrees-to-criminal-resolution-addressing-claims-of-millions-of-dollars-of-health-care-fraud-securiti_f32b86b8c3fb.pdf,2026-02-17,"U.S. Attorney's Office, District of Rhode Island",,"Zynex, Inc. (Colorado-based medical device company); Thomas Sandgaard (former CEO); Anna Lucsok (former Chief Operating Officer)",Colorado; Rhode Island (prosecuting district),"TRICARE; other government health care payors (VA, federal employee programs); private health insurers; patients",873000000.0,12500000.0,,FakeEncounter,FakeEncounter; Phantom Claims; other,other,"Zynex admitted, in a non-prosecution agreement, to submitting excessive and improper claims to TRICARE, other government and private payors, and patients for electrotherapy devices and supplies, shipping and billing for medically unnecessary quantities of supplies (as many as 32, 64 or 128 electrode pairs per patient per month), collecting more than $873 million (including over $600 million for supplies) largely through fraudulent billing, and concealing from investors that revenue was driven by that billing; the company will pay $5-$12.5 million and forfeit unpaid claims including over $85 million billed to TRICARE during a payment suspension and over $13 million billed to other payors/patients, while its former CEO and COO were separately indicted."
